measure,location,sex,age,cause,metric,year,val,upper,lower
DALYs (Disability-Adjusted Life Years),Central African Republic,Both,Age-standardized,All causes,Rate,1990,111960.05483437599,122292.28091094222,101786.05225063313
DALYs (Disability-Adjusted Life Years),Myanmar,Both,Age-standardized,All causes,Rate,1990,79486.89516639439,89721.7858118834,69806.16526749526
DALYs (Disability-Adjusted Life Years),Chile,Both,Age-standardized,All causes,Rate,1990,32096.184898227642,35216.79660366171,29270.052067054286
DALYs (Disability-Adjusted Life Years),Grenada,Both,Age-standardized,All causes,Rate,1991,37123.79688609202,40722.689158905065,33626.640268913485
DALYs (Disability-Adjusted Life Years),Dominica,Both,Age-standardized,All causes,Rate,1990,33518.59467020113,37200.03476322232,30804.26363152391
DALYs (Disability-Adjusted Life Years),Lesotho,Both,Age-standardized,All causes,Rate,1990,60562.74582862744,67008.01690472887,54784.412035028006
DALYs (Disability-Adjusted Life Years),Samoa,Both,Age-standardized,All causes,Rate,1990,41235.46672597689,46387.93719484038,36486.616479841534
DALYs (Disability-Adjusted Life Years),Ecuador,Both,Age-standardized,All causes,Rate,1990,36472.46105494988,39560.49459427264,33577.28231223881
DALYs (Disability-Adjusted Life Years),Rwanda,Both,Age-standardized,All causes,Rate,1992,102887.31883446618,111553.90778094572,95498.51215835162
DALYs (Disability-Adjusted Life Years),Madagascar,Both,Age-standardized,All causes,Rate,1990,77771.9934304986,83885.6574786262,72294.52073584525
DALYs (Disability-Adjusted Life Years),Gambia,Both,Age-standardized,All causes,Rate,1990,67863.0460191891,75398.11901852749,60670.81164125988
DALYs (Disability-Adjusted Life Years),Bermuda,Both,Age-standardized,All causes,Rate,1990,30301.742426516365,33258.29165360044,27647.55445485323
DALYs (Disability-Adjusted Life Years),Togo,Both,Age-standardized,All causes,Rate,1990,72215.80604709113,79209.2176250133,66362.34807659003
DALYs (Disability-Adjusted Life Years),Saint Kitts and Nevis,Both,Age-standardized,All causes,Rate,1990,44073.50994468697,47978.782226084084,40869.8593073104
DALYs (Disability-Adjusted Life Years),Philippines,Both,Age-standardized,All causes,Rate,1990,43485.84123700996,47417.51107599662,40185.99556486385
DALYs (Disability-Adjusted Life Years),Equatorial Guinea,Both,Age-standardized,All causes,Rate,1991,94692.770915464,107739.52431101735,82694.3694358628
DALYs (Disability-Adjusted Life Years),Mauritius,Both,Age-standardized,All causes,Rate,1991,36184.04750115863,39331.52959629631,33481.81891205417
DALYs (Disability-Adjusted Life Years),Bangladesh,Both,Age-standardized,All causes,Rate,1992,64338.06785186028,68901.28408949212,60014.97327766192
DALYs (Disability-Adjusted Life Years),Uruguay,Both,Age-standardized,All causes,Rate,1990,32163.292866242173,35228.04292148758,29466.172011320225
DALYs (Disability-Adjusted Life Years),Italy,Both,Age-standardized,All causes,Rate,1990,26023.290127860564,29432.898810215425,23157.709104641795
DALYs (Disability-Adjusted Life Years),South Africa,Both,Age-standardized,All causes,Rate,1991,54232.50822718652,58158.398152149806,50733.10586885244
DALYs (Disability-Adjusted Life Years),Eswatini,Both,Age-standardized,All causes,Rate,1991,60936.17038140439,67148.11517795216,54433.241171838454
DALYs (Disability-Adjusted Life Years),Congo,Both,Age-standardized,All causes,Rate,1990,82812.25124569771,90796.90811074119,74859.69538854768
DALYs (Disability-Adjusted Life Years),Peru,Both,Age-standardized,All causes,Rate,1990,43203.683216679165,47165.685651150634,39460.029613361155
DALYs (Disability-Adjusted Life Years),Bangladesh,Both,Age-standardized,All causes,Rate,1991,73124.722107692,77616.32389246405,68631.04491087669
DALYs (Disability-Adjusted Life Years),Democratic People's Republic of Korea,Both,Age-standardized,All causes,Rate,1992,36980.317221710015,43843.688382066815,30646.693338183766
DALYs (Disability-Adjusted Life Years),Solomon Islands,Both,Age-standardized,All causes,Rate,1990,59384.1129197866,69605.62953718942,50942.20979582747
DALYs (Disability-Adjusted Life Years),Albania,Both,Age-standardized,All causes,Rate,1992,32943.21262841235,36086.237250820304,30108.347698322385
DALYs (Disability-Adjusted Life Years),Sri Lanka,Both,Age-standardized,All causes,Rate,1991,37621.949690587884,40933.231185295066,34822.018604584126
DALYs (Disability-Adjusted Life Years),Lebanon,Both,Age-standardized,All causes,Rate,1990,41332.799204154275,46700.901933976966,36520.493322107424
DALYs (Disability-Adjusted Life Years),Democratic Republic of the Congo,Both,Age-standardized,All causes,Rate,1991,86508.64885178198,94760.5852339697,79773.04010995808
DALYs (Disability-Adjusted Life Years),Timor-Leste,Both,Age-standardized,All causes,Rate,1992,65115.94040099663,71099.55492911028,59937.840938320216
DALYs (Disability-Adjusted Life Years),Zimbabwe,Both,Age-standardized,All causes,Rate,1992,68461.24647510372,81500.48391490578,58787.9465074075
DALYs (Disability-Adjusted Life Years),Republic of Korea,Both,Age-standardized,All causes,Rate,1993,30569.72595114674,33510.1192560906,28114.595145273324
DALYs (Disability-Adjusted Life Years),Afghanistan,Both,Age-standardized,All causes,Rate,1991,92570.77052444019,103649.02243263368,81424.02893198264
DALYs (Disability-Adjusted Life Years),France,Both,Age-standardized,All causes,Rate,1993,25419.116375882877,28782.212394378326,22641.15731662064
DALYs (Disability-Adjusted Life Years),Romania,Both,Age-standardized,All causes,Rate,1990,39325.03366100623,42650.47989303034,36558.17050293661
DALYs (Disability-Adjusted Life Years),Liberia,Both,Age-standardized,All causes,Rate,1992,106766.53629266066,115783.19562566937,98112.62969813334
DALYs (Disability-Adjusted Life Years),Gabon,Both,Age-standardized,All causes,Rate,1992,63369.60168962821,70657.51156309553,56086.97103605068
DALYs (Disability-Adjusted Life Years),Guinea,Both,Age-standardized,All causes,Rate,1991,89985.73519176827,97190.70883141414,82782.13332833082
DALYs (Disability-Adjusted Life Years),Tajikistan,Both,Age-standardized,All causes,Rate,1990,48040.40782451077,52178.02648578259,44565.05432840416
DALYs (Disability-Adjusted Life Years),San Marino,Both,Age-standardized,All causes,Rate,1990,22280.653107599202,25573.127179462153,19409.022165605376
DALYs (Disability-Adjusted Life Years),Malawi,Both,Age-standardized,All causes,Rate,1990,102064.72970444949,109250.44684101587,95636.0433045957
DALYs (Disability-Adjusted Life Years),Austria,Both,Age-standardized,All causes,Rate,1990,27328.42990468692,30566.47055019261,24546.04061498547
DALYs (Disability-Adjusted Life Years),Libya,Both,Age-standardized,All causes,Rate,1990,34953.88296575193,39430.6597983123,31032.910456652462
DALYs (Disability-Adjusted Life Years),Cyprus,Both,Age-standardized,All causes,Rate,1991,31933.809251654977,35247.3366410301,29199.733604630583
DALYs (Disability-Adjusted Life Years),Ghana,Both,Age-standardized,All causes,Rate,1990,67534.51844454174,74301.13222203903,60570.25343701696
DALYs (Disability-Adjusted Life Years),Denmark,Both,Age-standardized,All causes,Rate,1992,27904.01781613539,31122.09528429742,25163.929004015394
DALYs (Disability-Adjusted Life Years),Mozambique,Both,Age-standardized,All causes,Rate,1991,95206.10713053415,102702.82386336483,88553.445186476
DALYs (Disability-Adjusted Life Years),Paraguay,Both,Age-standardized,All causes,Rate,1991,30131.981725684553,34219.73935340873,26553.02419594715
DALYs (Disability-Adjusted Life Years),United States Virgin Islands,Both,Age-standardized,All causes,Rate,1992,32874.605687823976,36695.40307830041,29447.334776967728
DALYs (Disability-Adjusted Life Years),Canada,Both,Age-standardized,All causes,Rate,1991,24727.12616453202,27824.077289338456,22080.004544373605
DALYs (Disability-Adjusted Life Years),Grenada,Both,Age-standardized,All causes,Rate,1990,37930.32918234887,41626.80994057731,34166.26876712272
DALYs (Disability-Adjusted Life Years),Bulgaria,Both,Age-standardized,All causes,Rate,1993,39003.05220122601,42256.96986206469,36313.65616506962
DALYs (Disability-Adjusted Life Years),Finland,Both,Age-standardized,All causes,Rate,1992,27118.321360099824,30403.54791966855,24357.799370267265
DALYs (Disability-Adjusted Life Years),Serbia,Both,Age-standardized,All causes,Rate,1991,40252.41324941738,44217.94172806271,36666.43882149921
DALYs (Disability-Adjusted Life Years),Guinea-Bissau,Both,Age-standardized,All causes,Rate,1991,101603.35289489204,113792.67505265966,90849.843714573
DALYs (Disability-Adjusted Life Years),Taiwan (Province of China),Both,Age-standardized,All causes,Rate,1992,26692.092527056288,29407.496655458137,24433.563014434894
DALYs (Disability-Adjusted Life Years),Cook Islands,Both,Age-standardized,All causes,Rate,1990,40033.895519135156,44633.228376499865,36275.848911807814
DALYs (Disability-Adjusted Life Years),Oman,Both,Age-standardized,All causes,Rate,1992,39031.32601110986,45450.901699049915,33270.93892439255
DALYs (Disability-Adjusted Life Years),Brazil,Both,Age-standardized,All causes,Rate,1990,43050.02025299841,46680.825349442675,39834.68289022464
DALYs (Disability-Adjusted Life Years),Greenland,Both,Age-standardized,All causes,Rate,1990,51350.02464844007,55751.867911192574,47593.64435871208
DALYs (Disability-Adjusted Life Years),Turkmenistan,Both,Age-standardized,All causes,Rate,1990,47895.05185987168,51763.48943794653,44674.50540043755
DALYs (Disability-Adjusted Life Years),Saint Vincent and the Grenadines,Both,Age-standardized,All causes,Rate,1993,38210.49850382949,41876.9444332086,35048.08740236513
DALYs (Disability-Adjusted Life Years),Armenia,Both,Age-standardized,All causes,Rate,1993,40526.033542197016,43987.8476794352,37686.64433655256
DALYs (Disability-Adjusted Life Years),Tonga,Both,Age-standardized,All causes,Rate,1991,35307.71453049083,39322.353974636295,31626.489625631802
DALYs (Disability-Adjusted Life Years),Netherlands,Both,Age-standardized,All causes,Rate,1991,24623.830162881583,27559.06501029921,22034.401594652976
DALYs (Disability-Adjusted Life Years),Haiti,Both,Age-standardized,All causes,Rate,1992,84401.68714234554,92532.87244448908,76703.8301513291
DALYs (Disability-Adjusted Life Years),Timor-Leste,Both,Age-standardized,All causes,Rate,1991,67340.82633562094,73706.4798573789,61580.85095933315
DALYs (Disability-Adjusted Life Years),Sri Lanka,Both,Age-standardized,All causes,Rate,1990,39138.35780081036,42699.51204900831,36003.45540103585
DALYs (Disability-Adjusted Life Years),Slovenia,Both,Age-standardized,All causes,Rate,1992,30019.040823559935,33230.05856490509,27281.34384643833
DALYs (Disability-Adjusted Life Years),United States of America,Both,Age-standardized,All causes,Rate,1992,28627.819779289388,32038.159300442425,25755.953523300235
DALYs (Disability-Adjusted Life Years),Viet Nam,Both,Age-standardized,All causes,Rate,1992,38178.837859214655,43447.715105148796,34133.749656519045
DALYs (Disability-Adjusted Life Years),Guinea,Both,Age-standardized,All causes,Rate,1990,92067.53402468584,99689.54668323562,84345.36955446466
DALYs (Disability-Adjusted Life Years),Paraguay,Both,Age-standardized,All causes,Rate,1990,31026.60295281346,35236.6079771595,27659.086666765987
DALYs (Disability-Adjusted Life Years),Antigua and Barbuda,Both,Age-standardized,All causes,Rate,1993,31722.43344566662,35256.82987453588,28892.946767634003
DALYs (Disability-Adjusted Life Years),Uzbekistan,Both,Age-standardized,All causes,Rate,1991,40988.59449631191,44379.259877829514,38042.175839479256
DALYs (Disability-Adjusted Life Years),Tonga,Both,Age-standardized,All causes,Rate,1990,35720.422298506644,39886.32648866557,31952.61648870773
DALYs (Disability-Adjusted Life Years),Ukraine,Both,Age-standardized,All causes,Rate,1990,37445.402664702495,40795.68443667831,34535.827265677355
DALYs (Disability-Adjusted Life Years),Saint Lucia,Both,Age-standardized,All causes,Rate,1993,38075.25666829196,41441.856238454384,35001.664898639676
DALYs (Disability-Adjusted Life Years),Colombia,Both,Age-standardized,All causes,Rate,1991,38003.41900373235,41235.651428382305,35017.98091837733
DALYs (Disability-Adjusted Life Years),Democratic People's Republic of Korea,Both,Age-standardized,All causes,Rate,1991,37065.70900837132,44291.03068030271,30575.770332437598
DALYs (Disability-Adjusted Life Years),China,Both,Age-standardized,All causes,Rate,1991,42587.1935650657,46129.85105721147,39218.27795425153
DALYs (Disability-Adjusted Life Years),Costa Rica,Both,Age-standardized,All causes,Rate,1992,26490.279527348033,29600.953180820456,23870.461650671197
DALYs (Disability-Adjusted Life Years),Palestine,Both,Age-standardized,All causes,Rate,1991,40681.73604394232,45987.483701047735,35827.644078125544
DALYs (Disability-Adjusted Life Years),Netherlands,Both,Age-standardized,All causes,Rate,1990,24856.02320358198,27799.560317351414,22277.311000406335
DALYs (Disability-Adjusted Life Years),Luxembourg,Both,Age-standardized,All causes,Rate,1990,28382.07729185817,31909.3821301098,25651.1741841342
DALYs (Disability-Adjusted Life Years),Dominican Republic,Both,Age-standardized,All causes,Rate,1990,39322.043455650164,43692.76458257474,35649.20236965209
DALYs (Disability-Adjusted Life Years),Uzbekistan,Both,Age-standardized,All causes,Rate,1990,40581.457419365164,44247.942681173794,37514.868653638034
DALYs (Disability-Adjusted Life Years),Serbia,Both,Age-standardized,All causes,Rate,1990,38258.48613616635,41411.575185191796,35650.7063235191
DALYs (Disability-Adjusted Life Years),Norway,Both,Age-standardized,All causes,Rate,1992,25222.204479059572,28508.628213676137,22409.75034883459
DALYs (Disability-Adjusted Life Years),Mali,Both,Age-standardized,All causes,Rate,1992,96651.4725732239,103293.90357192671,90537.0732955972
DALYs (Disability-Adjusted Life Years),Guatemala,Both,Age-standardized,All causes,Rate,1993,59035.80891287547,62684.99355462891,55613.394288837895
DALYs (Disability-Adjusted Life Years),Spain,Both,Age-standardized,All causes,Rate,1992,25158.463715802427,28411.74160789241,22456.55424041854
DALYs (Disability-Adjusted Life Years),Taiwan (Province of China),Both,Age-standardized,All causes,Rate,1991,26943.394954885953,29611.611544176096,24665.459949872395
DALYs (Disability-Adjusted Life Years),Cyprus,Both,Age-standardized,All causes,Rate,1990,31966.542091483258,35310.40701883641,29211.65294780612
DALYs (Disability-Adjusted Life Years),Liberia,Both,Age-standardized,All causes,Rate,1991,112188.85821617319,121789.7028470428,102784.76776254353
DALYs (Disability-Adjusted Life Years),France,Both,Age-standardized,All causes,Rate,1992,25678.55439134214,29014.636270835297,22921.0457156935
DALYs (Disability-Adjusted Life Years),Guyana,Both,Age-standardized,All causes,Rate,1991,53572.40169993322,58121.243559266644,49190.091843960545
DALYs (Disability-Adjusted Life Years),Croatia,Both,Age-standardized,All causes,Rate,1993,32808.48955667766,35876.83828905011,30149.621332937986
DALYs (Disability-Adjusted Life Years),Guam,Both,Age-standardized,All causes,Rate,1991,29544.091840684338,32616.868752560473,27104.21010978461
DALYs (Disability-Adjusted Life Years),Republic of Korea,Both,Age-standardized,All causes,Rate,1992,31380.76460552195,34339.308660115545,28933.38524701724
DALYs (Disability-Adjusted Life Years),El Salvador,Both,Age-standardized,All causes,Rate,1992,41321.918928777784,45120.51087342987,38049.71146130912
DALYs (Disability-Adjusted Life Years),Spain,Both,Age-standardized,All causes,Rate,1993,24759.91007360638,28000.04132941526,22089.97753036012
DALYs (Disability-Adjusted Life Years),Singapore,Both,Age-standardized,All causes,Rate,1993,24083.865319916888,26852.891483010026,21758.255288120017
DALYs (Disability-Adjusted Life Years),Albania,Both,Age-standardized,All causes,Rate,1991,33987.567401641674,37261.331415957546,31284.157301939784
DALYs (Disability-Adjusted Life Years),Canada,Both,Age-standardized,All causes,Rate,1990,25057.6445557001,28153.41548921324,22438.546703084543
DALYs (Disability-Adjusted Life Years),Tuvalu,Both,Age-standardized,All causes,Rate,1991,61949.67909502782,68513.07629881879,55548.28168991457
DALYs (Disability-Adjusted Life Years),Namibia,Both,Age-standardized,All causes,Rate,1990,57974.260748442444,63852.39107514189,52792.94706961335
DALYs (Disability-Adjusted Life Years),Gabon,Both,Age-standardized,All causes,Rate,1991,64001.90942088083,71146.58892840293,56765.93865203636
DALYs (Disability-Adjusted Life Years),Poland,Both,Age-standardized,All causes,Rate,1990,35793.5477228006,39112.814757431894,32969.33941084589
DALYs (Disability-Adjusted Life Years),Morocco,Both,Age-standardized,All causes,Rate,1991,46524.576235652865,51280.97012024333,42126.20016779313
DALYs (Disability-Adjusted Life Years),Colombia,Both,Age-standardized,All causes,Rate,1990,37202.07988688636,40588.704605785446,34278.66539330822
DALYs (Disability-Adjusted Life Years),Zimbabwe,Both,Age-standardized,All causes,Rate,1991,63337.318367305095,73871.83139946689,55213.43918986354
DALYs (Disability-Adjusted Life Years),Bahamas,Both,Age-standardized,All causes,Rate,1992,36375.68956354143,39935.0424091508,33228.27258985505
DALYs (Disability-Adjusted Life Years),Syrian Arab Republic,Both,Age-standardized,All causes,Rate,1993,40198.96750370007,45217.54954703251,35791.941481784015
DALYs (Disability-Adjusted Life Years),Bosnia and Herzegovina,Both,Age-standardized,All causes,Rate,1992,42383.11994539509,46041.80864000566,38814.57112730409
DALYs (Disability-Adjusted Life Years),India,Both,Age-standardized,All causes,Rate,1992,62725.00972670687,67292.48715840076,58819.509379692514
DALYs (Disability-Adjusted Life Years),Belarus,Both,Age-standardized,All causes,Rate,1993,39379.85419868322,42602.0805606126,36720.58820255154
DALYs (Disability-Adjusted Life Years),Guyana,Both,Age-standardized,All causes,Rate,1990,55292.01037916473,60383.05219168283,50660.54513309282
DALYs (Disability-Adjusted Life Years),Tokelau,Both,Age-standardized,All causes,Rate,1990,42113.460080501536,49141.84499317143,35712.35023524837
DALYs (Disability-Adjusted Life Years),Greece,Both,Age-standardized,All causes,Rate,1993,24916.536530955604,28239.243864799224,22197.80240765539
DALYs (Disability-Adjusted Life Years),Brunei Darussalam,Both,Age-standardized,All causes,Rate,1990,34151.186495057314,37611.45258482831,30943.8395378342
DALYs (Disability-Adjusted Life Years),Viet Nam,Both,Age-standardized,All causes,Rate,1991,38906.71105132557,44395.39288901254,34626.25951840127
DALYs (Disability-Adjusted Life Years),Bahamas,Both,Age-standardized,All causes,Rate,1993,37068.70835754022,40599.12917348709,33819.341730608125
DALYs (Disability-Adjusted Life Years),Rwanda,Both,Age-standardized,All causes,Rate,1991,99834.53994702049,108345.91005592617,91957.34594713245
DALYs (Disability-Adjusted Life Years),United States Virgin Islands,Both,Age-standardized,All causes,Rate,1991,33161.27091422758,37141.90573918719,29556.713297890634
DALYs (Disability-Adjusted Life Years),Tunisia,Both,Age-standardized,All causes,Rate,1993,35228.39566400206,39067.050188430185,31896.465466587877
DALYs (Disability-Adjusted Life Years),Sweden,Both,Age-standardized,All causes,Rate,1993,22927.940710062343,26016.286263240447,20317.434174827693
DALYs (Disability-Adjusted Life Years),Japan,Both,Age-standardized,All causes,Rate,1992,21091.9690685943,23959.544876197087,18690.465890457563
DALYs (Disability-Adjusted Life Years),Egypt,Both,Age-standardized,All causes,Rate,1993,53181.84529050296,57175.95947470378,49981.51434707504
DALYs (Disability-Adjusted Life Years),China,Both,Age-standardized,All causes,Rate,1990,43085.42042137246,47273.38595000724,39330.62237129367
DALYs (Disability-Adjusted Life Years),Bhutan,Both,Age-standardized,All causes,Rate,1992,62392.29712481242,69935.55185529977,56264.755031229295
DALYs (Disability-Adjusted Life Years),Bosnia and Herzegovina,Both,Age-standardized,All causes,Rate,1991,32131.131457797048,35333.76266991866,29344.84051534304
DALYs (Disability-Adjusted Life Years),Germany,Both,Age-standardized,All causes,Rate,1993,26777.09526302755,30043.597500599182,23985.85225399366
DALYs (Disability-Adjusted Life Years),Guatemala,Both,Age-standardized,All causes,Rate,1992,60187.6382702418,63990.09302909231,56600.734338449496
DALYs (Disability-Adjusted Life Years),Spain,Both,Age-standardized,All causes,Rate,1991,25582.531167945923,28815.264856807426,22863.673924827675
DALYs (Disability-Adjusted Life Years),Cambodia,Both,Age-standardized,All causes,Rate,1993,69560.7752669614,75525.48413384322,64153.83128908359
DALYs (Disability-Adjusted Life Years),Saint Lucia,Both,Age-standardized,All causes,Rate,1992,38449.03333192472,41765.76858956244,35482.16927089739
DALYs (Disability-Adjusted Life Years),Armenia,Both,Age-standardized,All causes,Rate,1992,39504.08848182354,42883.559064180656,36794.18384455468
DALYs (Disability-Adjusted Life Years),Suriname,Both,Age-standardized,All causes,Rate,1993,44147.82488079208,47844.79288997593,40937.96684036962
DALYs (Disability-Adjusted Life Years),Iran (Islamic Republic of),Both,Age-standardized,All causes,Rate,1993,40302.88028777748,44052.37555812152,37054.58045863104
DALYs (Disability-Adjusted Life Years),Japan,Both,Age-standardized,All causes,Rate,1990,21449.59641453904,24332.373731843356,19032.944830508848
DALYs (Disability-Adjusted Life Years),Honduras,Both,Age-standardized,All causes,Rate,1993,42450.54913550264,46989.16798371269,38179.50206451196
DALYs (Disability-Adjusted Life Years),Haiti,Both,Age-standardized,All causes,Rate,1990,85699.35077764496,93628.36457287807,78350.19300527022
DALYs (Disability-Adjusted Life Years),Belgium,Both,Age-standardized,All causes,Rate,1990,26938.48919734526,30255.228245166178,24129.81570368059
DALYs (Disability-Adjusted Life Years),Malta,Both,Age-standardized,All causes,Rate,1990,25550.495975329268,28747.203241011466,23008.43150463538
DALYs (Disability-Adjusted Life Years),Slovenia,Both,Age-standardized,All causes,Rate,1991,30429.73120797444,33761.575938494,27691.213690119977
DALYs (Disability-Adjusted Life Years),Mexico,Both,Age-standardized,All causes,Rate,1993,36651.764974850026,40016.691557802,33714.70371930682
DALYs (Disability-Adjusted Life Years),Sudan,Both,Age-standardized,All causes,Rate,1991,70307.56057471939,77870.8000704743,63839.790073669086
DALYs (Disability-Adjusted Life Years),France,Both,Age-standardized,All causes,Rate,1991,26033.992430724666,29412.877822416966,23238.05657391133
DALYs (Disability-Adjusted Life Years),Switzerland,Both,Age-standardized,All causes,Rate,1993,24528.615695199653,27938.289297053576,21685.019701382666
DALYs (Disability-Adjusted Life Years),Switzerland,Both,Age-standardized,All causes,Rate,1992,24986.04660545102,28365.584119209845,22191.622705426835
DALYs (Disability-Adjusted Life Years),Vanuatu,Both,Age-standardized,All causes,Rate,1990,52672.91604905434,61092.6373629544,45515.912276899
DALYs (Disability-Adjusted Life Years),Greece,Both,Age-standardized,All causes,Rate,1992,25161.555162351462,28468.51157266963,22401.560248427933
DALYs (Disability-Adjusted Life Years),Portugal,Both,Age-standardized,All causes,Rate,1992,30552.819945537824,33950.700624726036,27650.45911129439
DALYs (Disability-Adjusted Life Years),Singapore,Both,Age-standardized,All causes,Rate,1992,24582.138431872787,27306.357875361286,22215.284621941773
DALYs (Disability-Adjusted Life Years),Thailand,Both,Age-standardized,All causes,Rate,1990,36844.953698454075,40639.25843991967,33406.74517976048
DALYs (Disability-Adjusted Life Years),Germany,Both,Age-standardized,All causes,Rate,1992,27013.426151431922,30311.08700324896,24242.35078890777
DALYs (Disability-Adjusted Life Years),Brunei Darussalam,Both,Age-standardized,All causes,Rate,1991,33776.571968836535,37095.37332565598,30616.552015762987
DALYs (Disability-Adjusted Life Years),Mali,Both,Age-standardized,All causes,Rate,1991,97637.47549328733,104265.95307795519,91424.5499740308
DALYs (Disability-Adjusted Life Years),Algeria,Both,Age-standardized,All causes,Rate,1992,39673.09021127822,43825.082424180495,35961.47278970445
DALYs (Disability-Adjusted Life Years),Belarus,Both,Age-standardized,All causes,Rate,1992,37365.965711685174,40544.417600087014,34660.19256317373
DALYs (Disability-Adjusted Life Years),Norway,Both,Age-standardized,All causes,Rate,1990,26080.604056665125,29367.583821053166,23289.907536990813
DALYs (Disability-Adjusted Life Years),Bulgaria,Both,Age-standardized,All causes,Rate,1992,38383.88304086133,41689.32796330493,35601.936155235635
DALYs (Disability-Adjusted Life Years),Tunisia,Both,Age-standardized,All causes,Rate,1992,35640.11742336769,39672.41365366367,32320.519879323663
DALYs (Disability-Adjusted Life Years),Thailand,Both,Age-standardized,All causes,Rate,1991,36698.582134721015,40431.12897826721,33106.68940840506
DALYs (Disability-Adjusted Life Years),Somalia,Both,Age-standardized,All causes,Rate,1992,108362.53594089713,120305.49186157776,97357.68921624504
DALYs (Disability-Adjusted Life Years),Sweden,Both,Age-standardized,All causes,Rate,1992,23236.097250293624,26339.324145131315,20616.51385991169
DALYs (Disability-Adjusted Life Years),Saudi Arabia,Both,Age-standardized,All causes,Rate,1993,41875.11581026225,48443.6130021231,35745.00680347831
DALYs (Disability-Adjusted Life Years),Denmark,Both,Age-standardized,All causes,Rate,1990,28384.49082848045,31638.523439557575,25676.60203304482
DALYs (Disability-Adjusted Life Years),Finland,Both,Age-standardized,All causes,Rate,1990,28057.668338520776,31351.659814352017,25264.464129930708
DALYs (Disability-Adjusted Life Years),Malaysia,Both,Age-standardized,All causes,Rate,1993,32092.769712808895,35211.413673771574,29521.39884072895
DALYs (Disability-Adjusted Life Years),Antigua and Barbuda,Both,Age-standardized,All causes,Rate,1992,30685.19886369559,34261.39892265758,27869.332680163894
DALYs (Disability-Adjusted Life Years),United States of America,Both,Age-standardized,All causes,Rate,1990,29119.426562287943,32537.180983246395,26204.5842213996
DALYs (Disability-Adjusted Life Years),Djibouti,Both,Age-standardized,All causes,Rate,1992,61497.40053531169,71309.3045343035,53154.65733172657
DALYs (Disability-Adjusted Life Years),Türkiye,Both,Age-standardized,All causes,Rate,1993,42031.185665931815,46255.82553940023,38344.63692723525
DALYs (Disability-Adjusted Life Years),Costa Rica,Both,Age-standardized,All causes,Rate,1990,26580.4622556346,29633.120101731303,23951.412603204615
DALYs (Disability-Adjusted Life Years),Portugal,Both,Age-standardized,All causes,Rate,1990,31261.642501956423,34730.685852446084,28308.482427648778
DALYs (Disability-Adjusted Life Years),Sudan,Both,Age-standardized,All causes,Rate,1990,72331.85070296162,79509.27296028052,65709.27192882534
DALYs (Disability-Adjusted Life Years),Equatorial Guinea,Both,Age-standardized,All causes,Rate,1990,95454.92095559792,108875.953186153,83563.4158955906
DALYs (Disability-Adjusted Life Years),Burundi,Both,Age-standardized,All causes,Rate,1992,105488.64564549683,116996.0939058135,95049.05875082208
DALYs (Disability-Adjusted Life Years),Slovakia,Both,Age-standardized,All causes,Rate,1990,35263.831341115394,38304.21102772041,32650.047868309477
DALYs (Disability-Adjusted Life Years),Benin,Both,Age-standardized,All causes,Rate,1992,77074.2126053079,83228.61382455511,71464.65368984336
DALYs (Disability-Adjusted Life Years),Iran (Islamic Republic of),Both,Age-standardized,All causes,Rate,1992,40975.641082621325,44793.89272659412,37675.37728530812
DALYs (Disability-Adjusted Life Years),Republic of Korea,Both,Age-standardized,All causes,Rate,1991,32486.20606128248,35469.83164364581,29983.500534023828
DALYs (Disability-Adjusted Life Years),Tokelau,Both,Age-standardized,All causes,Rate,1991,41625.952030587534,48940.0989909634,35512.917676524106
DALYs (Disability-Adjusted Life Years),El Salvador,Both,Age-standardized,All causes,Rate,1990,43416.93420924169,47240.30166678215,40022.32228397689
DALYs (Disability-Adjusted Life Years),Singapore,Both,Age-standardized,All causes,Rate,1991,25089.366219961736,27830.767348795627,22734.42823561509
DALYs (Disability-Adjusted Life Years),Iran (Islamic Republic of),Both,Age-standardized,All causes,Rate,1991,41987.78079866743,45824.127902595035,38824.43939220529
DALYs (Disability-Adjusted Life Years),Saint Vincent and the Grenadines,Both,Age-standardized,All causes,Rate,1992,38267.9094386715,42044.548664183654,35308.16287660166
DALYs (Disability-Adjusted Life Years),India,Both,Age-standardized,All causes,Rate,1990,63946.34257492262,68607.62087884513,59638.92138024969
DALYs (Disability-Adjusted Life Years),Oman,Both,Age-standardized,All causes,Rate,1990,40615.8489888455,47712.56234978385,34415.764720372565
DALYs (Disability-Adjusted Life Years),Uganda,Both,Age-standardized,All causes,Rate,1992,106348.0677755768,118284.01203319228,94374.71307859024
DALYs (Disability-Adjusted Life Years),Switzerland,Both,Age-standardized,All causes,Rate,1991,25344.712208054854,28716.578447477335,22582.174010054972
DALYs (Disability-Adjusted Life Years),Bhutan,Both,Age-standardized,All causes,Rate,1990,65308.57930755758,72910.37924434996,58136.914632144035
DALYs (Disability-Adjusted Life Years),Saint Lucia,Both,Age-standardized,All causes,Rate,1991,38564.75986421138,41913.58505506738,35514.97113363862
DALYs (Disability-Adjusted Life Years),Germany,Both,Age-standardized,All causes,Rate,1991,27517.51493997589,30771.400436780383,24737.192636820593
DALYs (Disability-Adjusted Life Years),Saint Vincent and the Grenadines,Both,Age-standardized,All causes,Rate,1991,38194.83237209607,41963.72505996817,35147.59449781963
DALYs (Disability-Adjusted Life Years),Syrian Arab Republic,Both,Age-standardized,All causes,Rate,1992,41729.48321320644,47167.392995580456,36724.18079141191
DALYs (Disability-Adjusted Life Years),Sweden,Both,Age-standardized,All causes,Rate,1991,23697.28243459623,26805.927525805128,21069.962881655956
DALYs (Disability-Adjusted Life Years),Pakistan,Both,Age-standardized,All causes,Rate,1992,59103.78651439753,63393.51936355955,55180.7276812484
DALYs (Disability-Adjusted Life Years),Zambia,Both,Age-standardized,All causes,Rate,1992,102109.34419087476,112803.92570632967,93182.92634414003
DALYs (Disability-Adjusted Life Years),Iraq,Both,Age-standardized,All causes,Rate,1993,46790.21067747248,52362.55133473247,41652.964156538605
DALYs (Disability-Adjusted Life Years),Jamaica,Both,Age-standardized,All causes,Rate,1990,29497.979672041503,32591.340247726843,26836.34201364927
DALYs (Disability-Adjusted Life Years),Armenia,Both,Age-standardized,All causes,Rate,1991,37714.46548018163,41011.32026055325,34843.78490090897
DALYs (Disability-Adjusted Life Years),Northern Mariana Islands,Both,Age-standardized,All causes,Rate,1992,32582.592277302687,38299.767237349195,27785.065819837877
DALYs (Disability-Adjusted Life Years),Qatar,Both,Age-standardized,All causes,Rate,1990,38186.24118730057,42734.36264900481,33563.41184120582
DALYs (Disability-Adjusted Life Years),Estonia,Both,Age-standardized,All causes,Rate,1993,41433.458743026305,44808.32648250167,38638.17051648579
DALYs (Disability-Adjusted Life Years),Japan,Both,Age-standardized,All causes,Rate,1991,21228.942915960204,24086.5435881072,18828.85078113379
DALYs (Disability-Adjusted Life Years),Antigua and Barbuda,Both,Age-standardized,All causes,Rate,1991,30614.585054520794,33959.05257981325,27874.30506063404
DALYs (Disability-Adjusted Life Years),Mauritania,Both,Age-standardized,All causes,Rate,1992,61429.330400732986,67320.99170743559,56202.88902972186
DALYs (Disability-Adjusted Life Years),Guatemala,Both,Age-standardized,All causes,Rate,1991,60281.749124847185,64176.82101946375,56771.594977568784
DALYs (Disability-Adjusted Life Years),Suriname,Both,Age-standardized,All causes,Rate,1992,43094.449459589676,46683.09428901195,39927.43821489937
DALYs (Disability-Adjusted Life Years),Republic of Moldova,Both,Age-standardized,All causes,Rate,1993,42979.093923967856,46309.677355870735,40046.53704786518
DALYs (Disability-Adjusted Life Years),Micronesia (Federated States of),Both,Age-standardized,All causes,Rate,1992,54239.13470021504,62647.747288461105,46758.567493633906
DALYs (Disability-Adjusted Life Years),Greenland,Both,Age-standardized,All causes,Rate,1991,50613.79304250736,54803.096856583565,46836.64098283224
DALYs (Disability-Adjusted Life Years),Seychelles,Both,Age-standardized,All causes,Rate,1992,35036.433262302875,38178.60241509623,32295.214554343678
DALYs (Disability-Adjusted Life Years),Greece,Both,Age-standardized,All causes,Rate,1991,25313.268971217167,28612.311594435392,22581.78424026784
DALYs (Disability-Adjusted Life Years),Mexico,Both,Age-standardized,All causes,Rate,1992,37414.133445833155,40640.83366515616,34500.24445724095
DALYs (Disability-Adjusted Life Years),Bahrain,Both,Age-standardized,All causes,Rate,1993,40618.57240360284,43983.29490482643,37391.88525634913
DALYs (Disability-Adjusted Life Years),Tunisia,Both,Age-standardized,All causes,Rate,1991,36110.77899048049,40075.764620008806,32620.717876594306
DALYs (Disability-Adjusted Life Years),Maldives,Both,Age-standardized,All causes,Rate,1993,43950.95604851019,47843.80581884529,40525.185170730925
DALYs (Disability-Adjusted Life Years),Honduras,Both,Age-standardized,All causes,Rate,1992,42825.452215727935,47324.12352047256,38564.67664812588
DALYs (Disability-Adjusted Life Years),Jamaica,Both,Age-standardized,All causes,Rate,1992,28939.04496752454,32346.777145923334,25863.22667866011
DALYs (Disability-Adjusted Life Years),Micronesia (Federated States of),Both,Age-standardized,All causes,Rate,1993,53769.41055201732,62049.16984442428,46260.57121385315
DALYs (Disability-Adjusted Life Years),Morocco,Both,Age-standardized,All causes,Rate,1990,47415.62474563496,52389.58970951539,42989.84508174902
DALYs (Disability-Adjusted Life Years),Egypt,Both,Age-standardized,All causes,Rate,1992,53997.25543288757,57647.53818906884,50766.48398794875
DALYs (Disability-Adjusted Life Years),Bulgaria,Both,Age-standardized,All causes,Rate,1991,38189.83608778946,41581.83031753341,35411.68471224777
DALYs (Disability-Adjusted Life Years),Democratic Republic of the Congo,Both,Age-standardized,All causes,Rate,1990,86260.08135933283,94131.44180555339,79094.52916619318
DALYs (Disability-Adjusted Life Years),Mauritius,Both,Age-standardized,All causes,Rate,1990,37484.32555887888,40841.64829442497,34597.140232618716
DALYs (Disability-Adjusted Life Years),Estonia,Both,Age-standardized,All causes,Rate,1990,38032.271593191785,41270.79444673023,35128.23249663652
DALYs (Disability-Adjusted Life Years),Republic of Moldova,Both,Age-standardized,All causes,Rate,1992,43193.99177810542,46609.08315565647,40218.420823880755
DALYs (Disability-Adjusted Life Years),Fiji,Both,Age-standardized,All causes,Rate,1993,46462.88698276656,52008.617312344366,40918.25276820781
DALYs (Disability-Adjusted Life Years),Seychelles,Both,Age-standardized,All causes,Rate,1990,35654.42483332178,38724.059117670164,32907.66402412761
DALYs (Disability-Adjusted Life Years),Sao Tome and Principe,Both,Age-standardized,All causes,Rate,1991,55694.51110108673,60640.56645817386,51347.22290763781
DALYs (Disability-Adjusted Life Years),Vanuatu,Both,Age-standardized,All causes,Rate,1991,52203.76012592914,60623.893580406904,45354.21854928271
DALYs (Disability-Adjusted Life Years),Ethiopia,Both,Age-standardized,All causes,Rate,1992,104721.28860473583,110798.22195223659,99367.74870801189
DALYs (Disability-Adjusted Life Years),Cambodia,Both,Age-standardized,All causes,Rate,1990,72529.79908185145,78537.87786278788,66814.9825938819
DALYs (Disability-Adjusted Life Years),Democratic People's Republic of Korea,Both,Age-standardized,All causes,Rate,1990,37156.59991895462,44787.62811919521,30837.950499513838
DALYs (Disability-Adjusted Life Years),Norway,Both,Age-standardized,All causes,Rate,1991,25516.65240965149,28801.667283125604,22746.86056455056
DALYs (Disability-Adjusted Life Years),Honduras,Both,Age-standardized,All causes,Rate,1991,42730.01881159721,47056.82596840155,38654.86591667566
DALYs (Disability-Adjusted Life Years),Algeria,Both,Age-standardized,All causes,Rate,1991,40373.548066018586,44172.033935470434,36715.039108778044
DALYs (Disability-Adjusted Life Years),Azerbaijan,Both,Age-standardized,All causes,Rate,1990,46678.86653535066,50180.32461410642,43439.62294303705
DALYs (Disability-Adjusted Life Years),Myanmar,Both,Age-standardized,All causes,Rate,1993,76465.95063730724,85278.04392573742,67664.67497239352
DALYs (Disability-Adjusted Life Years),Kyrgyzstan,Both,Age-standardized,All causes,Rate,1993,47376.78109368958,51220.208905080886,44122.821629034544
DALYs (Disability-Adjusted Life Years),Algeria,Both,Age-standardized,All causes,Rate,1990,41532.52516824269,45718.43553825189,37920.90320573751
DALYs (Disability-Adjusted Life Years),Afghanistan,Both,Age-standardized,All causes,Rate,1990,91400.60339331038,102683.1219304277,80157.1038394159
DALYs (Disability-Adjusted Life Years),Denmark,Both,Age-standardized,All causes,Rate,1991,28078.126639295515,31308.713649949404,25341.79639049807
DALYs (Disability-Adjusted Life Years),Djibouti,Both,Age-standardized,All causes,Rate,1991,60324.15816053419,69380.27068546128,52585.01547194478
DALYs (Disability-Adjusted Life Years),Belarus,Both,Age-standardized,All causes,Rate,1991,36415.52238596571,39777.51245810893,33812.326057019294
DALYs (Disability-Adjusted Life Years),Qatar,Both,Age-standardized,All causes,Rate,1992,37911.40009685281,42614.017906967885,33456.86216823027
DALYs (Disability-Adjusted Life Years),Cambodia,Both,Age-standardized,All causes,Rate,1992,70157.85929447121,76150.70163696134,64437.33977047945
DALYs (Disability-Adjusted Life Years),Fiji,Both,Age-standardized,All causes,Rate,1992,45786.319605259894,51574.60240294358,40496.318918769124
DALYs (Disability-Adjusted Life Years),Bhutan,Both,Age-standardized,All causes,Rate,1991,63644.4360201919,71458.1058706119,57197.09846729402
DALYs (Disability-Adjusted Life Years),Kiribati,Both,Age-standardized,All causes,Rate,1993,66668.27081180063,73620.1303328564,60020.85740588287
DALYs (Disability-Adjusted Life Years),Mozambique,Both,Age-standardized,All causes,Rate,1990,96752.81450563636,103811.2889455463,89704.33621259095
DALYs (Disability-Adjusted Life Years),Papua New Guinea,Both,Age-standardized,All causes,Rate,1993,58437.01873307441,66435.10716251686,50626.77066573152
DALYs (Disability-Adjusted Life Years),Indonesia,Both,Age-standardized,All causes,Rate,1993,49504.767813747145,53232.81609112264,46453.75544132341
DALYs (Disability-Adjusted Life Years),North Macedonia,Both,Age-standardized,All causes,Rate,1993,37980.773097435034,41233.94393470826,35212.660553337475
DALYs (Disability-Adjusted Life Years),Eritrea,Both,Age-standardized,All causes,Rate,1992,95113.8029734828,103870.37006820455,86952.84163404557
DALYs (Disability-Adjusted Life Years),Mauritania,Both,Age-standardized,All causes,Rate,1990,63648.21888158863,70222.79292567186,58237.19067027886
DALYs (Disability-Adjusted Life Years),Oman,Both,Age-standardized,All causes,Rate,1991,39914.15222376751,46845.069771337425,33976.84229594198
DALYs (Disability-Adjusted Life Years),Northern Mariana Islands,Both,Age-standardized,All causes,Rate,1991,32976.20745198246,38744.54197362978,28221.841537786597
DALYs (Disability-Adjusted Life Years),Sao Tome and Principe,Both,Age-standardized,All causes,Rate,1992,55708.35574362437,60713.958960451884,51125.91212705409
DALYs (Disability-Adjusted Life Years),Azerbaijan,Both,Age-standardized,All causes,Rate,1993,51667.045948012725,55886.84040891743,48212.16505800095
DALYs (Disability-Adjusted Life Years),Nauru,Both,Age-standardized,All causes,Rate,1990,61022.4147890792,69845.41025978008,53273.932943523025
DALYs (Disability-Adjusted Life Years),Bahrain,Both,Age-standardized,All causes,Rate,1990,41328.08673419664,44670.3162394665,38340.45252485802
DALYs (Disability-Adjusted Life Years),Suriname,Both,Age-standardized,All causes,Rate,1991,42861.39099422694,46469.67159125199,39486.70867188629
DALYs (Disability-Adjusted Life Years),Andorra,Both,Age-standardized,All causes,Rate,1993,22886.673610579146,27438.39415768481,18812.83029974867
DALYs (Disability-Adjusted Life Years),Monaco,Both,Age-standardized,All causes,Rate,1990,24036.469454463066,28081.52859642154,20423.501627167985
DALYs (Disability-Adjusted Life Years),Chad,Both,Age-standardized,All causes,Rate,1992,87745.74089326923,94371.12082729915,81510.24841314074
DALYs (Disability-Adjusted Life Years),Burundi,Both,Age-standardized,All causes,Rate,1990,101888.02138571955,112789.40090753023,91165.91304827138
DALYs (Disability-Adjusted Life Years),Eswatini,Both,Age-standardized,All causes,Rate,1990,61487.23518469588,67992.1584758925,54763.85289709664
DALYs (Disability-Adjusted Life Years),Burkina Faso,Both,Age-standardized,All causes,Rate,1992,95845.02282433862,103870.28322718969,89019.01767785625
DALYs (Disability-Adjusted Life Years),Pakistan,Both,Age-standardized,All causes,Rate,1991,59038.90204374705,63158.10924659984,54774.652421156025
DALYs (Disability-Adjusted Life Years),Uganda,Both,Age-standardized,All causes,Rate,1991,105855.64155395511,118244.74008024359,93900.52129307092
DALYs (Disability-Adjusted Life Years),Mongolia,Both,Age-standardized,All causes,Rate,1993,59243.827907301005,63480.54028357881,55345.19333775215
DALYs (Disability-Adjusted Life Years),Cabo Verde,Both,Age-standardized,All causes,Rate,1992,41379.77552726969,45915.70808093003,37693.69145477376
DALYs (Disability-Adjusted Life Years),South Sudan,Both,Age-standardized,All causes,Rate,1990,92468.2554986043,105466.90118371509,81195.61729658021
DALYs (Disability-Adjusted Life Years),Kyrgyzstan,Both,Age-standardized,All causes,Rate,1992,46554.02969953054,50273.60810304029,43275.12479303631
DALYs (Disability-Adjusted Life Years),Bahamas,Both,Age-standardized,All causes,Rate,1991,36092.34824014889,39641.16237395158,32870.378431296835
DALYs (Disability-Adjusted Life Years),Egypt,Both,Age-standardized,All causes,Rate,1991,56071.97068633404,59649.8524587074,52788.00929876379
DALYs (Disability-Adjusted Life Years),Finland,Both,Age-standardized,All causes,Rate,1991,27569.09177419821,30922.853902477265,24765.21683031546
DALYs (Disability-Adjusted Life Years),Austria,Both,Age-standardized,All causes,Rate,1993,26537.948556655545,29855.01737203116,23904.855014806253
DALYs (Disability-Adjusted Life Years),India,Both,Age-standardized,All causes,Rate,1991,63147.358711356195,67572.15658076199,59122.30367907392
DALYs (Disability-Adjusted Life Years),Timor-Leste,Both,Age-standardized,All causes,Rate,1990,67836.49446097811,74203.26794050288,61594.82998042121
DALYs (Disability-Adjusted Life Years),El Salvador,Both,Age-standardized,All causes,Rate,1991,42805.67769710263,46637.103303555756,39534.92080351489
DALYs (Disability-Adjusted Life Years),Puerto Rico,Both,Age-standardized,All causes,Rate,1992,31436.684125441727,34722.67433268174,28752.243426730474
DALYs (Disability-Adjusted Life Years),Croatia,Both,Age-standardized,All causes,Rate,1990,33300.11899044298,36565.57200235035,30597.338446530597
DALYs (Disability-Adjusted Life Years),Palestine,Both,Age-standardized,All causes,Rate,1990,41240.97748123193,46798.9843493758,36159.190568624435
DALYs (Disability-Adjusted Life Years),Croatia,Both,Age-standardized,All causes,Rate,1992,35365.65051832685,38572.49167557297,32728.337459796192
DALYs (Disability-Adjusted Life Years),South Africa,Both,Age-standardized,All causes,Rate,1990,54882.683331406886,58779.929337859896,51520.76145531331
DALYs (Disability-Adjusted Life Years),Comoros,Both,Age-standardized,All causes,Rate,1990,70276.98481499738,78299.08323847018,62701.11241196172
DALYs (Disability-Adjusted Life Years),North Macedonia,Both,Age-standardized,All causes,Rate,1991,36938.508381806496,40071.362529220176,34222.80140245697
DALYs (Disability-Adjusted Life Years),Seychelles,Both,Age-standardized,All causes,Rate,1991,35187.79534144928,38364.55502168157,32478.83516705941
DALYs (Disability-Adjusted Life Years),Hungary,Both,Age-standardized,All causes,Rate,1993,39563.63918470806,42781.084151061434,36788.32252368163
DALYs (Disability-Adjusted Life Years),Samoa,Both,Age-standardized,All causes,Rate,1992,40294.43418209546,45456.88579314874,35638.90248863008
DALYs (Disability-Adjusted Life Years),Montenegro,Both,Age-standardized,All causes,Rate,1993,28235.726391802924,31578.290475477166,25316.067704499495
DALYs (Disability-Adjusted Life Years),Chile,Both,Age-standardized,All causes,Rate,1993,29516.545587491422,32662.61208809028,26667.397813189964
DALYs (Disability-Adjusted Life Years),Somalia,Both,Age-standardized,All causes,Rate,1990,105297.17672115593,117385.86739434011,94123.7154943388
DALYs (Disability-Adjusted Life Years),Monaco,Both,Age-standardized,All causes,Rate,1992,23660.17274313163,27553.424101651708,20083.991870111808
DALYs (Disability-Adjusted Life Years),Malaysia,Both,Age-standardized,All causes,Rate,1992,32258.67230682743,35477.47556466925,29674.792191671335
DALYs (Disability-Adjusted Life Years),Lao People's Democratic Republic,Both,Age-standardized,All causes,Rate,1993,81978.37973439219,91792.18133467223,73334.57266464179
DALYs (Disability-Adjusted Life Years),Guinea-Bissau,Both,Age-standardized,All causes,Rate,1990,103335.40653858875,116272.88633560862,91899.71099093766
DALYs (Disability-Adjusted Life Years),Azerbaijan,Both,Age-standardized,All causes,Rate,1992,51627.7097135708,55519.292284777825,48405.210732379295
DALYs (Disability-Adjusted Life Years),Jamaica,Both,Age-standardized,All causes,Rate,1991,28268.561504989113,31523.92744367557,25506.73104681731
DALYs (Disability-Adjusted Life Years),Syrian Arab Republic,Both,Age-standardized,All causes,Rate,1991,41340.51519347599,46891.448115403284,36565.581440108384
DALYs (Disability-Adjusted Life Years),Niger,Both,Age-standardized,All causes,Rate,1990,108666.53846753426,116785.02987320525,101836.45769526377
DALYs (Disability-Adjusted Life Years),Qatar,Both,Age-standardized,All causes,Rate,1991,38196.26884626232,42734.519837358544,33430.0808261864
DALYs (Disability-Adjusted Life Years),Slovakia,Both,Age-standardized,All causes,Rate,1991,34884.79025983918,38161.04824883561,32165.950081114657
DALYs (Disability-Adjusted Life Years),United States of America,Both,Age-standardized,All causes,Rate,1991,28918.837282610955,32350.867441375707,26015.82712931303
DALYs (Disability-Adjusted Life Years),Costa Rica,Both,Age-standardized,All causes,Rate,1991,26512.912801261464,29643.468054227575,23891.394332214262
DALYs (Disability-Adjusted Life Years),Portugal,Both,Age-standardized,All causes,Rate,1991,31235.903285897148,34694.63077086426,28219.669275717075
DALYs (Disability-Adjusted Life Years),Burundi,Both,Age-standardized,All causes,Rate,1991,103672.08324680166,114941.6479396384,93152.33612423275
DALYs (Disability-Adjusted Life Years),Mongolia,Both,Age-standardized,All causes,Rate,1992,58762.897333844056,62655.33699285004,54801.06633097196
DALYs (Disability-Adjusted Life Years),Bangladesh,Both,Age-standardized,All causes,Rate,1990,68997.93205622913,73604.68053721145,64413.759745031464
DALYs (Disability-Adjusted Life Years),Ecuador,Both,Age-standardized,All causes,Rate,1993,35077.35582714054,38204.09765145649,32231.367034082603
DALYs (Disability-Adjusted Life Years),Saudi Arabia,Both,Age-standardized,All causes,Rate,1990,44313.088427453826,51253.31367934129,37872.75011765177
DALYs (Disability-Adjusted Life Years),Kyrgyzstan,Both,Age-standardized,All causes,Rate,1991,46153.31028360841,50085.6525088869,42762.62532077895
DALYs (Disability-Adjusted Life Years),Bahrain,Both,Age-standardized,All causes,Rate,1992,41192.69075919379,44598.73986972627,38016.727934639785
DALYs (Disability-Adjusted Life Years),Guam,Both,Age-standardized,All causes,Rate,1990,29539.428128640262,32517.611161967507,27066.289488196886
DALYs (Disability-Adjusted Life Years),New Zealand,Both,Age-standardized,All causes,Rate,1993,27923.394683451068,31358.71854522093,24905.969233955984
DALYs (Disability-Adjusted Life Years),Lithuania,Both,Age-standardized,All causes,Rate,1993,40081.60374495882,43319.41454327003,37321.44299231912
DALYs (Disability-Adjusted Life Years),Dominican Republic,Both,Age-standardized,All causes,Rate,1993,37032.99182790144,41097.266099793764,33064.74834325078
DALYs (Disability-Adjusted Life Years),Australia,Both,Age-standardized,All causes,Rate,1993,25280.817915408687,28663.644796379274,22483.597469345295
DALYs (Disability-Adjusted Life Years),Haiti,Both,Age-standardized,All causes,Rate,1991,85457.55761893942,93483.93807488053,78171.74172958714
DALYs (Disability-Adjusted Life Years),Uruguay,Both,Age-standardized,All causes,Rate,1993,31867.73130369842,34846.1293375347,29229.119158819856
DALYs (Disability-Adjusted Life Years),Cabo Verde,Both,Age-standardized,All causes,Rate,1991,41595.829650968335,46085.49117843189,38089.37657729028
DALYs (Disability-Adjusted Life Years),Republic of Moldova,Both,Age-standardized,All causes,Rate,1991,43482.85443730768,46912.09689834598,40454.58455400521
DALYs (Disability-Adjusted Life Years),Nepal,Both,Age-standardized,All causes,Rate,1990,72466.61556005609,79989.62790863072,65818.72986750663
DALYs (Disability-Adjusted Life Years),Ethiopia,Both,Age-standardized,All causes,Rate,1991,107307.39855296894,113157.80090306133,102304.84305171439
DALYs (Disability-Adjusted Life Years),Maldives,Both,Age-standardized,All causes,Rate,1992,45644.33144075624,49253.33229549881,42134.16664587876
DALYs (Disability-Adjusted Life Years),American Samoa,Both,Age-standardized,All causes,Rate,1992,36503.53910656288,39871.89666831138,33339.08145897394
DALYs (Disability-Adjusted Life Years),Tuvalu,Both,Age-standardized,All causes,Rate,1990,63507.32983047214,70594.45530605094,56607.03135045336
DALYs (Disability-Adjusted Life Years),Iraq,Both,Age-standardized,All causes,Rate,1992,47202.79506077154,52513.18450404825,42272.88138245738
DALYs (Disability-Adjusted Life Years),Somalia,Both,Age-standardized,All causes,Rate,1991,110495.25431474236,122641.89351955421,99431.85557027717
DALYs (Disability-Adjusted Life Years),Zambia,Both,Age-standardized,All causes,Rate,1991,97700.25676627515,106913.57102787645,89054.34205952664
DALYs (Disability-Adjusted Life Years),Gabon,Both,Age-standardized,All causes,Rate,1990,64432.211382371184,71610.27913772475,57224.540029867436
DALYs (Disability-Adjusted Life Years),Saudi Arabia,Both,Age-standardized,All causes,Rate,1992,42504.67311163754,49129.14153559962,36147.49483242356
DALYs (Disability-Adjusted Life Years),Fiji,Both,Age-standardized,All causes,Rate,1990,45705.450564524675,51292.875318850165,41002.53386706926
DALYs (Disability-Adjusted Life Years),Mexico,Both,Age-standardized,All causes,Rate,1991,38221.55267341732,41626.01109121705,35202.02655803423
DALYs (Disability-Adjusted Life Years),Benin,Both,Age-standardized,All causes,Rate,1991,78404.2938077107,84446.85503752361,72858.25095778314
DALYs (Disability-Adjusted Life Years),Slovenia,Both,Age-standardized,All causes,Rate,1990,29862.39671312161,33141.565855275156,27094.63374503277
DALYs (Disability-Adjusted Life Years),Ukraine,Both,Age-standardized,All causes,Rate,1992,40138.46581202167,43406.07277431409,37217.35611749041
DALYs (Disability-Adjusted Life Years),Cameroon,Both,Age-standardized,All causes,Rate,1992,72602.06216845193,79006.47375454553,67184.02695039132
DALYs (Disability-Adjusted Life Years),United Republic of Tanzania,Both,Age-standardized,All causes,Rate,1990,81657.02679376314,88644.37339888558,75770.47394096536
DALYs (Disability-Adjusted Life Years),Libya,Both,Age-standardized,All causes,Rate,1993,32633.888074955343,36585.599107461385,28959.002477110906
DALYs (Disability-Adjusted Life Years),Burkina Faso,Both,Age-standardized,All causes,Rate,1990,95692.50594638094,103299.08097242613,88006.15400083335
DALYs (Disability-Adjusted Life Years),Russian Federation,Both,Age-standardized,All causes,Rate,1993,48324.49293098203,51742.8540202587,45457.31854584249
DALYs (Disability-Adjusted Life Years),Kazakhstan,Both,Age-standardized,All causes,Rate,1990,42682.81325216789,46534.9132158891,39524.704536298224
DALYs (Disability-Adjusted Life Years),Eritrea,Both,Age-standardized,All causes,Rate,1991,113942.92319996179,124093.00625276385,105548.40532371328
DALYs (Disability-Adjusted Life Years),Malaysia,Both,Age-standardized,All causes,Rate,1991,32705.74812880384,35786.00524120089,30131.651754500966
DALYs (Disability-Adjusted Life Years),Taiwan (Province of China),Both,Age-standardized,All causes,Rate,1990,27537.738988448917,30252.122877728783,25190.452721208512
DALYs (Disability-Adjusted Life Years),Sierra Leone,Both,Age-standardized,All causes,Rate,1991,96822.6937792589,104497.42827128667,89823.1200583076
DALYs (Disability-Adjusted Life Years),Georgia,Both,Age-standardized,All causes,Rate,1993,41354.35815249102,44681.983679059,38696.093913472985
DALYs (Disability-Adjusted Life Years),Czechia,Both,Age-standardized,All causes,Rate,1992,32510.89370067767,35616.5235349666,29744.576401002574
DALYs (Disability-Adjusted Life Years),Lithuania,Both,Age-standardized,All causes,Rate,1990,35517.24505948078,38660.80659250147,32700.113136794746
DALYs (Disability-Adjusted Life Years),Indonesia,Both,Age-standardized,All causes,Rate,1990,52858.070118605174,56986.8130103116,49398.39660680144
DALYs (Disability-Adjusted Life Years),Samoa,Both,Age-standardized,All causes,Rate,1993,39961.39799380466,44876.621521282264,35307.21704008195
DALYs (Disability-Adjusted Life Years),Papua New Guinea,Both,Age-standardized,All causes,Rate,1992,59315.311621880115,67203.87532452641,51405.23099435607
DALYs (Disability-Adjusted Life Years),Latvia,Both,Age-standardized,All causes,Rate,1993,44546.52071602734,47792.29072793807,41746.59334563237
DALYs (Disability-Adjusted Life Years),Czechia,Both,Age-standardized,All causes,Rate,1993,31506.83524195213,34720.10866097499,28750.89527636249
DALYs (Disability-Adjusted Life Years),Niue,Both,Age-standardized,All causes,Rate,1990,39765.0533516503,46356.38839124722,34389.85589627788
DALYs (Disability-Adjusted Life Years),Rwanda,Both,Age-standardized,All causes,Rate,1990,98814.5625829569,106606.1668506723,91478.49099669387
DALYs (Disability-Adjusted Life Years),Comoros,Both,Age-standardized,All causes,Rate,1992,68113.25361118128,76164.36992369391,60636.0923043518
DALYs (Disability-Adjusted Life Years),Dominican Republic,Both,Age-standardized,All causes,Rate,1992,37522.61416376439,41127.15668286966,34191.96741266993
DALYs (Disability-Adjusted Life Years),Andorra,Both,Age-standardized,All causes,Rate,1992,23219.57750182455,27962.580508333212,19112.361196229267
DALYs (Disability-Adjusted Life Years),Barbados,Both,Age-standardized,All causes,Rate,1993,30439.290792068474,33659.38575473724,27733.755614152993
DALYs (Disability-Adjusted Life Years),Liberia,Both,Age-standardized,All causes,Rate,1990,107830.11239677006,116909.85138737911,98994.40709964876
DALYs (Disability-Adjusted Life Years),Sierra Leone,Both,Age-standardized,All causes,Rate,1992,97282.31497020434,104993.78386124798,90379.47558088329
DALYs (Disability-Adjusted Life Years),Marshall Islands,Both,Age-standardized,All causes,Rate,1992,56262.66432860727,60677.97270629611,52388.73949368127
DALYs (Disability-Adjusted Life Years),Benin,Both,Age-standardized,All causes,Rate,1990,79233.78008482783,85560.77728067509,73659.10388245713
DALYs (Disability-Adjusted Life Years),Mauritania,Both,Age-standardized,All causes,Rate,1991,62395.487104261025,68704.50447437678,57284.3252674965
DALYs (Disability-Adjusted Life Years),Albania,Both,Age-standardized,All causes,Rate,1990,33912.52927709897,36976.41133118304,31083.644638708003
DALYs (Disability-Adjusted Life Years),Nauru,Both,Age-standardized,All causes,Rate,1992,62056.927873417175,70815.54107065861,54445.186723120176
DALYs (Disability-Adjusted Life Years),Lao People's Democratic Republic,Both,Age-standardized,All causes,Rate,1990,87951.81129283036,99233.48952285119,77723.35738199789
DALYs (Disability-Adjusted Life Years),Nigeria,Both,Age-standardized,All causes,Rate,1992,84519.83538957259,91037.97608125959,78012.62439319411
DALYs (Disability-Adjusted Life Years),American Samoa,Both,Age-standardized,All causes,Rate,1991,36485.50387458961,39974.5280285588,33092.43007912441
DALYs (Disability-Adjusted Life Years),Dominica,Both,Age-standardized,All causes,Rate,1993,33546.46462713198,37013.47453189556,30771.84817881345
DALYs (Disability-Adjusted Life Years),Estonia,Both,Age-standardized,All causes,Rate,1992,39210.00753522466,42450.06883470349,36350.53597182665
DALYs (Disability-Adjusted Life Years),Niger,Both,Age-standardized,All causes,Rate,1992,106683.55716303595,113821.11093387776,100281.21792889795
DALYs (Disability-Adjusted Life Years),Palau,Both,Age-standardized,All causes,Rate,1992,45656.3765830044,53206.16713266999,38651.27579946812
DALYs (Disability-Adjusted Life Years),Kiribati,Both,Age-standardized,All causes,Rate,1992,66762.36996578943,73758.86024347595,60230.78908224883
DALYs (Disability-Adjusted Life Years),Burkina Faso,Both,Age-standardized,All causes,Rate,1991,95667.9652044228,103564.61306080031,88349.16391256746
DALYs (Disability-Adjusted Life Years),Bahrain,Both,Age-standardized,All causes,Rate,1991,41520.908522692276,44964.7404239609,38433.56968909868
DALYs (Disability-Adjusted Life Years),Ukraine,Both,Age-standardized,All causes,Rate,1993,41479.585018260856,44691.21680596784,38490.781503678416
DALYs (Disability-Adjusted Life Years),Iceland,Both,Age-standardized,All causes,Rate,1993,22955.76268461717,26140.641301584605,20334.35102533513
DALYs (Disability-Adjusted Life Years),Jordan,Both,Age-standardized,All causes,Rate,1993,34443.02635261109,39049.97757432989,30341.949956555538
DALYs (Disability-Adjusted Life Years),Niue,Both,Age-standardized,All causes,Rate,1992,40610.55181326631,46835.36272741596,35004.18897174604
DALYs (Disability-Adjusted Life Years),Belgium,Both,Age-standardized,All causes,Rate,1993,26369.871790474703,29597.60179146386,23607.44302533761
DALYs (Disability-Adjusted Life Years),Iraq,Both,Age-standardized,All causes,Rate,1991,47289.466374143114,52334.174387304076,42971.318105260245
DALYs (Disability-Adjusted Life Years),Luxembourg,Both,Age-standardized,All causes,Rate,1993,27199.44445350923,30616.654973022716,24334.46128932708
DALYs (Disability-Adjusted Life Years),Italy,Both,Age-standardized,All causes,Rate,1993,25229.509897177577,28581.463659217545,22372.5740108624
DALYs (Disability-Adjusted Life Years),Türkiye,Both,Age-standardized,All causes,Rate,1992,43146.58119584153,47561.55403683816,39527.78316838276
DALYs (Disability-Adjusted Life Years),Barbados,Both,Age-standardized,All causes,Rate,1990,30817.613363125867,34045.263916676355,28088.81495100205
DALYs (Disability-Adjusted Life Years),Russian Federation,Both,Age-standardized,All causes,Rate,1992,42544.17764332278,45842.71500589938,39688.28315856866
DALYs (Disability-Adjusted Life Years),Senegal,Both,Age-standardized,All causes,Rate,1992,69332.94817909124,74504.97349379674,64119.05951560068
DALYs (Disability-Adjusted Life Years),Nicaragua,Both,Age-standardized,All causes,Rate,1993,35951.861232031675,39549.379900004365,32935.78352256037
DALYs (Disability-Adjusted Life Years),North Macedonia,Both,Age-standardized,All causes,Rate,1992,37894.10234189313,40995.00465782673,35180.28687854794
DALYs (Disability-Adjusted Life Years),Nepal,Both,Age-standardized,All causes,Rate,1992,68077.43641314605,74886.23084768065,61957.39601525621
DALYs (Disability-Adjusted Life Years),Nepal,Both,Age-standardized,All causes,Rate,1991,70768.11936403763,77747.97199460803,64757.89940758072
DALYs (Disability-Adjusted Life Years),United Kingdom,Both,Age-standardized,All causes,Rate,1990,27480.22201445397,30839.6166204979,24672.72384498837
DALYs (Disability-Adjusted Life Years),United Kingdom,Both,Age-standardized,All causes,Rate,1993,26431.14423386641,29720.82543269787,23604.01890435802
DALYs (Disability-Adjusted Life Years),Armenia,Both,Age-standardized,All causes,Rate,1990,37340.95066244999,40773.707960091335,34458.44292339417
DALYs (Disability-Adjusted Life Years),New Zealand,Both,Age-standardized,All causes,Rate,1990,29378.947578937037,32938.0839936268,26209.040402038187
DALYs (Disability-Adjusted Life Years),Uruguay,Both,Age-standardized,All causes,Rate,1992,31574.749439542233,34537.87307585294,28956.30718393427
DALYs (Disability-Adjusted Life Years),Bangladesh,Both,Age-standardized,All causes,Rate,1993,62463.90679414381,66951.69542832012,58293.92800417248
DALYs (Disability-Adjusted Life Years),Saudi Arabia,Both,Age-standardized,All causes,Rate,1991,43310.15916750633,50162.255189857606,36979.011978584575
DALYs (Disability-Adjusted Life Years),United States Virgin Islands,Both,Age-standardized,All causes,Rate,1990,33590.90699696754,37372.095664104236,29994.554241951733
DALYs (Disability-Adjusted Life Years),Puerto Rico,Both,Age-standardized,All causes,Rate,1991,31125.086179755184,34466.198796138204,28438.008827522248
DALYs (Disability-Adjusted Life Years),Australia,Both,Age-standardized,All causes,Rate,1990,26794.976735365595,30192.29527911186,23928.59914039552
DALYs (Disability-Adjusted Life Years),Chad,Both,Age-standardized,All causes,Rate,1991,87491.25447848653,94292.68601257738,81416.71786493974
DALYs (Disability-Adjusted Life Years),Maldives,Both,Age-standardized,All causes,Rate,1991,47306.09823364069,51004.29927210988,43804.57584423102
DALYs (Disability-Adjusted Life Years),Czechia,Both,Age-standardized,All causes,Rate,1990,34221.274559921774,37422.34454494335,31428.676113387788
DALYs (Disability-Adjusted Life Years),Tajikistan,Both,Age-standardized,All causes,Rate,1993,67622.2385976758,72588.64554194895,63280.086556237846
DALYs (Disability-Adjusted Life Years),South Sudan,Both,Age-standardized,All causes,Rate,1992,90287.80417991073,103418.86136019143,78687.02122814191
DALYs (Disability-Adjusted Life Years),Marshall Islands,Both,Age-standardized,All causes,Rate,1993,56138.05626033923,60449.91279709797,52330.53925827076
DALYs (Disability-Adjusted Life Years),Kazakhstan,Both,Age-standardized,All causes,Rate,1993,48635.52433890899,52175.41105194841,45759.8439662697
DALYs (Disability-Adjusted Life Years),Lao People's Democratic Republic,Both,Age-standardized,All causes,Rate,1992,83769.57121767296,94240.3227084875,74318.74280790979
DALYs (Disability-Adjusted Life Years),Chile,Both,Age-standardized,All causes,Rate,1992,29903.083969517196,33064.92325646652,27106.572245101677
DALYs (Disability-Adjusted Life Years),Montenegro,Both,Age-standardized,All causes,Rate,1992,27989.247903342108,31237.00863542842,25179.345327850966
DALYs (Disability-Adjusted Life Years),Tajikistan,Both,Age-standardized,All causes,Rate,1991,48214.52237095084,52302.779539905656,44789.78932494387
DALYs (Disability-Adjusted Life Years),Peru,Both,Age-standardized,All causes,Rate,1993,40330.30693370908,43871.6524104764,36979.863513991164
DALYs (Disability-Adjusted Life Years),United Republic of Tanzania,Both,Age-standardized,All causes,Rate,1992,84452.77005217246,92625.3133325932,77889.15632119536
DALYs (Disability-Adjusted Life Years),Micronesia (Federated States of),Both,Age-standardized,All causes,Rate,1991,54688.30390317301,63031.584119310326,47002.88727471446
DALYs (Disability-Adjusted Life Years),Ireland,Both,Age-standardized,All causes,Rate,1993,27547.860610001317,30904.152420095787,24758.523815548207
DALYs (Disability-Adjusted Life Years),Ireland,Both,Age-standardized,All causes,Rate,1992,27701.88321829969,31002.171799107313,24961.962752397783
DALYs (Disability-Adjusted Life Years),Nigeria,Both,Age-standardized,All causes,Rate,1990,84740.82514219052,91193.33614733964,78367.00864172615
DALYs (Disability-Adjusted Life Years),Zimbabwe,Both,Age-standardized,All causes,Rate,1990,59725.9491033989,68003.76702593896,52997.69144117801
DALYs (Disability-Adjusted Life Years),Viet Nam,Both,Age-standardized,All causes,Rate,1990,39579.279099880754,44914.491159360296,35100.32513561175
DALYs (Disability-Adjusted Life Years),Türkiye,Both,Age-standardized,All causes,Rate,1991,43947.056978381064,47985.09263424105,40392.58755448259
DALYs (Disability-Adjusted Life Years),Iceland,Both,Age-standardized,All causes,Rate,1990,24022.398964352098,27141.663310922893,21343.46650307113
DALYs (Disability-Adjusted Life Years),Brazil,Both,Age-standardized,All causes,Rate,1993,41435.4961409989,45340.95999905581,38019.16139842669
DALYs (Disability-Adjusted Life Years),Tajikistan,Both,Age-standardized,All causes,Rate,1992,55714.14147122274,60402.08339150659,51925.95899518013
DALYs (Disability-Adjusted Life Years),Comoros,Both,Age-standardized,All causes,Rate,1991,69213.12000053638,77021.19583319577,61975.08477491624
DALYs (Disability-Adjusted Life Years),Papua New Guinea,Both,Age-standardized,All causes,Rate,1991,60349.17287141478,68435.87366885791,52770.69832144083
DALYs (Disability-Adjusted Life Years),Mali,Both,Age-standardized,All causes,Rate,1990,99430.74638549911,105767.60552116438,92978.70335600579
DALYs (Disability-Adjusted Life Years),Côte d'Ivoire,Both,Age-standardized,All causes,Rate,1992,83800.84773639313,93567.52172077281,75780.72712205905
DALYs (Disability-Adjusted Life Years),Trinidad and Tobago,Both,Age-standardized,All causes,Rate,1993,39810.22664981383,43121.11650109223,36627.90567215077
DALYs (Disability-Adjusted Life Years),Hungary,Both,Age-standardized,All causes,Rate,1992,39739.457905377,42945.7270789443,36895.24173938354
DALYs (Disability-Adjusted Life Years),Kiribati,Both,Age-standardized,All causes,Rate,1990,67714.04939563115,75117.11991856285,60655.029404389796
DALYs (Disability-Adjusted Life Years),Georgia,Both,Age-standardized,All causes,Rate,1990,38967.588316783986,42212.72569267952,36304.828411249015
DALYs (Disability-Adjusted Life Years),Trinidad and Tobago,Both,Age-standardized,All causes,Rate,1990,39749.49871889609,43016.5354620227,36883.16530588075
DALYs (Disability-Adjusted Life Years),United Arab Emirates,Both,Age-standardized,All causes,Rate,1993,34737.31536087414,40088.9511709014,30076.80961349809
DALYs (Disability-Adjusted Life Years),Palau,Both,Age-standardized,All causes,Rate,1991,46092.53665490266,53898.924940957826,39099.399919562595
DALYs (Disability-Adjusted Life Years),Dominica,Both,Age-standardized,All causes,Rate,1991,33587.519174263594,37382.89350326653,30825.843072840253
DALYs (Disability-Adjusted Life Years),Austria,Both,Age-standardized,All causes,Rate,1992,26861.96240247147,30151.688605533232,24191.056865228446
DALYs (Disability-Adjusted Life Years),Poland,Both,Age-standardized,All causes,Rate,1991,36316.45289936475,39532.2840664273,33574.05512781084
DALYs (Disability-Adjusted Life Years),Azerbaijan,Both,Age-standardized,All causes,Rate,1991,47528.09775131156,51351.200251661256,44308.29239078751
DALYs (Disability-Adjusted Life Years),Australia,Both,Age-standardized,All causes,Rate,1992,25774.19382561262,29120.78440507169,22982.233365595093
DALYs (Disability-Adjusted Life Years),Ecuador,Both,Age-standardized,All causes,Rate,1992,36076.27759462719,39361.356767868485,33256.33381330805
DALYs (Disability-Adjusted Life Years),Taiwan (Province of China),Both,Age-standardized,All causes,Rate,1993,26397.37127053155,29070.512049534602,24116.92339023559
DALYs (Disability-Adjusted Life Years),Indonesia,Both,Age-standardized,All causes,Rate,1992,50557.27653472646,54296.575695048865,47172.27064161039
DALYs (Disability-Adjusted Life Years),Cameroon,Both,Age-standardized,All causes,Rate,1991,71375.77714535795,77651.89712362402,66127.02834331711
DALYs (Disability-Adjusted Life Years),Egypt,Both,Age-standardized,All causes,Rate,1990,58005.012432725875,61608.01085420304,54598.72989213534
DALYs (Disability-Adjusted Life Years),Antigua and Barbuda,Both,Age-standardized,All causes,Rate,1990,30325.5409347746,33858.44584886892,27544.41572546622
DALYs (Disability-Adjusted Life Years),Estonia,Both,Age-standardized,All causes,Rate,1991,38971.218008419775,42111.65217623673,36165.81391085037
DALYs (Disability-Adjusted Life Years),Ecuador,Both,Age-standardized,All causes,Rate,1991,37123.280444714845,40506.07850192275,34226.102518983156
DALYs (Disability-Adjusted Life Years),Panama,Both,Age-standardized,All causes,Rate,1992,28510.0055828375,31374.707742461684,25813.584738449357
DALYs (Disability-Adjusted Life Years),Guatemala,Both,Age-standardized,All causes,Rate,1990,59158.20559837388,63126.515266019924,55524.440848132595
DALYs (Disability-Adjusted Life Years),Andorra,Both,Age-standardized,All causes,Rate,1991,23196.356427587798,27658.424061970454,19182.658983889964
DALYs (Disability-Adjusted Life Years),Ukraine,Both,Age-standardized,All causes,Rate,1991,38757.75543036263,41951.40407441115,35825.31261740515
DALYs (Disability-Adjusted Life Years),Italy,Both,Age-standardized,All causes,Rate,1992,25618.44947071513,28954.520131988793,22808.671510025066
DALYs (Disability-Adjusted Life Years),United Republic of Tanzania,Both,Age-standardized,All causes,Rate,1991,82817.838376778,90302.20596674796,76802.7602894497
DALYs (Disability-Adjusted Life Years),Latvia,Both,Age-standardized,All causes,Rate,1992,40792.690324315554,43945.87651072023,38045.03205232719
DALYs (Disability-Adjusted Life Years),Ireland,Both,Age-standardized,All causes,Rate,1990,28549.231731835072,31836.47498673544,25702.07074732557
DALYs (Disability-Adjusted Life Years),Nicaragua,Both,Age-standardized,All causes,Rate,1990,37031.5950980895,40807.306173273195,34033.70691525572
DALYs (Disability-Adjusted Life Years),France,Both,Age-standardized,All causes,Rate,1990,26240.0904890005,29653.150424523566,23422.172578730006
DALYs (Disability-Adjusted Life Years),Venezuela (Bolivarian Republic of),Both,Age-standardized,All causes,Rate,1993,33992.13717478799,37276.831454456085,31240.21508073688
DALYs (Disability-Adjusted Life Years),Hungary,Both,Age-standardized,All causes,Rate,1990,39184.012668573654,42398.908147132686,36378.312468982665
DALYs (Disability-Adjusted Life Years),Panama,Both,Age-standardized,All causes,Rate,1993,28776.479884771717,31685.25175945276,26122.79883172824
DALYs (Disability-Adjusted Life Years),Georgia,Both,Age-standardized,All causes,Rate,1992,40593.59894097374,44018.92314947496,37999.05406365125
DALYs (Disability-Adjusted Life Years),Saint Vincent and the Grenadines,Both,Age-standardized,All causes,Rate,1990,38469.571976017825,42156.08532721574,35400.13411382462
DALYs (Disability-Adjusted Life Years),Côte d'Ivoire,Both,Age-standardized,All causes,Rate,1991,81498.75051107544,90181.87358769645,73454.79056258433
DALYs (Disability-Adjusted Life Years),Paraguay,Both,Age-standardized,All causes,Rate,1993,31108.521758116152,35511.35859681811,26880.06259051916
DALYs (Disability-Adjusted Life Years),Belgium,Both,Age-standardized,All causes,Rate,1992,26521.813301978375,29849.973485007842,23767.72830060471
DALYs (Disability-Adjusted Life Years),Latvia,Both,Age-standardized,All causes,Rate,1990,38695.20093842565,42122.55338982419,35891.279010108265
DALYs (Disability-Adjusted Life Years),Democratic People's Republic of Korea,Both,Age-standardized,All causes,Rate,1993,37010.680280166554,43431.15223603008,30609.95214817325
DALYs (Disability-Adjusted Life Years),Poland,Both,Age-standardized,All causes,Rate,1993,34146.100429884835,37296.93778859452,31407.219311603007
DALYs (Disability-Adjusted Life Years),Fiji,Both,Age-standardized,All causes,Rate,1991,45850.54870151624,51798.50166782176,40796.10659148266
DALYs (Disability-Adjusted Life Years),Marshall Islands,Both,Age-standardized,All causes,Rate,1990,55498.86183501207,59614.895290158645,51184.47388698792
DALYs (Disability-Adjusted Life Years),Senegal,Both,Age-standardized,All causes,Rate,1991,69496.01318513947,74686.32039311944,64082.20469139998
DALYs (Disability-Adjusted Life Years),Italy,Both,Age-standardized,All causes,Rate,1991,25930.71815879045,29282.095375973484,23050.506341244665
DALYs (Disability-Adjusted Life Years),United Arab Emirates,Both,Age-standardized,All causes,Rate,1990,37626.70762292757,43515.8013974256,32196.500573698017
DALYs (Disability-Adjusted Life Years),Grenada,Both,Age-standardized,All causes,Rate,1993,37123.94353894633,40762.23376385367,33857.595587523545
DALYs (Disability-Adjusted Life Years),Cuba,Both,Age-standardized,All causes,Rate,1990,29168.08340495591,32290.010922230424,26587.510132081665
DALYs (Disability-Adjusted Life Years),Cuba,Both,Age-standardized,All causes,Rate,1993,28757.188633295693,31955.781416435657,26074.02139309132
DALYs (Disability-Adjusted Life Years),Kenya,Both,Age-standardized,All causes,Rate,1992,64091.09776745414,71044.83587169481,58707.83546596283
DALYs (Disability-Adjusted Life Years),Indonesia,Both,Age-standardized,All causes,Rate,1991,51650.0498972828,55269.64996147555,48358.34863825818
DALYs (Disability-Adjusted Life Years),Australia,Both,Age-standardized,All causes,Rate,1991,26056.61613290507,29406.82644777368,23231.72016891249
DALYs (Disability-Adjusted Life Years),Mongolia,Both,Age-standardized,All causes,Rate,1991,57857.579185473216,61882.35662663491,54098.06025844788
DALYs (Disability-Adjusted Life Years),Libya,Both,Age-standardized,All causes,Rate,1992,33467.33130892266,37631.45303961907,29715.48597968174
DALYs (Disability-Adjusted Life Years),Niger,Both,Age-standardized,All causes,Rate,1991,109169.8723207292,117482.8802123614,102526.66012480659
DALYs (Disability-Adjusted Life Years),Myanmar,Both,Age-standardized,All causes,Rate,1992,77731.38389336684,87053.4813323675,68582.55597420233
DALYs (Disability-Adjusted Life Years),Cambodia,Both,Age-standardized,All causes,Rate,1991,71344.28370235246,77344.47145545145,65642.49563549069
DALYs (Disability-Adjusted Life Years),Saint Lucia,Both,Age-standardized,All causes,Rate,1990,38877.66052996389,42246.779095281294,35722.82751534876
DALYs (Disability-Adjusted Life Years),Myanmar,Both,Age-standardized,All causes,Rate,1991,78673.51544558586,88194.0180886134,69466.70137589356
DALYs (Disability-Adjusted Life Years),Angola,Both,Age-standardized,All causes,Rate,1990,101933.24594807973,113207.15110476325,91422.01897694006
DALYs (Disability-Adjusted Life Years),Kiribati,Both,Age-standardized,All causes,Rate,1991,67253.28721934813,74663.51171920288,60433.280998144975
DALYs (Disability-Adjusted Life Years),Monaco,Both,Age-standardized,All causes,Rate,1991,23838.641482693874,27832.372062313538,20251.005206501177
DALYs (Disability-Adjusted Life Years),Croatia,Both,Age-standardized,All causes,Rate,1991,37953.550075115,41172.853158591184,35256.93544128173
DALYs (Disability-Adjusted Life Years),Honduras,Both,Age-standardized,All causes,Rate,1990,43729.19011982945,47901.7843648122,39779.438364108566
DALYs (Disability-Adjusted Life Years),Cameroon,Both,Age-standardized,All causes,Rate,1990,70767.95436537833,76911.17950593504,65081.7273998626
DALYs (Disability-Adjusted Life Years),Afghanistan,Both,Age-standardized,All causes,Rate,1993,87359.4110765167,98367.96235510385,77082.4066538981
DALYs (Disability-Adjusted Life Years),Poland,Both,Age-standardized,All causes,Rate,1992,35391.692369814686,38606.02366104091,32657.94854852987
DALYs (Disability-Adjusted Life Years),Panama,Both,Age-standardized,All causes,Rate,1990,28858.926983214744,31929.80385676973,26168.991102860833
DALYs (Disability-Adjusted Life Years),Nigeria,Both,Age-standardized,All causes,Rate,1991,85287.1258320444,91627.36506000902,79631.8829489637
DALYs (Disability-Adjusted Life Years),Belize,Both,Age-standardized,All causes,Rate,1990,34249.55504566053,37955.63710248338,31330.086386775783
DALYs (Disability-Adjusted Life Years),Belize,Both,Age-standardized,All causes,Rate,1991,34565.43336652812,38207.89415397619,31428.41806952257
DALYs (Disability-Adjusted Life Years),Barbados,Both,Age-standardized,All causes,Rate,1992,30754.078633530524,34064.282043761654,27964.39542942225
DALYs (Disability-Adjusted Life Years),Republic of Korea,Both,Age-standardized,All causes,Rate,1990,33347.11792780565,36346.706581694125,30807.75412040221
DALYs (Disability-Adjusted Life Years),New Zealand,Both,Age-standardized,All causes,Rate,1992,28316.222281592087,31741.248884696648,25279.77882440232
DALYs (Disability-Adjusted Life Years),Spain,Both,Age-standardized,All causes,Rate,1990,25871.502119793404,29076.22363317983,23120.555832129998
DALYs (Disability-Adjusted Life Years),Libya,Both,Age-standardized,All causes,Rate,1991,34267.6285375579,38742.87263332966,30435.139977624847
DALYs (Disability-Adjusted Life Years),Georgia,Both,Age-standardized,All causes,Rate,1991,39269.89546787509,42675.20184407667,36657.689492679725
DALYs (Disability-Adjusted Life Years),South Africa,Both,Age-standardized,All causes,Rate,1992,55179.16082737864,58989.703605625255,51803.044847442994
DALYs (Disability-Adjusted Life Years),Malta,Both,Age-standardized,All causes,Rate,1993,24362.77212007658,27520.520841454854,21791.19466350318
DALYs (Disability-Adjusted Life Years),Bosnia and Herzegovina,Both,Age-standardized,All causes,Rate,1990,31223.87613380016,34448.17132881705,28508.899692432522
DALYs (Disability-Adjusted Life Years),Israel,Both,Age-standardized,All causes,Rate,1990,24870.103349029156,28056.730838436848,22198.940781877245
DALYs (Disability-Adjusted Life Years),Timor-Leste,Both,Age-standardized,All causes,Rate,1993,64006.16855640243,69900.55757907273,58902.629965746004
DALYs (Disability-Adjusted Life Years),Kazakhstan,Both,Age-standardized,All causes,Rate,1992,45894.890294611505,49431.854062026156,42978.00825221192
DALYs (Disability-Adjusted Life Years),Chile,Both,Age-standardized,All causes,Rate,1991,30856.654734280015,33989.46955988672,28067.267324813456
DALYs (Disability-Adjusted Life Years),Montenegro,Both,Age-standardized,All causes,Rate,1991,28041.334173111853,31145.38127695344,25420.01074117155
DALYs (Disability-Adjusted Life Years),Belize,Both,Age-standardized,All causes,Rate,1993,33947.23390635686,37513.462299899125,30903.183184323734
DALYs (Disability-Adjusted Life Years),Germany,Both,Age-standardized,All causes,Rate,1990,27780.538080115584,31046.179172865475,24998.29762332093
DALYs (Disability-Adjusted Life Years),Dominica,Both,Age-standardized,All causes,Rate,1992,33593.29816623164,37283.481894614626,30792.776052130826
DALYs (Disability-Adjusted Life Years),Argentina,Both,Age-standardized,All causes,Rate,1990,33868.32719049066,37040.930039669554,31146.49065752257
DALYs (Disability-Adjusted Life Years),Angola,Both,Age-standardized,All causes,Rate,1992,99011.97652966925,108313.1113579682,89263.57915736698
DALYs (Disability-Adjusted Life Years),Morocco,Both,Age-standardized,All causes,Rate,1993,45076.76605671234,50135.518419758286,40870.48925030222
DALYs (Disability-Adjusted Life Years),Nicaragua,Both,Age-standardized,All causes,Rate,1992,36437.29259395638,40166.07743705541,33353.73476043423
DALYs (Disability-Adjusted Life Years),South Sudan,Both,Age-standardized,All causes,Rate,1991,91443.41076103598,104314.45888198745,80079.0999408286
DALYs (Disability-Adjusted Life Years),Czechia,Both,Age-standardized,All causes,Rate,1991,33201.393536942334,36412.01588424484,30469.811423775016
DALYs (Disability-Adjusted Life Years),Botswana,Both,Age-standardized,All causes,Rate,1992,65896.90993173746,77730.39881900855,55527.43151169579
DALYs (Disability-Adjusted Life Years),Jordan,Both,Age-standardized,All causes,Rate,1991,34820.0329703518,39035.731113388014,30847.084663747202
DALYs (Disability-Adjusted Life Years),Sweden,Both,Age-standardized,All causes,Rate,1990,23890.12410204041,27032.53911021989,21262.30470534445
DALYs (Disability-Adjusted Life Years),Belize,Both,Age-standardized,All causes,Rate,1992,33893.486383396965,37552.73906170857,30852.126493076204
DALYs (Disability-Adjusted Life Years),Pakistan,Both,Age-standardized,All causes,Rate,1993,59456.11318965301,63758.41146074208,55462.329495239836
DALYs (Disability-Adjusted Life Years),Bolivia (Plurinational State of),Both,Age-standardized,All causes,Rate,1990,61144.65442033067,66476.46953086683,56259.09710457247
DALYs (Disability-Adjusted Life Years),Argentina,Both,Age-standardized,All causes,Rate,1993,32842.81412813154,35996.07709629707,30165.009779934364
DALYs (Disability-Adjusted Life Years),Israel,Both,Age-standardized,All causes,Rate,1993,24521.575508092665,27677.83266357974,21866.33594175491
DALYs (Disability-Adjusted Life Years),Uruguay,Both,Age-standardized,All causes,Rate,1991,31750.298846160236,34745.82096663129,29124.11842387713
DALYs (Disability-Adjusted Life Years),Kuwait,Both,Age-standardized,All causes,Rate,1993,23422.432623684588,26653.424813405407,20758.41755241888
DALYs (Disability-Adjusted Life Years),Luxembourg,Both,Age-standardized,All causes,Rate,1991,28289.178924056763,31798.25881420112,25552.656890782022
DALYs (Disability-Adjusted Life Years),Luxembourg,Both,Age-standardized,All causes,Rate,1992,27574.522008703258,31003.70066415459,24798.124305205594
DALYs (Disability-Adjusted Life Years),Philippines,Both,Age-standardized,All causes,Rate,1993,40722.83654716634,44253.698842923775,37597.21079017338
DALYs (Disability-Adjusted Life Years),Yemen,Both,Age-standardized,All causes,Rate,1993,66989.49963900947,75871.80931532307,59067.94948021346
DALYs (Disability-Adjusted Life Years),Russian Federation,Both,Age-standardized,All causes,Rate,1991,40220.53726329649,43608.338971433484,37370.55628695736
DALYs (Disability-Adjusted Life Years),Nauru,Both,Age-standardized,All causes,Rate,1991,61475.529235977134,70232.48227827679,53811.68975660322
DALYs (Disability-Adjusted Life Years),Canada,Both,Age-standardized,All causes,Rate,1993,24475.63246413612,27610.489515288118,21838.580857453882
DALYs (Disability-Adjusted Life Years),Kazakhstan,Both,Age-standardized,All causes,Rate,1991,43721.37218007663,47559.621359638615,40876.779740378304
DALYs (Disability-Adjusted Life Years),Pakistan,Both,Age-standardized,All causes,Rate,1990,59253.79186458837,63308.768189696915,55014.269184141274
DALYs (Disability-Adjusted Life Years),Peru,Both,Age-standardized,All causes,Rate,1991,43849.2948685249,47975.48611004226,40359.449776723945
DALYs (Disability-Adjusted Life Years),New Zealand,Both,Age-standardized,All causes,Rate,1991,28740.55384170119,32242.834037727036,25690.99852984606
DALYs (Disability-Adjusted Life Years),Iran (Islamic Republic of),Both,Age-standardized,All causes,Rate,1990,47155.90756373013,51254.780819112944,43925.85483751803
DALYs (Disability-Adjusted Life Years),Trinidad and Tobago,Both,Age-standardized,All causes,Rate,1992,39225.9209122726,42540.46045815363,36370.126171272044
DALYs (Disability-Adjusted Life Years),Jordan,Both,Age-standardized,All causes,Rate,1992,34227.797397269336,38593.09127272219,30294.322030103594
DALYs (Disability-Adjusted Life Years),Syrian Arab Republic,Both,Age-standardized,All causes,Rate,1990,41517.98606948473,46708.87742249286,36706.24729480762
DALYs (Disability-Adjusted Life Years),Singapore,Both,Age-standardized,All causes,Rate,1990,25972.187468876327,28745.625330470637,23678.62689709668
DALYs (Disability-Adjusted Life Years),Belarus,Both,Age-standardized,All causes,Rate,1990,35389.74852157627,38712.956066895116,32667.772863602706
DALYs (Disability-Adjusted Life Years),United Kingdom,Both,Age-standardized,All causes,Rate,1991,27080.54299450727,30425.329717075467,24243.81439682707
DALYs (Disability-Adjusted Life Years),Iraq,Both,Age-standardized,All causes,Rate,1990,47098.20022476251,52240.13095704355,42823.90194412823
DALYs (Disability-Adjusted Life Years),Malta,Both,Age-standardized,All causes,Rate,1991,25122.00331041185,28346.976262055025,22562.641104915838
DALYs (Disability-Adjusted Life Years),Bolivia (Plurinational State of),Both,Age-standardized,All causes,Rate,1993,57226.81125142591,62107.04512445251,52837.78893681086
DALYs (Disability-Adjusted Life Years),Bulgaria,Both,Age-standardized,All causes,Rate,1990,38832.97430169936,42006.97502858561,35978.71208119572
DALYs (Disability-Adjusted Life Years),Slovenia,Both,Age-standardized,All causes,Rate,1993,30294.758252436804,33589.35752915374,27694.400068803705
DALYs (Disability-Adjusted Life Years),Greece,Both,Age-standardized,All causes,Rate,1990,25509.92255450839,28741.576126497726,22703.528457358625
DALYs (Disability-Adjusted Life Years),Lebanon,Both,Age-standardized,All causes,Rate,1993,35298.542657708254,40236.6636638239,31216.253253673887
DALYs (Disability-Adjusted Life Years),Democratic Republic of the Congo,Both,Age-standardized,All causes,Rate,1992,86408.36951817638,94872.20806856045,79412.62938254017
DALYs (Disability-Adjusted Life Years),Suriname,Both,Age-standardized,All causes,Rate,1990,42864.406349602454,46585.88198392262,39625.38095913168
DALYs (Disability-Adjusted Life Years),Palestine,Both,Age-standardized,All causes,Rate,1993,39339.62853771953,44531.26520322297,34907.05717488153
DALYs (Disability-Adjusted Life Years),Viet Nam,Both,Age-standardized,All causes,Rate,1993,37521.05775604805,42380.154753913004,33473.297235344246
DALYs (Disability-Adjusted Life Years),Kuwait,Both,Age-standardized,All causes,Rate,1990,30984.912199476268,34162.483052570744,28320.477105281327
DALYs (Disability-Adjusted Life Years),United Kingdom,Both,Age-standardized,All causes,Rate,1992,26588.344610101987,29887.936123141622,23795.44342728195
DALYs (Disability-Adjusted Life Years),Samoa,Both,Age-standardized,All causes,Rate,1991,41048.23619262994,46192.07198528796,36361.00625292794
DALYs (Disability-Adjusted Life Years),Greece,Both,Age-standardized,All causes,Rate,1994,24770.573359410013,28062.80892032692,22076.735790717747
DALYs (Disability-Adjusted Life Years),Belgium,Both,Age-standardized,All causes,Rate,1991,26683.6400118933,29974.562829433216,23895.14825552113
DALYs (Disability-Adjusted Life Years),Venezuela (Bolivarian Republic of),Both,Age-standardized,All causes,Rate,1990,35068.929287988496,38332.29254655972,32418.2787046027
DALYs (Disability-Adjusted Life Years),Equatorial Guinea,Both,Age-standardized,All causes,Rate,1992,93416.48251070021,106469.18085285311,81367.86458789086
DALYs (Disability-Adjusted Life Years),Hungary,Both,Age-standardized,All causes,Rate,1991,39080.32922958588,42372.30516019605,36320.009909859065
DALYs (Disability-Adjusted Life Years),Malta,Both,Age-standardized,All causes,Rate,1992,24819.79357884778,28028.02960060773,22257.760175359952
DALYs (Disability-Adjusted Life Years),Serbia,Both,Age-standardized,All causes,Rate,1993,37389.33316161737,41984.20119157877,33369.08735293289
DALYs (Disability-Adjusted Life Years),Cyprus,Both,Age-standardized,All causes,Rate,1993,31250.84584605668,34442.85962289314,28480.62240494086
DALYs (Disability-Adjusted Life Years),Marshall Islands,Both,Age-standardized,All causes,Rate,1991,55877.464358228324,59905.913374410535,51909.157171771316
DALYs (Disability-Adjusted Life Years),Lithuania,Both,Age-standardized,All causes,Rate,1992,37471.25531242464,40715.446311584594,34813.70290915663
DALYs (Disability-Adjusted Life Years),Sri Lanka,Both,Age-standardized,All causes,Rate,1993,34623.97709398776,37892.27116922987,31872.005819339694
DALYs (Disability-Adjusted Life Years),Mexico,Both,Age-standardized,All causes,Rate,1990,39328.226401711,42828.929080934955,36324.202419014655
DALYs (Disability-Adjusted Life Years),Iceland,Both,Age-standardized,All causes,Rate,1991,23664.40254562108,26784.68845814582,21033.92739954813
DALYs (Disability-Adjusted Life Years),Botswana,Both,Age-standardized,All causes,Rate,1990,59973.35050520546,69119.27903074663,51189.210892112635
DALYs (Disability-Adjusted Life Years),Guinea-Bissau,Both,Age-standardized,All causes,Rate,1992,100268.67546314688,112006.35549299855,90343.79798672679
DALYs (Disability-Adjusted Life Years),Colombia,Both,Age-standardized,All causes,Rate,1993,36838.45995929218,40091.44318746504,34132.386483200506
DALYs (Disability-Adjusted Life Years),Palestine,Both,Age-standardized,All causes,Rate,1992,40190.4368201193,45505.33776351165,35454.478622723815
DALYs (Disability-Adjusted Life Years),Yemen,Both,Age-standardized,All causes,Rate,1992,68149.92249778949,77089.02546291078,60219.90729383927
DALYs (Disability-Adjusted Life Years),Kenya,Both,Age-standardized,All causes,Rate,1990,59153.86194878774,64813.78781331959,54582.29631930883
DALYs (Disability-Adjusted Life Years),Iceland,Both,Age-standardized,All causes,Rate,1992,23275.475794367743,26478.455251488518,20674.861157595697
DALYs (Disability-Adjusted Life Years),Uganda,Both,Age-standardized,All causes,Rate,1990,104171.26839400988,116665.29438316237,92219.21905832489
DALYs (Disability-Adjusted Life Years),Botswana,Both,Age-standardized,All causes,Rate,1991,62233.45310122752,72871.93525839018,52951.45601562861
DALYs (Disability-Adjusted Life Years),Lithuania,Both,Age-standardized,All causes,Rate,1991,37215.858612754906,40387.30179710219,34393.9901206666
DALYs (Disability-Adjusted Life Years),Uganda,Both,Age-standardized,All causes,Rate,1993,106989.91228472159,118262.06726963267,96048.5496656596
DALYs (Disability-Adjusted Life Years),Switzerland,Both,Age-standardized,All causes,Rate,1994,24222.75049154935,27571.666960539344,21403.528778157794
DALYs (Disability-Adjusted Life Years),Ireland,Both,Age-standardized,All causes,Rate,1991,28111.538037826973,31364.85834530236,25342.750388457753
DALYs (Disability-Adjusted Life Years),Mexico,Both,Age-standardized,All causes,Rate,1994,35808.69786817391,39101.95586511466,32875.700480853244
DALYs (Disability-Adjusted Life Years),United Arab Emirates,Both,Age-standardized,All causes,Rate,1992,35766.66416628454,41272.72731310656,31055.592120247078
DALYs (Disability-Adjusted Life Years),Djibouti,Both,Age-standardized,All causes,Rate,1990,60898.8782223713,70546.02601927122,52950.09454912105
DALYs (Disability-Adjusted Life Years),Guam,Both,Age-standardized,All causes,Rate,1992,29018.066883504707,32116.336503961153,26674.02184693524
DALYs (Disability-Adjusted Life Years),Brazil,Both,Age-standardized,All causes,Rate,1992,41547.75591962548,45357.640927828215,38318.348933809495
DALYs (Disability-Adjusted Life Years),Angola,Both,Age-standardized,All causes,Rate,1991,99427.29309491254,109636.36879889757,89364.48367793833
DALYs (Disability-Adjusted Life Years),Lao People's Democratic Republic,Both,Age-standardized,All causes,Rate,1991,85512.30698340974,96312.7747630482,75801.45065980361
DALYs (Disability-Adjusted Life Years),Peru,Both,Age-standardized,All causes,Rate,1992,41578.37962668588,45288.13669397733,38215.007979780916
DALYs (Disability-Adjusted Life Years),Gambia,Both,Age-standardized,All causes,Rate,1992,67309.2696960628,75481.88649240666,60614.4126964167
DALYs (Disability-Adjusted Life Years),Cuba,Both,Age-standardized,All causes,Rate,1992,28752.499197810328,31938.166825162807,26189.367712996485
DALYs (Disability-Adjusted Life Years),Northern Mariana Islands,Both,Age-standardized,All causes,Rate,1990,33438.38602117392,39280.71600760339,28613.33952831292
DALYs (Disability-Adjusted Life Years),Türkiye,Both,Age-standardized,All causes,Rate,1990,45335.82852786185,49473.132528383794,41570.026270171526
DALYs (Disability-Adjusted Life Years),Bahamas,Both,Age-standardized,All causes,Rate,1994,37416.07585067807,41028.5584785821,34251.97716605326
DALYs (Disability-Adjusted Life Years),Namibia,Both,Age-standardized,All causes,Rate,1992,58411.351879390626,64085.27896650591,53599.54304646233
DALYs (Disability-Adjusted Life Years),Paraguay,Both,Age-standardized,All causes,Rate,1992,30868.94617068439,34967.39277069536,26706.82049114266
DALYs (Disability-Adjusted Life Years),Lebanon,Both,Age-standardized,All causes,Rate,1992,35867.7363560083,40564.68786294878,31566.70633388452
DALYs (Disability-Adjusted Life Years),Chad,Both,Age-standardized,All causes,Rate,1993,87036.93598562424,93916.94354459699,80543.24484564466
DALYs (Disability-Adjusted Life Years),Mozambique,Both,Age-standardized,All causes,Rate,1992,93502.99195964789,101474.35873723119,86479.65497865484
DALYs (Disability-Adjusted Life Years),Uganda,Both,Age-standardized,All causes,Rate,1994,106844.92121441178,118018.65685180515,96305.70853471183
DALYs (Disability-Adjusted Life Years),Grenada,Both,Age-standardized,All causes,Rate,1992,37436.54559769796,41031.72304592198,34176.702463053145
DALYs (Disability-Adjusted Life Years),Djibouti,Both,Age-standardized,All causes,Rate,1993,62859.079679150746,72191.73538716079,54824.74259752137
DALYs (Disability-Adjusted Life Years),Tunisia,Both,Age-standardized,All causes,Rate,1990,36316.86617296523,40153.61508080372,32917.65402968874
DALYs (Disability-Adjusted Life Years),Switzerland,Both,Age-standardized,All causes,Rate,1990,25534.48807808653,28992.53815278008,22745.822401872956
DALYs (Disability-Adjusted Life Years),Argentina,Both,Age-standardized,All causes,Rate,1991,33543.01128079404,36687.62107317304,30877.412886040034
DALYs (Disability-Adjusted Life Years),Bahamas,Both,Age-standardized,All causes,Rate,1990,36247.94040188125,39715.79119591117,32991.50273424246
DALYs (Disability-Adjusted Life Years),Nicaragua,Both,Age-standardized,All causes,Rate,1991,37322.33830146354,40881.07008889454,34361.89740375812
DALYs (Disability-Adjusted Life Years),Mauritius,Both,Age-standardized,All causes,Rate,1992,36228.98513668327,39433.91870086015,33449.33744507002
DALYs (Disability-Adjusted Life Years),Trinidad and Tobago,Both,Age-standardized,All causes,Rate,1991,39120.60688685645,42471.279073057034,36249.72485768641
DALYs (Disability-Adjusted Life Years),Kenya,Both,Age-standardized,All causes,Rate,1991,61293.477778527325,67618.94213372121,56522.57899205527
DALYs (Disability-Adjusted Life Years),Solomon Islands,Both,Age-standardized,All causes,Rate,1993,58112.30147417049,67386.2745562284,49876.89380282795
DALYs (Disability-Adjusted Life Years),Panama,Both,Age-standardized,All causes,Rate,1991,28483.122542198675,31398.452184335114,25857.688663862187
DALYs (Disability-Adjusted Life Years),Congo,Both,Age-standardized,All causes,Rate,1992,85115.0098538052,93372.39045909475,77372.83155718024
DALYs (Disability-Adjusted Life Years),China,Both,Age-standardized,All causes,Rate,1993,41115.01113341373,44423.24289713949,37945.22827461661
DALYs (Disability-Adjusted Life Years),Brazil,Both,Age-standardized,All causes,Rate,1991,42114.21858013358,45851.32444779136,38775.88355819981
DALYs (Disability-Adjusted Life Years),Dominican Republic,Both,Age-standardized,All causes,Rate,1991,38454.66030280922,42560.847361367225,34897.80737559726
DALYs (Disability-Adjusted Life Years),United Arab Emirates,Both,Age-standardized,All causes,Rate,1991,37224.17672193857,42994.31508973163,32180.072500560953
DALYs (Disability-Adjusted Life Years),Romania,Both,Age-standardized,All causes,Rate,1992,38911.64792402352,42191.31597697611,36144.37789294884
DALYs (Disability-Adjusted Life Years),Malaysia,Both,Age-standardized,All causes,Rate,1990,33400.1104241452,36537.79709831049,30814.746287191585
DALYs (Disability-Adjusted Life Years),Sao Tome and Principe,Both,Age-standardized,All causes,Rate,1990,56176.072987229716,61245.10508940779,51983.86390396652
DALYs (Disability-Adjusted Life Years),Madagascar,Both,Age-standardized,All causes,Rate,1992,75963.59984463418,82006.23457074567,70791.80291665826
DALYs (Disability-Adjusted Life Years),Latvia,Both,Age-standardized,All causes,Rate,1991,39534.87570549349,42743.15461813558,36828.50029284179
DALYs (Disability-Adjusted Life Years),Chad,Both,Age-standardized,All causes,Rate,1995,87424.69666341988,94219.12140906962,80693.97698375682
DALYs (Disability-Adjusted Life Years),Venezuela (Bolivarian Republic of),Both,Age-standardized,All causes,Rate,1992,34009.09116230654,37295.401379126226,31227.726665458576
DALYs (Disability-Adjusted Life Years),Mongolia,Both,Age-standardized,All causes,Rate,1990,56692.17217386522,60603.58522627587,52956.39373320016
DALYs (Disability-Adjusted Life Years),Suriname,Both,Age-standardized,All causes,Rate,1994,42701.59688879174,46538.0161950564,39471.137986862304
DALYs (Disability-Adjusted Life Years),Romania,Both,Age-standardized,All causes,Rate,1993,39192.43944931984,42497.23503010876,36484.48494129073
DALYs (Disability-Adjusted Life Years),Papua New Guinea,Both,Age-standardized,All causes,Rate,1990,60268.50520921244,68873.65795772031,52712.19659315498
DALYs (Disability-Adjusted Life Years),Gambia,Both,Age-standardized,All causes,Rate,1991,67268.62903723358,75187.26109082252,60231.60100301677
DALYs (Disability-Adjusted Life Years),Central African Republic,Both,Age-standardized,All causes,Rate,1992,116625.71064022636,128276.71118441377,105762.02916976713
DALYs (Disability-Adjusted Life Years),Turkmenistan,Both,Age-standardized,All causes,Rate,1993,51314.52604804478,54884.495569561455,48218.71729557792
DALYs (Disability-Adjusted Life Years),Kuwait,Both,Age-standardized,All causes,Rate,1992,23427.358814902786,26660.590005097918,20799.971958945745
DALYs (Disability-Adjusted Life Years),Barbados,Both,Age-standardized,All causes,Rate,1991,30591.484499910144,33793.364279880996,27855.492788537627
DALYs (Disability-Adjusted Life Years),Eritrea,Both,Age-standardized,All causes,Rate,1990,113949.60358240602,123262.78057005502,105416.38559056286
DALYs (Disability-Adjusted Life Years),Thailand,Both,Age-standardized,All causes,Rate,1993,36823.99334472176,40445.92952836267,33565.5191792136
DALYs (Disability-Adjusted Life Years),Bolivia (Plurinational State of),Both,Age-standardized,All causes,Rate,1992,58761.514186287925,63844.1621716613,54285.05554902683
DALYs (Disability-Adjusted Life Years),Albania,Both,Age-standardized,All causes,Rate,1993,32011.61568675853,35177.95765220242,29143.335859380648
DALYs (Disability-Adjusted Life Years),Togo,Both,Age-standardized,All causes,Rate,1991,72210.1334116523,79366.56209243041,66341.71281810394
DALYs (Disability-Adjusted Life Years),Puerto Rico,Both,Age-standardized,All causes,Rate,1990,31109.480312563726,34443.74383308157,28431.642109577744
DALYs (Disability-Adjusted Life Years),Argentina,Both,Age-standardized,All causes,Rate,1992,33340.09884049161,36455.96137500753,30629.3683596157
DALYs (Disability-Adjusted Life Years),Uzbekistan,Both,Age-standardized,All causes,Rate,1993,42150.22193763794,45679.142526996475,39187.10770730588
DALYs (Disability-Adjusted Life Years),El Salvador,Both,Age-standardized,All causes,Rate,1993,41001.59544050505,44504.84324081207,37756.034594329154
DALYs (Disability-Adjusted Life Years),Sri Lanka,Both,Age-standardized,All causes,Rate,1992,36599.88261020172,39851.70166508801,33811.24780111383
DALYs (Disability-Adjusted Life Years),Japan,Both,Age-standardized,All causes,Rate,1993,20871.454004527885,23724.0246838019,18445.668884305087
DALYs (Disability-Adjusted Life Years),Niue,Both,Age-standardized,All causes,Rate,1991,40071.31592224342,46426.350705823555,34571.50869340701
DALYs (Disability-Adjusted Life Years),Chad,Both,Age-standardized,All causes,Rate,1990,87787.46177000579,94931.93554236303,81446.76471439115
DALYs (Disability-Adjusted Life Years),Malawi,Both,Age-standardized,All causes,Rate,1992,106275.72149759262,115988.32062197213,98714.5118372123
DALYs (Disability-Adjusted Life Years),Lebanon,Both,Age-standardized,All causes,Rate,1991,36321.99037484575,41183.25312653883,31954.84270063371
DALYs (Disability-Adjusted Life Years),Netherlands,Both,Age-standardized,All causes,Rate,1993,24506.765228258064,27464.35309541574,21901.32752259273
DALYs (Disability-Adjusted Life Years),Mauritania,Both,Age-standardized,All causes,Rate,1993,60353.538828306686,66129.29342123956,54873.194920857895
DALYs (Disability-Adjusted Life Years),San Marino,Both,Age-standardized,All causes,Rate,1992,21918.680368490208,25091.859174433055,19053.564873658233
DALYs (Disability-Adjusted Life Years),Myanmar,Both,Age-standardized,All causes,Rate,1996,72985.96221866533,81070.2020168053,65181.25857661744
DALYs (Disability-Adjusted Life Years),Zambia,Both,Age-standardized,All causes,Rate,1990,93190.52457419323,101346.46171767944,85409.31929616492
DALYs (Disability-Adjusted Life Years),Eswatini,Both,Age-standardized,All causes,Rate,1992,60822.351843982484,67150.59941025989,54378.01435481668
DALYs (Disability-Adjusted Life Years),Bermuda,Both,Age-standardized,All causes,Rate,1992,28877.870508023683,31978.71560125454,26292.49217658316
DALYs (Disability-Adjusted Life Years),Kuwait,Both,Age-standardized,All causes,Rate,1991,32804.514018095404,36078.279399282896,29977.98102537126
DALYs (Disability-Adjusted Life Years),Central African Republic,Both,Age-standardized,All causes,Rate,1991,114104.67326716722,124802.10243443649,103946.18246154295
DALYs (Disability-Adjusted Life Years),Solomon Islands,Both,Age-standardized,All causes,Rate,1992,58656.72397543376,68406.33335580972,50429.89272180436
DALYs (Disability-Adjusted Life Years),Saint Kitts and Nevis,Both,Age-standardized,All causes,Rate,1992,40750.19964746553,44580.47203184263,37665.233905789166
DALYs (Disability-Adjusted Life Years),Cabo Verde,Both,Age-standardized,All causes,Rate,1990,41500.50554845216,45796.40710198875,38085.977131239226
DALYs (Disability-Adjusted Life Years),Slovakia,Both,Age-standardized,All causes,Rate,1992,34145.63842386859,37344.6005620284,31551.851608396624
DALYs (Disability-Adjusted Life Years),Israel,Both,Age-standardized,All causes,Rate,1992,25073.41176419966,28227.561526915568,22439.53693488919
DALYs (Disability-Adjusted Life Years),Lesotho,Both,Age-standardized,All causes,Rate,1992,62265.05291964295,69042.13275687446,56068.66796031792
DALYs (Disability-Adjusted Life Years),American Samoa,Both,Age-standardized,All causes,Rate,1990,36477.879611567834,40047.270727679985,33125.50997997001
DALYs (Disability-Adjusted Life Years),Namibia,Both,Age-standardized,All causes,Rate,1991,57953.552801122896,63680.05090446318,53273.11718630352
DALYs (Disability-Adjusted Life Years),Chad,Both,Age-standardized,All causes,Rate,1994,87453.21169431544,94534.73212052842,81005.3458968469
DALYs (Disability-Adjusted Life Years),Maldives,Both,Age-standardized,All causes,Rate,1990,48868.20515395643,52486.10796508018,45272.89290878851
DALYs (Disability-Adjusted Life Years),Finland,Both,Age-standardized,All causes,Rate,1993,26578.97145755308,29880.79324499284,23760.610989970188
DALYs (Disability-Adjusted Life Years),Tunisia,Both,Age-standardized,All causes,Rate,1994,34497.55694329739,38355.0250443873,31191.90886898723
DALYs (Disability-Adjusted Life Years),Tonga,Both,Age-standardized,All causes,Rate,1992,34776.05566019676,38882.978363319875,31094.038797852
DALYs (Disability-Adjusted Life Years),Malawi,Both,Age-standardized,All causes,Rate,1991,104096.40492812904,112605.97669652558,97320.2374732714
DALYs (Disability-Adjusted Life Years),Tonga,Both,Age-standardized,All causes,Rate,1993,34779.073337850015,38749.907596237805,31142.917616767085
DALYs (Disability-Adjusted Life Years),Togo,Both,Age-standardized,All causes,Rate,1992,72009.24923611202,79087.54408454738,66165.87017730091
DALYs (Disability-Adjusted Life Years),Lesotho,Both,Age-standardized,All causes,Rate,1991,61041.28130414039,67591.3723140842,55170.48976987562
DALYs (Disability-Adjusted Life Years),Tuvalu,Both,Age-standardized,All causes,Rate,1992,60589.71878676037,67177.1727216786,54306.76465952523
DALYs (Disability-Adjusted Life Years),Israel,Both,Age-standardized,All causes,Rate,1991,24930.127832771333,28059.33958475002,22274.26618507025
DALYs (Disability-Adjusted Life Years),Afghanistan,Both,Age-standardized,All causes,Rate,1992,89934.08128278003,101360.64808378262,78906.16841895202
DALYs (Disability-Adjusted Life Years),Sierra Leone,Both,Age-standardized,All causes,Rate,1990,95756.16527816944,104334.29921830243,87911.76431679024
DALYs (Disability-Adjusted Life Years),Brunei Darussalam,Both,Age-standardized,All causes,Rate,1993,32639.648433061662,36032.969668605445,29646.582727154324
DALYs (Disability-Adjusted Life Years),China,Both,Age-standardized,All causes,Rate,1992,41884.41004874758,45651.37385212157,38387.08898955228
DALYs (Disability-Adjusted Life Years),Cuba,Both,Age-standardized,All causes,Rate,1991,28864.24174763889,31957.09277439267,26243.330710656915
DALYs (Disability-Adjusted Life Years),Slovakia,Both,Age-standardized,All causes,Rate,1993,33141.70733318748,36311.09990326863,30367.807910631083
DALYs (Disability-Adjusted Life Years),Netherlands,Both,Age-standardized,All causes,Rate,1992,24451.950371500094,27449.892624162094,21868.805844889448
DALYs (Disability-Adjusted Life Years),Ghana,Both,Age-standardized,All causes,Rate,1992,66401.52199216602,74122.52285116419,59700.105586056605
DALYs (Disability-Adjusted Life Years),Ethiopia,Both,Age-standardized,All causes,Rate,1990,113351.5831212498,119155.09098237954,107520.04670662814
DALYs (Disability-Adjusted Life Years),Senegal,Both,Age-standardized,All causes,Rate,1990,70520.29370974828,76081.0884103394,65038.4577847142
DALYs (Disability-Adjusted Life Years),Benin,Both,Age-standardized,All causes,Rate,1993,76026.27647283996,82423.23473076151,70508.33264470065
DALYs (Disability-Adjusted Life Years),Cook Islands,Both,Age-standardized,All causes,Rate,1992,35995.207578164016,40449.751159892265,32300.092777830323
DALYs (Disability-Adjusted Life Years),Comoros,Both,Age-standardized,All causes,Rate,1993,67089.62343050397,74790.72970353848,59672.37743670506
DALYs (Disability-Adjusted Life Years),Madagascar,Both,Age-standardized,All causes,Rate,1991,76881.81823658162,82986.7163419628,71356.09222943711
DALYs (Disability-Adjusted Life Years),Jordan,Both,Age-standardized,All causes,Rate,1990,35221.82025078112,39185.333762853545,31516.947519079775
DALYs (Disability-Adjusted Life Years),Palau,Both,Age-standardized,All causes,Rate,1990,46590.62477867575,54358.45644749248,39470.532019282466
DALYs (Disability-Adjusted Life Years),Congo,Both,Age-standardized,All causes,Rate,1991,84131.28300925774,92399.6715428728,76418.09099502554
DALYs (Disability-Adjusted Life Years),Serbia,Both,Age-standardized,All causes,Rate,1992,37295.6201813063,41767.048817298426,33244.02122830196
DALYs (Disability-Adjusted Life Years),Cyprus,Both,Age-standardized,All causes,Rate,1992,31814.74016790144,35015.79337421944,29037.417916228213
DALYs (Disability-Adjusted Life Years),Türkiye,Both,Age-standardized,All causes,Rate,1994,41574.99002633776,45678.47520310412,37956.63584079332
DALYs (Disability-Adjusted Life Years),Nepal,Both,Age-standardized,All causes,Rate,1993,66492.56706643489,72891.53201458073,60597.9604978203
DALYs (Disability-Adjusted Life Years),Nigeria,Both,Age-standardized,All causes,Rate,1994,84332.63783006647,91126.38505490466,77701.1432558286
DALYs (Disability-Adjusted Life Years),North Macedonia,Both,Age-standardized,All causes,Rate,1990,37387.49117782034,40736.48050372953,34749.70368035725
DALYs (Disability-Adjusted Life Years),Kyrgyzstan,Both,Age-standardized,All causes,Rate,1990,46134.17937598373,50129.07723706992,42656.402842232485
DALYs (Disability-Adjusted Life Years),Vanuatu,Both,Age-standardized,All causes,Rate,1993,51670.21057832121,60350.022651459134,44686.738786590235
DALYs (Disability-Adjusted Life Years),Colombia,Both,Age-standardized,All causes,Rate,1992,37757.226097557534,40950.38298452349,34962.03013530283
DALYs (Disability-Adjusted Life Years),Bolivia (Plurinational State of),Both,Age-standardized,All causes,Rate,1991,60095.848088720806,65192.54825146756,55414.93790885621
DALYs (Disability-Adjusted Life Years),Haiti,Both,Age-standardized,All causes,Rate,1993,85515.5050873568,94098.98576704583,77700.97175764521
DALYs (Disability-Adjusted Life Years),Brazil,Both,Age-standardized,All causes,Rate,1996,39628.25900880144,43338.75761302361,36296.27473180024
DALYs (Disability-Adjusted Life Years),Yemen,Both,Age-standardized,All causes,Rate,1991,69239.92136408838,78064.2479607221,61494.12115153659
DALYs (Disability-Adjusted Life Years),Philippines,Both,Age-standardized,All causes,Rate,1992,41144.42867217924,44690.93504122571,37830.16843411218
DALYs (Disability-Adjusted Life Years),Micronesia (Federated States of),Both,Age-standardized,All causes,Rate,1990,55132.557342235275,63509.1936091426,47220.680720139084
DALYs (Disability-Adjusted Life Years),Bhutan,Both,Age-standardized,All causes,Rate,1993,61694.10759558564,68874.88226225895,55623.669574419444
DALYs (Disability-Adjusted Life Years),Ethiopia,Both,Age-standardized,All causes,Rate,1994,101990.03161720056,108007.29635992603,96398.4207271201
DALYs (Disability-Adjusted Life Years),Monaco,Both,Age-standardized,All causes,Rate,1993,23541.830503000736,27594.692876547084,19833.787515435004
DALYs (Disability-Adjusted Life Years),Morocco,Both,Age-standardized,All causes,Rate,1992,45718.92386610471,50609.921862452415,41507.37508664279
DALYs (Disability-Adjusted Life Years),Nigeria,Both,Age-standardized,All causes,Rate,1993,84353.78423088595,90881.09838323481,77899.04893553605
DALYs (Disability-Adjusted Life Years),Denmark,Both,Age-standardized,All causes,Rate,1993,27730.178282683886,31006.3795186541,24955.64124492773
DALYs (Disability-Adjusted Life Years),Venezuela (Bolivarian Republic of),Both,Age-standardized,All causes,Rate,1991,33997.701334198064,37260.915714275885,31276.885459736404
DALYs (Disability-Adjusted Life Years),Saint Kitts and Nevis,Both,Age-standardized,All causes,Rate,1991,41460.44525962588,45264.729942720005,38398.06078780077
DALYs (Disability-Adjusted Life Years),Brazil,Both,Age-standardized,All causes,Rate,1995,40215.62111066705,44013.353699345505,37041.255899483345
DALYs (Disability-Adjusted Life Years),Solomon Islands,Both,Age-standardized,All causes,Rate,1991,59702.90547804342,69544.38189537903,51372.33474084435
DALYs (Disability-Adjusted Life Years),Turkmenistan,Both,Age-standardized,All causes,Rate,1991,48989.91906223077,52669.07167666599,45796.299250849224
DALYs (Disability-Adjusted Life Years),Democratic People's Republic of Korea,Both,Age-standardized,All causes,Rate,1996,58018.1063224192,95327.01043777553,41022.6440131398
DALYs (Disability-Adjusted Life Years),Maldives,Both,Age-standardized,All causes,Rate,1995,40657.9508123002,44611.14844179062,37399.703791482105
DALYs (Disability-Adjusted Life Years),Brazil,Both,Age-standardized,All causes,Rate,1994,40764.043972903666,44639.40320673688,37431.233874867554
DALYs (Disability-Adjusted Life Years),Bangladesh,Both,Age-standardized,All causes,Rate,1996,57743.55334198123,62296.59514686841,53770.96875480487
DALYs (Disability-Adjusted Life Years),Ghana,Both,Age-standardized,All causes,Rate,1991,66846.65683808152,74698.34100987329,59786.83556908799
DALYs (Disability-Adjusted Life Years),Democratic Republic of the Congo,Both,Age-standardized,All causes,Rate,1993,87014.10233206573,95583.56063727308,80184.09188220813
DALYs (Disability-Adjusted Life Years),Senegal,Both,Age-standardized,All causes,Rate,1995,69370.02557766011,74962.97211485585,64417.37133413552
DALYs (Disability-Adjusted Life Years),Guinea,Both,Age-standardized,All causes,Rate,1992,88578.0421932633,95591.2188895508,81668.75922657801
DALYs (Disability-Adjusted Life Years),Vanuatu,Both,Age-standardized,All causes,Rate,1992,51899.948765863344,60609.224119311664,45017.74464736402
DALYs (Disability-Adjusted Life Years),Bangladesh,Both,Age-standardized,All causes,Rate,1995,59646.721173915386,64209.04668155021,55553.20100492769
DALYs (Disability-Adjusted Life Years),Tokelau,Both,Age-standardized,All causes,Rate,1992,41233.99556184218,48330.01557957033,35077.7814477876
DALYs (Disability-Adjusted Life Years),Democratic People's Republic of Korea,Both,Age-standardized,All causes,Rate,1994,36918.36741092923,43307.67056853008,30813.81543261004
DALYs (Disability-Adjusted Life Years),Viet Nam,Both,Age-standardized,All causes,Rate,1996,35596.9747481971,39937.87133914079,31689.76165215478
DALYs (Disability-Adjusted Life Years),Oman,Both,Age-standardized,All causes,Rate,1993,38388.54564564068,44170.386178405264,32813.35382153523
DALYs (Disability-Adjusted Life Years),Portugal,Both,Age-standardized,All causes,Rate,1993,30155.943848613442,33491.76524988929,27330.265964616236
DALYs (Disability-Adjusted Life Years),Côte d'Ivoire,Both,Age-standardized,All causes,Rate,1990,79714.31061881491,87456.4301249425,72084.2478958648
DALYs (Disability-Adjusted Life Years),Lao People's Democratic Republic,Both,Age-standardized,All causes,Rate,1994,80393.49110629277,89939.56643501649,72198.7846961199
DALYs (Disability-Adjusted Life Years),Georgia,Both,Age-standardized,All causes,Rate,1994,38733.0047977963,41955.951626421775,36048.905641388286
DALYs (Disability-Adjusted Life Years),Bermuda,Both,Age-standardized,All causes,Rate,1991,29578.90302236929,32598.42640146702,27018.527073710207
DALYs (Disability-Adjusted Life Years),United States of America,Both,Age-standardized,All causes,Rate,1993,28777.428042543364,32161.370820020064,25920.088116837193
DALYs (Disability-Adjusted Life Years),Zambia,Both,Age-standardized,All causes,Rate,1994,109726.71909102128,122122.06100718852,98647.69763841017
DALYs (Disability-Adjusted Life Years),Republic of Moldova,Both,Age-standardized,All causes,Rate,1990,42159.43756386444,45556.37979821392,39371.78213975212
DALYs (Disability-Adjusted Life Years),Philippines,Both,Age-standardized,All causes,Rate,1991,42271.835457057394,46034.16724396687,39093.082197249016
DALYs (Disability-Adjusted Life Years),Taiwan (Province of China),Both,Age-standardized,All causes,Rate,1995,26373.011662761382,29093.498070925285,24062.663446599545
DALYs (Disability-Adjusted Life Years),Democratic People's Republic of Korea,Both,Age-standardized,All causes,Rate,1995,64348.85451928731,112798.09574087655,43029.54012357789
DALYs (Disability-Adjusted Life Years),Marshall Islands,Both,Age-standardized,All causes,Rate,1994,54454.2625636785,58678.97552161052,50781.62275347095
DALYs (Disability-Adjusted Life Years),Canada,Both,Age-standardized,All causes,Rate,1992,24493.011096483577,27579.123703562967,21854.422597101668
DALYs (Disability-Adjusted Life Years),Botswana,Both,Age-standardized,All causes,Rate,1993,70714.96467261815,83607.57248410252,59115.13146402919
DALYs (Disability-Adjusted Life Years),Hungary,Both,Age-standardized,All causes,Rate,1994,38713.49048750623,42048.64599268974,35885.696823107515
DALYs (Disability-Adjusted Life Years),Gabon,Both,Age-standardized,All causes,Rate,1993,63819.055712420624,71756.29693840574,56554.083354572525
DALYs (Disability-Adjusted Life Years),Sao Tome and Principe,Both,Age-standardized,All causes,Rate,1995,54990.69653145723,60271.064086253864,49982.749190742456
DALYs (Disability-Adjusted Life Years),Uzbekistan,Both,Age-standardized,All causes,Rate,1992,41037.128284645376,44489.64098618107,38070.88592570954
DALYs (Disability-Adjusted Life Years),Montenegro,Both,Age-standardized,All causes,Rate,1995,28627.368242862634,31587.753689031208,26052.847525690748
DALYs (Disability-Adjusted Life Years),Norway,Both,Age-standardized,All causes,Rate,1993,24905.4430467375,28191.977544632686,22071.706363868067
DALYs (Disability-Adjusted Life Years),Burkina Faso,Both,Age-standardized,All causes,Rate,1993,95734.33656093435,103906.84032130055,88937.00242996012
DALYs (Disability-Adjusted Life Years),Greenland,Both,Age-standardized,All causes,Rate,1992,49804.89528227303,54048.27135833257,46077.17310882468
DALYs (Disability-Adjusted Life Years),Papua New Guinea,Both,Age-standardized,All causes,Rate,1995,56629.86973255749,64392.17465994056,49360.734127006755
DALYs (Disability-Adjusted Life Years),Thailand,Both,Age-standardized,All causes,Rate,1992,36586.79482218921,40126.24296706307,33130.800547345505
DALYs (Disability-Adjusted Life Years),Austria,Both,Age-standardized,All causes,Rate,1991,27133.52199707856,30397.686602572998,24433.530650968372
DALYs (Disability-Adjusted Life Years),Niue,Both,Age-standardized,All causes,Rate,1994,40777.51075447304,46860.647461151115,35068.24842031681
DALYs (Disability-Adjusted Life Years),Kiribati,Both,Age-standardized,All causes,Rate,1994,65983.56469542751,72596.01603033427,59517.116654414094
DALYs (Disability-Adjusted Life Years),Iran (Islamic Republic of),Both,Age-standardized,All causes,Rate,1994,39549.08731260847,43159.053819966546,36225.51802664179
DALYs (Disability-Adjusted Life Years),Czechia,Both,Age-standardized,All causes,Rate,1994,31125.636946378727,34346.24313257719,28399.009104891575
DALYs (Disability-Adjusted Life Years),Romania,Both,Age-standardized,All causes,Rate,1991,38131.339556939885,41473.089829047116,35402.95752466426
DALYs (Disability-Adjusted Life Years),Micronesia (Federated States of),Both,Age-standardized,All causes,Rate,1996,52320.48443495741,60087.42251784973,45543.82844913058
DALYs (Disability-Adjusted Life Years),Namibia,Both,Age-standardized,All causes,Rate,1993,59505.17102644346,65093.784716123206,54142.87172187058
DALYs (Disability-Adjusted Life Years),Brunei Darussalam,Both,Age-standardized,All causes,Rate,1992,33211.19566763697,36510.68648724396,30084.436742696962
DALYs (Disability-Adjusted Life Years),Bangladesh,Both,Age-standardized,All causes,Rate,1994,60715.11858330002,64976.47136163005,56546.2267843235
DALYs (Disability-Adjusted Life Years),Malaysia,Both,Age-standardized,All causes,Rate,1995,32139.29293382382,35308.798281240095,29622.509837637277
DALYs (Disability-Adjusted Life Years),Brazil,Both,Age-standardized,All causes,Rate,1997,38795.14928750203,42447.96314494232,35366.45471217228
DALYs (Disability-Adjusted Life Years),United Republic of Tanzania,Both,Age-standardized,All causes,Rate,1993,85586.70740242989,94148.60867797487,78541.36958474547
DALYs (Disability-Adjusted Life Years),Papua New Guinea,Both,Age-standardized,All causes,Rate,1994,57436.43725650404,65004.04888758515,49826.55759016176
DALYs (Disability-Adjusted Life Years),Mongolia,Both,Age-standardized,All causes,Rate,1995,58522.65301751899,63420.19668122244,54427.15752451559
DALYs (Disability-Adjusted Life Years),Palau,Both,Age-standardized,All causes,Rate,1995,44159.54558357844,51548.37848882269,37459.38704133581
DALYs (Disability-Adjusted Life Years),Turkmenistan,Both,Age-standardized,All causes,Rate,1992,48832.92507127311,52488.637325725285,45622.482554024755
DALYs (Disability-Adjusted Life Years),Yemen,Both,Age-standardized,All causes,Rate,1990,70508.63775888839,79220.39471066116,62787.81705692696
DALYs (Disability-Adjusted Life Years),Niger,Both,Age-standardized,All causes,Rate,1993,105492.69621889161,112858.87447117902,98639.44309449743
DALYs (Disability-Adjusted Life Years),Maldives,Both,Age-standardized,All causes,Rate,1996,39428.67775906937,43161.098509689524,36181.23833621127
DALYs (Disability-Adjusted Life Years),Myanmar,Both,Age-standardized,All causes,Rate,1995,74274.12012365405,82491.53476959013,66120.4788572119
DALYs (Disability-Adjusted Life Years),Northern Mariana Islands,Both,Age-standardized,All causes,Rate,1995,31690.959003898806,36994.09907543503,27068.064975919948
DALYs (Disability-Adjusted Life Years),Canada,Both,Age-standardized,All causes,Rate,1995,24130.346690613645,27236.27051819692,21461.551396008093
DALYs (Disability-Adjusted Life Years),China,Both,Age-standardized,All causes,Rate,1996,38622.291210721516,41717.76439750104,35904.150100547864
DALYs (Disability-Adjusted Life Years),Romania,Both,Age-standardized,All causes,Rate,1995,39612.009764863185,42662.93065997135,36862.47810316774
DALYs (Disability-Adjusted Life Years),Panama,Both,Age-standardized,All causes,Rate,1995,28528.59344296763,31726.520033616467,25919.627600513108
DALYs (Disability-Adjusted Life Years),Dominica,Both,Age-standardized,All causes,Rate,1996,33230.641275778864,36741.92867208176,30276.576216119676
DALYs (Disability-Adjusted Life Years),Canada,Both,Age-standardized,All causes,Rate,1996,23762.065795292758,26894.887241190758,21082.40546130218
DALYs (Disability-Adjusted Life Years),Eritrea,Both,Age-standardized,All causes,Rate,1994,89702.55850232937,98711.41038329221,80929.87670213354
DALYs (Disability-Adjusted Life Years),Sao Tome and Principe,Both,Age-standardized,All causes,Rate,1994,55114.156046383956,60273.943919522324,50229.84627774606
DALYs (Disability-Adjusted Life Years),Canada,Both,Age-standardized,All causes,Rate,1994,24322.34665038154,27455.973413634005,21659.779899936617
DALYs (Disability-Adjusted Life Years),Lithuania,Both,Age-standardized,All causes,Rate,1994,40989.13230986738,44264.347923244706,38269.98485048258
DALYs (Disability-Adjusted Life Years),Guyana,Both,Age-standardized,All causes,Rate,1992,51832.8649021917,56465.36885380703,47691.64744374002
DALYs (Disability-Adjusted Life Years),Bangladesh,Both,Age-standardized,All causes,Rate,1997,56060.41360595953,60480.05011304354,52419.9640414204
DALYs (Disability-Adjusted Life Years),Russian Federation,Both,Age-standardized,All causes,Rate,1995,50044.10107480815,53436.58131841358,47165.03245383253
DALYs (Disability-Adjusted Life Years),Andorra,Both,Age-standardized,All causes,Rate,1995,22493.849464612882,26676.394290113934,18542.670482353362
DALYs (Disability-Adjusted Life Years),Cook Islands,Both,Age-standardized,All causes,Rate,1991,36680.31660184922,41265.562141138835,32936.86132760002
DALYs (Disability-Adjusted Life Years),Mozambique,Both,Age-standardized,All causes,Rate,1996,88214.61216355456,96099.94842538763,81752.98499762098
DALYs (Disability-Adjusted Life Years),Northern Mariana Islands,Both,Age-standardized,All causes,Rate,1994,31987.42751857702,37470.81857977411,27185.649445693925
DALYs (Disability-Adjusted Life Years),Republic of Moldova,Both,Age-standardized,All causes,Rate,1995,46958.59276544199,50327.47239301457,44113.86698057779
DALYs (Disability-Adjusted Life Years),China,Both,Age-standardized,All causes,Rate,1994,40315.70053822431,43650.569774473835,37156.58049019811
DALYs (Disability-Adjusted Life Years),Slovakia,Both,Age-standardized,All causes,Rate,1995,32159.745242360576,35359.98198455318,29393.63995072747
DALYs (Disability-Adjusted Life Years),Cambodia,Both,Age-standardized,All causes,Rate,1996,68001.0082625813,73982.70496594177,62583.590779188584
DALYs (Disability-Adjusted Life Years),China,Both,Age-standardized,All causes,Rate,1995,39508.86383615264,42710.734709597855,36683.728914864194
DALYs (Disability-Adjusted Life Years),United States of America,Both,Age-standardized,All causes,Rate,1996,28000.320455507845,31385.669756064384,25138.86466602948
DALYs (Disability-Adjusted Life Years),Guyana,Both,Age-standardized,All causes,Rate,1993,52346.379943858345,56947.9618161163,48451.19323359334
DALYs (Disability-Adjusted Life Years),Cambodia,Both,Age-standardized,All causes,Rate,1994,69613.10018831362,75615.45397761275,64177.40086381405
DALYs (Disability-Adjusted Life Years),Cabo Verde,Both,Age-standardized,All causes,Rate,1994,41536.25295417698,46253.986559100704,37474.03271914719
DALYs (Disability-Adjusted Life Years),Ireland,Both,Age-standardized,All causes,Rate,1994,27209.129669583286,30598.876993335278,24401.785565928047
DALYs (Disability-Adjusted Life Years),Cambodia,Both,Age-standardized,All causes,Rate,1995,68725.84452798423,74437.49296514524,63348.12581567209
DALYs (Disability-Adjusted Life Years),Lao People's Democratic Republic,Both,Age-standardized,All causes,Rate,1996,76613.44973408783,85350.25474370187,68816.33598599557
DALYs (Disability-Adjusted Life Years),Eritrea,Both,Age-standardized,All causes,Rate,1993,92740.59962929178,101630.98236490203,84301.83060572536
DALYs (Disability-Adjusted Life Years),Bahrain,Both,Age-standardized,All causes,Rate,1996,40386.397539411075,44047.557470670065,37290.537637011046
DALYs (Disability-Adjusted Life Years),Zambia,Both,Age-standardized,All causes,Rate,1993,105576.695938068,117686.21221730369,95647.2112791256
DALYs (Disability-Adjusted Life Years),Nauru,Both,Age-standardized,All causes,Rate,1993,62606.88642979015,71151.65312603032,55119.693283464156
DALYs (Disability-Adjusted Life Years),Cabo Verde,Both,Age-standardized,All causes,Rate,1993,41316.99795288344,45960.608638864716,37440.659710716354
DALYs (Disability-Adjusted Life Years),Latvia,Both,Age-standardized,All causes,Rate,1994,47360.221510356736,50796.03506420013,44650.05654701183
DALYs (Disability-Adjusted Life Years),Northern Mariana Islands,Both,Age-standardized,All causes,Rate,1993,32263.607766719226,37706.47880278662,27416.548761670263
DALYs (Disability-Adjusted Life Years),Palau,Both,Age-standardized,All causes,Rate,1994,44612.4881328303,51910.28504011972,37603.0901517365
DALYs (Disability-Adjusted Life Years),Australia,Both,Age-standardized,All causes,Rate,1994,25150.687178886143,28531.590904994286,22336.124266072668
DALYs (Disability-Adjusted Life Years),United Arab Emirates,Both,Age-standardized,All causes,Rate,1995,32943.58933968161,37779.23736014481,28750.477418763963
DALYs (Disability-Adjusted Life Years),Indonesia,Both,Age-standardized,All causes,Rate,1996,46550.27542287552,50180.568415356276,43233.38930720034
DALYs (Disability-Adjusted Life Years),Angola,Both,Age-standardized,All causes,Rate,1995,95542.89556617929,104517.96804332189,87424.50453351003
DALYs (Disability-Adjusted Life Years),Micronesia (Federated States of),Both,Age-standardized,All causes,Rate,1995,52807.352172551444,60612.88530410771,45769.449621251246
DALYs (Disability-Adjusted Life Years),Lao People's Democratic Republic,Both,Age-standardized,All causes,Rate,1995,78260.56769604645,87107.06161519416,70528.12375961016
DALYs (Disability-Adjusted Life Years),Argentina,Both,Age-standardized,All causes,Rate,1995,32152.48178386683,35302.898341878434,29486.95518663567
DALYs (Disability-Adjusted Life Years),Uganda,Both,Age-standardized,All causes,Rate,1996,106315.00308372475,115961.10749926249,97063.20069270417
DALYs (Disability-Adjusted Life Years),Bangladesh,Both,Age-standardized,All causes,Rate,1998,54315.106272025005,58642.653964434736,50559.437860894184
DALYs (Disability-Adjusted Life Years),Kyrgyzstan,Both,Age-standardized,All causes,Rate,1995,48161.93026804098,51988.91421359959,45048.00062141268
DALYs (Disability-Adjusted Life Years),Iraq,Both,Age-standardized,All causes,Rate,1994,46644.685644065634,52382.30969343885,41363.132652726745
DALYs (Disability-Adjusted Life Years),Kuwait,Both,Age-standardized,All causes,Rate,1996,24276.283128803963,27396.304468283488,21590.5951550563
DALYs (Disability-Adjusted Life Years),Canada,Both,Age-standardized,All causes,Rate,1997,23420.47252928447,26580.062716944798,20754.502991074703
DALYs (Disability-Adjusted Life Years),Senegal,Both,Age-standardized,All causes,Rate,1994,69239.80463569437,74720.0344409033,64272.04137481378
DALYs (Disability-Adjusted Life Years),Dominica,Both,Age-standardized,All causes,Rate,1995,33414.413798020396,36957.82548814949,30382.7192918045
DALYs (Disability-Adjusted Life Years),Jordan,Both,Age-standardized,All causes,Rate,1995,34207.52132864295,38692.10085599019,30051.117638610547
DALYs (Disability-Adjusted Life Years),Belize,Both,Age-standardized,All causes,Rate,1995,34511.26046314703,37884.573642959906,31703.96920853077
DALYs (Disability-Adjusted Life Years),Indonesia,Both,Age-standardized,All causes,Rate,1995,47491.24446993499,51046.22147454561,44244.75686457537
DALYs (Disability-Adjusted Life Years),American Samoa,Both,Age-standardized,All causes,Rate,1995,36634.67650190505,40160.35456627295,33577.806826962704
DALYs (Disability-Adjusted Life Years),Italy,Both,Age-standardized,All causes,Rate,1995,24548.828090798004,27892.69783942927,21737.584747801462
DALYs (Disability-Adjusted Life Years),Latvia,Both,Age-standardized,All causes,Rate,1995,45080.68173591677,48187.648906493334,42282.25229471047
DALYs (Disability-Adjusted Life Years),Cameroon,Both,Age-standardized,All causes,Rate,1993,73753.29364586757,79988.8209905701,68474.56123574192
DALYs (Disability-Adjusted Life Years),Belize,Both,Age-standardized,All causes,Rate,1996,35217.12206450175,38810.66184774087,32538.009234477795
DALYs (Disability-Adjusted Life Years),Ecuador,Both,Age-standardized,All causes,Rate,1996,33748.58114454287,37157.47590356406,30866.868316104636
DALYs (Disability-Adjusted Life Years),Kenya,Both,Age-standardized,All causes,Rate,1995,72445.94375793937,82395.57285184618,64322.69818056093
DALYs (Disability-Adjusted Life Years),Botswana,Both,Age-standardized,All causes,Rate,1995,82690.12071454404,99552.3182331827,68488.63956206557
DALYs (Disability-Adjusted Life Years),Syrian Arab Republic,Both,Age-standardized,All causes,Rate,1998,37127.51572147994,41969.68729024873,33021.367174191495
DALYs (Disability-Adjusted Life Years),Micronesia (Federated States of),Both,Age-standardized,All causes,Rate,1994,53438.37578668118,61527.67292388954,46144.79470573289
DALYs (Disability-Adjusted Life Years),United States of America,Both,Age-standardized,All causes,Rate,1997,27551.301310286315,30935.268947121658,24656.45104115634
DALYs (Disability-Adjusted Life Years),Republic of Moldova,Both,Age-standardized,All causes,Rate,1994,46219.4809950049,49416.15493750488,43278.97287387501
DALYs (Disability-Adjusted Life Years),Kazakhstan,Both,Age-standardized,All causes,Rate,1994,50235.80952134135,53762.055476095724,47127.00414992846
DALYs (Disability-Adjusted Life Years),Türkiye,Both,Age-standardized,All causes,Rate,1998,36931.13859412662,40656.94840262382,33643.49689575076
DALYs (Disability-Adjusted Life Years),North Macedonia,Both,Age-standardized,All causes,Rate,1995,37496.774622349054,40670.34629614403,34822.77213550698
DALYs (Disability-Adjusted Life Years),Nicaragua,Both,Age-standardized,All causes,Rate,1994,34835.367556583726,38477.855886269,31780.507935685353
DALYs (Disability-Adjusted Life Years),Somalia,Both,Age-standardized,All causes,Rate,1997,101339.48740812129,112802.50809067852,89953.26055175849
DALYs (Disability-Adjusted Life Years),United States of America,Both,Age-standardized,All causes,Rate,1995,28482.97194216339,31852.243369313815,25631.770550021094
DALYs (Disability-Adjusted Life Years),Israel,Both,Age-standardized,All causes,Rate,1995,23962.594884658687,27091.485420056917,21346.469947250618
DALYs (Disability-Adjusted Life Years),Bolivia (Plurinational State of),Both,Age-standardized,All causes,Rate,1995,54167.02864619565,59023.214069976624,49933.8399697518
DALYs (Disability-Adjusted Life Years),Belgium,Both,Age-standardized,All causes,Rate,1996,25162.529185502946,28336.380373818116,22465.036070668906
DALYs (Disability-Adjusted Life Years),Ethiopia,Both,Age-standardized,All causes,Rate,1993,103279.22633554123,109210.26909656517,97324.21523212176
DALYs (Disability-Adjusted Life Years),Afghanistan,Both,Age-standardized,All causes,Rate,1998,92692.02936166148,103709.75481819973,82775.85647678481
DALYs (Disability-Adjusted Life Years),Samoa,Both,Age-standardized,All causes,Rate,1996,39122.43302367481,44380.426293852295,34387.02762040633
DALYs (Disability-Adjusted Life Years),Iceland,Both,Age-standardized,All causes,Rate,1994,22779.406368249438,26004.57596191516,20114.95504904437
DALYs (Disability-Adjusted Life Years),Mongolia,Both,Age-standardized,All causes,Rate,1994,58054.30567362606,62661.77004547877,54083.784251958714
DALYs (Disability-Adjusted Life Years),Tajikistan,Both,Age-standardized,All causes,Rate,1996,53573.94863945636,57918.78312189274,49756.0190891686
DALYs (Disability-Adjusted Life Years),Poland,Both,Age-standardized,All causes,Rate,1996,32786.14879368803,35898.85026841955,30066.88993830281
DALYs (Disability-Adjusted Life Years),Uruguay,Both,Age-standardized,All causes,Rate,1996,30858.13717490189,33958.268786982335,28217.928665665397
DALYs (Disability-Adjusted Life Years),Barbados,Both,Age-standardized,All causes,Rate,1994,30677.13890588339,33828.39748693231,27929.663951367285
DALYs (Disability-Adjusted Life Years),Angola,Both,Age-standardized,All causes,Rate,1994,98656.16367020851,107654.4905079472,90025.60333808641
DALYs (Disability-Adjusted Life Years),Montenegro,Both,Age-standardized,All causes,Rate,1990,28433.65338174654,31506.288556519834,25787.139878559672
DALYs (Disability-Adjusted Life Years),Algeria,Both,Age-standardized,All causes,Rate,1993,39056.30061925801,43339.599085394795,35419.82348195638
DALYs (Disability-Adjusted Life Years),India,Both,Age-standardized,All causes,Rate,1993,61508.58157999455,65888.73312255116,57497.67147166035
DALYs (Disability-Adjusted Life Years),Andorra,Both,Age-standardized,All causes,Rate,1990,23345.65734225966,27938.00672621962,19276.810579409703
DALYs (Disability-Adjusted Life Years),Ecuador,Both,Age-standardized,All causes,Rate,1995,33559.621413080924,36777.85584478529,30548.34508056874
DALYs (Disability-Adjusted Life Years),Malta,Both,Age-standardized,All causes,Rate,1996,23483.43102322589,26584.71599091905,20811.130079854145
DALYs (Disability-Adjusted Life Years),Cuba,Both,Age-standardized,All causes,Rate,1995,28279.68890685395,31382.541283959476,25685.753159988046
DALYs (Disability-Adjusted Life Years),Yemen,Both,Age-standardized,All causes,Rate,1995,64591.10417913353,72910.0471421656,57007.732860452175
DALYs (Disability-Adjusted Life Years),Chad,Both,Age-standardized,All causes,Rate,1998,89938.82014365602,97977.98569892393,82447.4754892021
DALYs (Disability-Adjusted Life Years),Chile,Both,Age-standardized,All causes,Rate,1995,28939.733625214812,32085.855889263472,26148.667781742974
DALYs (Disability-Adjusted Life Years),Ukraine,Both,Age-standardized,All causes,Rate,1996,44378.33497113898,47608.98815147019,41480.05803878755
DALYs (Disability-Adjusted Life Years),Somalia,Both,Age-standardized,All causes,Rate,1998,98637.6673055203,109946.39158692508,87502.39189967232
DALYs (Disability-Adjusted Life Years),United States of America,Both,Age-standardized,All causes,Rate,1998,27381.042500011725,30769.592259759364,24455.196684038892
DALYs (Disability-Adjusted Life Years),Senegal,Both,Age-standardized,All causes,Rate,1993,69321.63440135501,74821.65270425112,64003.99237383663
DALYs (Disability-Adjusted Life Years),Indonesia,Both,Age-standardized,All causes,Rate,1994,48499.43236470186,52161.58651186294,45325.72267036528
DALYs (Disability-Adjusted Life Years),Palau,Both,Age-standardized,All causes,Rate,1993,45436.63267831006,52776.900330154276,38368.47382439928
DALYs (Disability-Adjusted Life Years),United Arab Emirates,Both,Age-standardized,All causes,Rate,1994,34149.960273017285,39326.07078018907,29623.946662530965
DALYs (Disability-Adjusted Life Years),Qatar,Both,Age-standardized,All causes,Rate,1993,37852.10417235307,42537.53398621937,33540.636650826294
DALYs (Disability-Adjusted Life Years),Maldives,Both,Age-standardized,All causes,Rate,1994,42107.5507589398,46032.778411743464,38853.99213819533
DALYs (Disability-Adjusted Life Years),New Zealand,Both,Age-standardized,All causes,Rate,1994,27363.505504375342,30810.06016891843,24443.748440543055
DALYs (Disability-Adjusted Life Years),France,Both,Age-standardized,All causes,Rate,1999,23736.23440334963,27062.513313835596,20938.06386244005
DALYs (Disability-Adjusted Life Years),Jordan,Both,Age-standardized,All causes,Rate,1994,34251.544305510775,38797.251144257134,30180.857900909054
DALYs (Disability-Adjusted Life Years),American Samoa,Both,Age-standardized,All causes,Rate,1994,36579.521089739144,40164.15150841698,33365.49085517398
DALYs (Disability-Adjusted Life Years),Greece,Both,Age-standardized,All causes,Rate,1999,24159.300124999387,27401.510336083586,21378.267296411934
DALYs (Disability-Adjusted Life Years),Austria,Both,Age-standardized,All causes,Rate,1995,25604.804222328643,28838.51189891781,22927.46993300869
DALYs (Disability-Adjusted Life Years),Luxembourg,Both,Age-standardized,All causes,Rate,1995,26116.76061890672,29293.28897197935,23227.772524186727
DALYs (Disability-Adjusted Life Years),Kyrgyzstan,Both,Age-standardized,All causes,Rate,1994,48450.281111555516,52142.10048754653,45316.09011078384
DALYs (Disability-Adjusted Life Years),Austria,Both,Age-standardized,All causes,Rate,1994,26128.13446652922,29366.9503460254,23472.991225948794
DALYs (Disability-Adjusted Life Years),Paraguay,Both,Age-standardized,All causes,Rate,1995,31536.157253905923,35690.25150348964,28088.245860821786
DALYs (Disability-Adjusted Life Years),Afghanistan,Both,Age-standardized,All causes,Rate,1995,87339.63419988808,97610.98377935044,77378.58534074327
DALYs (Disability-Adjusted Life Years),Mozambique,Both,Age-standardized,All causes,Rate,1995,88122.46979122292,96132.40772589741,81661.58333851761
DALYs (Disability-Adjusted Life Years),Equatorial Guinea,Both,Age-standardized,All causes,Rate,1995,91952.5576465159,104936.73512618762,79887.74409719813
DALYs (Disability-Adjusted Life Years),Uruguay,Both,Age-standardized,All causes,Rate,1995,31323.070070630194,34380.11647621111,28678.453759883683
DALYs (Disability-Adjusted Life Years),Paraguay,Both,Age-standardized,All causes,Rate,1996,31647.578429886897,35679.93636989696,28073.63201043953
DALYs (Disability-Adjusted Life Years),Venezuela (Bolivarian Republic of),Both,Age-standardized,All causes,Rate,1995,34210.74584182712,37793.82308318748,30894.789510067916
DALYs (Disability-Adjusted Life Years),Kuwait,Both,Age-standardized,All causes,Rate,1995,25396.32856052295,28592.217037984785,22665.41265260027
DALYs (Disability-Adjusted Life Years),Madagascar,Both,Age-standardized,All causes,Rate,1995,72954.9873964991,79020.67600025715,67405.9142109162
DALYs (Disability-Adjusted Life Years),Philippines,Both,Age-standardized,All causes,Rate,1996,39029.95651165705,42384.715056952,35890.99223323628
DALYs (Disability-Adjusted Life Years),Dominican Republic,Both,Age-standardized,All causes,Rate,1995,35985.9460376099,40145.51376694252,32351.490838545506
DALYs (Disability-Adjusted Life Years),Morocco,Both,Age-standardized,All causes,Rate,1996,42459.100506921954,47037.65044490923,38186.22829721306
DALYs (Disability-Adjusted Life Years),Afghanistan,Both,Age-standardized,All causes,Rate,1996,86492.24873869139,96785.02008568242,76698.80662965956
DALYs (Disability-Adjusted Life Years),Luxembourg,Both,Age-standardized,All causes,Rate,1999,24096.486825880005,27379.574656149107,21408.099039547396
DALYs (Disability-Adjusted Life Years),Equatorial Guinea,Both,Age-standardized,All causes,Rate,1996,90695.25366356169,103792.18719538736,78486.73284025094
DALYs (Disability-Adjusted Life Years),Peru,Both,Age-standardized,All causes,Rate,1995,38223.88024129868,42010.01187282146,34885.337910295035
DALYs (Disability-Adjusted Life Years),Russian Federation,Both,Age-standardized,All causes,Rate,1990,39713.31909551815,43091.059108456044,36876.453551238126
DALYs (Disability-Adjusted Life Years),San Marino,Both,Age-standardized,All causes,Rate,1991,22090.26100748662,25343.84868509048,19182.83014853822
DALYs (Disability-Adjusted Life Years),Côte d'Ivoire,Both,Age-standardized,All causes,Rate,1995,91245.30157688004,101444.64600479144,81837.93348466397
DALYs (Disability-Adjusted Life Years),South Africa,Both,Age-standardized,All causes,Rate,1995,55753.58774502669,59478.18976403227,52423.70720134436
DALYs (Disability-Adjusted Life Years),Austria,Both,Age-standardized,All causes,Rate,1996,25223.645488236478,28515.379688854748,22534.606679680117
DALYs (Disability-Adjusted Life Years),Belize,Both,Age-standardized,All causes,Rate,1994,34150.62285422206,37552.19020495753,31201.732720694174
DALYs (Disability-Adjusted Life Years),Guinea-Bissau,Both,Age-standardized,All causes,Rate,1996,99774.15677722286,110851.02168500924,89928.75517882335
DALYs (Disability-Adjusted Life Years),Solomon Islands,Both,Age-standardized,All causes,Rate,1996,55820.45465105199,64799.649229918214,47992.50571422248
DALYs (Disability-Adjusted Life Years),Luxembourg,Both,Age-standardized,All causes,Rate,1996,25878.15654768405,29130.933817662364,23044.801395227194
DALYs (Disability-Adjusted Life Years),Turkmenistan,Both,Age-standardized,All causes,Rate,1996,51956.81900767959,55535.48377585169,48887.47305376508
DALYs (Disability-Adjusted Life Years),Trinidad and Tobago,Both,Age-standardized,All causes,Rate,1994,40017.43835415291,43250.956162005365,37007.26442081217
DALYs (Disability-Adjusted Life Years),Costa Rica,Both,Age-standardized,All causes,Rate,1993,26168.19498073784,29417.311401596304,23422.33753990288
DALYs (Disability-Adjusted Life Years),Dominican Republic,Both,Age-standardized,All causes,Rate,1996,35994.98713785082,39832.20159191839,32463.15116078565
DALYs (Disability-Adjusted Life Years),Sudan,Both,Age-standardized,All causes,Rate,1992,68825.54706547884,76303.60738764821,62693.99623351359
DALYs (Disability-Adjusted Life Years),Solomon Islands,Both,Age-standardized,All causes,Rate,1995,56505.56427448219,65773.1104078617,48440.22644245162
DALYs (Disability-Adjusted Life Years),Peru,Both,Age-standardized,All causes,Rate,1996,36458.817952028585,39950.13390323612,33224.1188700527
DALYs (Disability-Adjusted Life Years),Eswatini,Both,Age-standardized,All causes,Rate,1995,68022.18400714776,76840.96229297234,59498.33434754812
DALYs (Disability-Adjusted Life Years),Morocco,Both,Age-standardized,All causes,Rate,1995,43423.8896117662,48258.18018557149,39175.494011437586
DALYs (Disability-Adjusted Life Years),Kenya,Both,Age-standardized,All causes,Rate,1994,70023.73195240703,78863.30037931653,62626.52261784048
DALYs (Disability-Adjusted Life Years),Lesotho,Both,Age-standardized,All causes,Rate,1995,70830.49616556741,80350.69837661859,62611.41868462676
DALYs (Disability-Adjusted Life Years),Timor-Leste,Both,Age-standardized,All causes,Rate,1996,55982.932811251754,61880.19356252882,50980.15836495465
DALYs (Disability-Adjusted Life Years),Sri Lanka,Both,Age-standardized,All causes,Rate,1995,37094.00348417735,40333.85506306684,34315.31928678598
DALYs (Disability-Adjusted Life Years),Uzbekistan,Both,Age-standardized,All causes,Rate,1996,43356.78945652054,46903.15177338349,40294.05995102419
DALYs (Disability-Adjusted Life Years),Romania,Both,Age-standardized,All causes,Rate,1996,40337.99583498887,43493.0373569728,37606.529015039356
DALYs (Disability-Adjusted Life Years),Serbia,Both,Age-standardized,All causes,Rate,1996,38665.85640947361,41808.25317520355,35950.974793336485
DALYs (Disability-Adjusted Life Years),Lebanon,Both,Age-standardized,All causes,Rate,1996,32635.94955176931,37080.72632500818,29155.242816369413
DALYs (Disability-Adjusted Life Years),Congo,Both,Age-standardized,All causes,Rate,1996,90915.41275105593,99638.49583186068,82804.98679106974
DALYs (Disability-Adjusted Life Years),Luxembourg,Both,Age-standardized,All causes,Rate,1994,26697.33822235158,29942.660592947534,23827.21406271957
DALYs (Disability-Adjusted Life Years),Turkmenistan,Both,Age-standardized,All causes,Rate,1995,51151.90781160141,54833.84169471379,48008.6387572536
DALYs (Disability-Adjusted Life Years),Gambia,Both,Age-standardized,All causes,Rate,1996,65074.613289629204,72539.74113107772,58523.9732609224
DALYs (Disability-Adjusted Life Years),Togo,Both,Age-standardized,All causes,Rate,1996,74250.93098171995,80696.67337093849,67357.55126934394
DALYs (Disability-Adjusted Life Years),Andorra,Both,Age-standardized,All causes,Rate,1994,22716.114198927866,27014.03806575166,18718.00072655248
DALYs (Disability-Adjusted Life Years),Gambia,Both,Age-standardized,All causes,Rate,1995,65381.13324533195,72916.7092585712,59001.414101871254
DALYs (Disability-Adjusted Life Years),Chile,Both,Age-standardized,All causes,Rate,1994,29067.612740580655,32215.947129443422,26308.902243485034
DALYs (Disability-Adjusted Life Years),Dominica,Both,Age-standardized,All causes,Rate,1994,33478.0091010127,36978.3158339552,30542.065696615926
DALYs (Disability-Adjusted Life Years),Central African Republic,Both,Age-standardized,All causes,Rate,1995,125500.65990607266,139260.70784707446,112675.64567730122
DALYs (Disability-Adjusted Life Years),Libya,Both,Age-standardized,All causes,Rate,1995,31505.9651740579,35174.68928140932,27836.812834840985
DALYs (Disability-Adjusted Life Years),Bermuda,Both,Age-standardized,All causes,Rate,1995,26419.47784829683,29491.27560298299,23876.853909130798
DALYs (Disability-Adjusted Life Years),Niue,Both,Age-standardized,All causes,Rate,1993,40672.95805350842,46792.31259747659,35169.42771219704
DALYs (Disability-Adjusted Life Years),Bermuda,Both,Age-standardized,All causes,Rate,1996,25906.447890010797,28984.460629829133,23276.750313596513
DALYs (Disability-Adjusted Life Years),Cook Islands,Both,Age-standardized,All causes,Rate,1994,34760.502554882594,39328.37667493468,30905.1963990733
DALYs (Disability-Adjusted Life Years),Libya,Both,Age-standardized,All causes,Rate,1996,33443.90944637116,36909.003977553366,29960.765018428858
DALYs (Disability-Adjusted Life Years),Tonga,Both,Age-standardized,All causes,Rate,1995,34305.63279964178,37922.569838662,31064.180643923726
DALYs (Disability-Adjusted Life Years),Guinea-Bissau,Both,Age-standardized,All causes,Rate,1995,96890.24816675115,108305.4483483151,86992.35650495153
DALYs (Disability-Adjusted Life Years),Serbia,Both,Age-standardized,All causes,Rate,1995,38610.53863471197,41728.00544908442,35982.79195141729
DALYs (Disability-Adjusted Life Years),Côte d'Ivoire,Both,Age-standardized,All causes,Rate,1996,91981.84540573978,102339.89027087063,82343.19471591995
DALYs (Disability-Adjusted Life Years),Albania,Both,Age-standardized,All causes,Rate,1996,31096.657238398413,34383.6917821204,28385.144818277575
DALYs (Disability-Adjusted Life Years),Sierra Leone,Both,Age-standardized,All causes,Rate,1996,95756.4697816541,103374.99617830444,89274.76658689177
DALYs (Disability-Adjusted Life Years),Kuwait,Both,Age-standardized,All causes,Rate,1994,24601.825301117904,27843.792334170248,21949.57179730861
DALYs (Disability-Adjusted Life Years),Cyprus,Both,Age-standardized,All causes,Rate,1995,29654.14002907045,32741.741499078536,26883.600151188715
DALYs (Disability-Adjusted Life Years),Ghana,Both,Age-standardized,All causes,Rate,1995,65565.06997881543,73357.43968617852,59384.97655716083
DALYs (Disability-Adjusted Life Years),San Marino,Both,Age-standardized,All causes,Rate,1995,21370.46521565427,24656.85666256477,18445.11935042677
DALYs (Disability-Adjusted Life Years),Tuvalu,Both,Age-standardized,All causes,Rate,1996,56491.992222463705,63312.21053728336,50608.58060421292
DALYs (Disability-Adjusted Life Years),Cyprus,Both,Age-standardized,All causes,Rate,1996,29010.137484276267,32109.701325515573,26197.52285139625
DALYs (Disability-Adjusted Life Years),Yemen,Both,Age-standardized,All causes,Rate,1994,66377.73872011657,75198.63074807747,58647.88429339961
DALYs (Disability-Adjusted Life Years),Gambia,Both,Age-standardized,All causes,Rate,1994,65797.44390119636,73461.22952643111,59190.6206292418
DALYs (Disability-Adjusted Life Years),Philippines,Both,Age-standardized,All causes,Rate,1995,39440.538355516204,43104.867608857625,36206.78593341573
DALYs (Disability-Adjusted Life Years),Equatorial Guinea,Both,Age-standardized,All causes,Rate,1994,92367.7773840578,105670.51879391234,80140.32591204363
DALYs (Disability-Adjusted Life Years),Togo,Both,Age-standardized,All causes,Rate,1995,73525.63093952033,80280.27690934147,66707.10139145069
DALYs (Disability-Adjusted Life Years),Eswatini,Both,Age-standardized,All causes,Rate,1994,63703.11628821967,70957.85050550944,56565.89582153292
DALYs (Disability-Adjusted Life Years),Sao Tome and Principe,Both,Age-standardized,All causes,Rate,1993,55044.61810529492,60196.97214547862,50316.863813618394
DALYs (Disability-Adjusted Life Years),Saint Kitts and Nevis,Both,Age-standardized,All causes,Rate,1995,40523.56286981391,44350.2291432378,37212.8155952703
DALYs (Disability-Adjusted Life Years),Russian Federation,Both,Age-standardized,All causes,Rate,1994,51625.664073560496,55021.40069300043,48771.01236013396
DALYs (Disability-Adjusted Life Years),Italy,Both,Age-standardized,All causes,Rate,1994,24913.806830080182,28217.519529625213,22102.6806737835
DALYs (Disability-Adjusted Life Years),Democratic Republic of the Congo,Both,Age-standardized,All causes,Rate,1994,87663.71028757254,96455.56987002316,80642.95295850026
DALYs (Disability-Adjusted Life Years),Democratic Republic of the Congo,Both,Age-standardized,All causes,Rate,1995,87750.06457469828,96519.33806904663,80544.90250580692
DALYs (Disability-Adjusted Life Years),Madagascar,Both,Age-standardized,All causes,Rate,1996,72085.81368351812,78037.51065745064,66073.23389660014
DALYs (Disability-Adjusted Life Years),Mauritius,Both,Age-standardized,All causes,Rate,1995,35597.57951363427,38880.0499141657,32920.42928816794
DALYs (Disability-Adjusted Life Years),Slovenia,Both,Age-standardized,All causes,Rate,1996,27659.350638554948,30674.67785747037,24990.314821701857
DALYs (Disability-Adjusted Life Years),Canada,Both,Age-standardized,All causes,Rate,1999,22848.844428917844,25949.933135544874,20166.238261983905
DALYs (Disability-Adjusted Life Years),Lesotho,Both,Age-standardized,All causes,Rate,1996,75306.96575075891,87315.70883316676,65676.60893935744
DALYs (Disability-Adjusted Life Years),Saint Kitts and Nevis,Both,Age-standardized,All causes,Rate,1996,39680.85814417415,43532.26078129805,36154.5640475547
DALYs (Disability-Adjusted Life Years),Democratic Republic of the Congo,Both,Age-standardized,All causes,Rate,1996,93242.84000188607,101985.22183327246,85644.73197117948
DALYs (Disability-Adjusted Life Years),Mauritius,Both,Age-standardized,All causes,Rate,1996,35534.47075038072,38642.85360698197,32818.37876815136
DALYs (Disability-Adjusted Life Years),Guam,Both,Age-standardized,All causes,Rate,1996,27051.04002601621,30029.924746599547,24639.029396939608
DALYs (Disability-Adjusted Life Years),Bosnia and Herzegovina,Both,Age-standardized,All causes,Rate,1993,40295.72904382556,45407.01015519805,36420.143287686966
DALYs (Disability-Adjusted Life Years),Ghana,Both,Age-standardized,All causes,Rate,1994,66260.74663034071,74290.06327337281,59851.3266921486
DALYs (Disability-Adjusted Life Years),Togo,Both,Age-standardized,All causes,Rate,1994,73240.23706344924,80035.87716827438,66760.8813669418
DALYs (Disability-Adjusted Life Years),Uzbekistan,Both,Age-standardized,All causes,Rate,1995,43308.15445574327,46705.40608442381,40269.12018150461
DALYs (Disability-Adjusted Life Years),Netherlands,Both,Age-standardized,All causes,Rate,1995,23957.962300143812,26914.185794782898,21432.34651547769
DALYs (Disability-Adjusted Life Years),Bermuda,Both,Age-standardized,All causes,Rate,1994,27275.642706045917,30329.9200818548,24774.054407283827
DALYs (Disability-Adjusted Life Years),Saint Kitts and Nevis,Both,Age-standardized,All causes,Rate,1994,40256.79354550694,43865.45139185493,36971.72315715015
DALYs (Disability-Adjusted Life Years),Montenegro,Both,Age-standardized,All causes,Rate,1994,28624.494438183796,31814.565102480297,25905.710719141945
DALYs (Disability-Adjusted Life Years),Guam,Both,Age-standardized,All causes,Rate,1995,27389.66205358782,30461.68811917789,24975.17247130476
DALYs (Disability-Adjusted Life Years),South Africa,Both,Age-standardized,All causes,Rate,1996,58153.77176779817,62270.5554271776,54870.16432334999
DALYs (Disability-Adjusted Life Years),Armenia,Both,Age-standardized,All causes,Rate,1996,37439.30681666298,40532.18584601399,34649.34192255347
DALYs (Disability-Adjusted Life Years),Cook Islands,Both,Age-standardized,All causes,Rate,1995,34261.15741299206,38862.97577463895,30341.565666611936
DALYs (Disability-Adjusted Life Years),Singapore,Both,Age-standardized,All causes,Rate,1996,22933.423762399972,25661.489589351975,20606.452881760782
DALYs (Disability-Adjusted Life Years),Tonga,Both,Age-standardized,All causes,Rate,1996,34195.379810206956,37881.0001548096,30941.85385387581
DALYs (Disability-Adjusted Life Years),Bermuda,Both,Age-standardized,All causes,Rate,1993,27865.97418231384,30888.658714051686,25328.71195735681
DALYs (Disability-Adjusted Life Years),Japan,Both,Age-standardized,All causes,Rate,1996,20041.24338157434,22881.66251403155,17624.618543434666
DALYs (Disability-Adjusted Life Years),South Sudan,Both,Age-standardized,All causes,Rate,1993,89133.6288315226,101009.5642007318,77983.85546529184
DALYs (Disability-Adjusted Life Years),Antigua and Barbuda,Both,Age-standardized,All causes,Rate,1996,31026.499056234454,34387.499879565075,28124.600234955837
DALYs (Disability-Adjusted Life Years),Netherlands,Both,Age-standardized,All causes,Rate,1996,23874.492775083756,26778.635975536592,21337.59191599588
DALYs (Disability-Adjusted Life Years),Guyana,Both,Age-standardized,All causes,Rate,1996,52910.986355967274,57445.40115452972,48908.075582820784
DALYs (Disability-Adjusted Life Years),Guyana,Both,Age-standardized,All causes,Rate,1995,52579.47247662028,57137.72330089932,48617.9569737542
DALYs (Disability-Adjusted Life Years),Colombia,Both,Age-standardized,All causes,Rate,1995,35399.1894748005,38777.225659957214,32585.4888558049
DALYs (Disability-Adjusted Life Years),Brunei Darussalam,Both,Age-standardized,All causes,Rate,1996,30391.91666828035,33653.899403031464,27576.0084718091
DALYs (Disability-Adjusted Life Years),American Samoa,Both,Age-standardized,All causes,Rate,1996,36640.23845640382,40080.54443388418,33469.66100832963
DALYs (Disability-Adjusted Life Years),Puerto Rico,Both,Age-standardized,All causes,Rate,1996,30968.850117001657,34211.336496066106,28249.373887321322
DALYs (Disability-Adjusted Life Years),Mozambique,Both,Age-standardized,All causes,Rate,1994,89546.99344806987,97889.12557048675,83162.9174864724
DALYs (Disability-Adjusted Life Years),Guinea-Bissau,Both,Age-standardized,All causes,Rate,1994,98719.94219657025,110148.0871198599,89539.71958805449
DALYs (Disability-Adjusted Life Years),Denmark,Both,Age-standardized,All causes,Rate,1996,27076.10964007269,30286.337554315556,24309.987587656407
DALYs (Disability-Adjusted Life Years),Norway,Both,Age-standardized,All causes,Rate,1996,23878.83185004734,27141.286334052405,21044.07892968265
DALYs (Disability-Adjusted Life Years),Guam,Both,Age-standardized,All causes,Rate,1994,27972.8215531652,30977.58198656703,25490.159676417916
DALYs (Disability-Adjusted Life Years),Haiti,Both,Age-standardized,All causes,Rate,1996,80658.13587722149,88257.65638084404,73014.23830978591
DALYs (Disability-Adjusted Life Years),Timor-Leste,Both,Age-standardized,All causes,Rate,1995,60460.033503597166,66536.25904223675,55461.45296029388
DALYs (Disability-Adjusted Life Years),Kenya,Both,Age-standardized,All causes,Rate,1993,67009.01511007866,75433.83501626227,60680.60864404912
DALYs (Disability-Adjusted Life Years),Cook Islands,Both,Age-standardized,All causes,Rate,1993,35285.22695161692,39721.3857046115,31452.193116869283
DALYs (Disability-Adjusted Life Years),Uruguay,Both,Age-standardized,All causes,Rate,1994,31399.97682409708,34382.878704513445,28829.066846369595
DALYs (Disability-Adjusted Life Years),Sri Lanka,Both,Age-standardized,All causes,Rate,1994,34725.37775824571,37994.25547373749,31943.01465419952
DALYs (Disability-Adjusted Life Years),Angola,Both,Age-standardized,All causes,Rate,1993,103657.06209472363,113194.52383291637,94499.39166690389
DALYs (Disability-Adjusted Life Years),Dominican Republic,Both,Age-standardized,All causes,Rate,1994,36307.306101626,40326.68546893864,32615.56372743942
DALYs (Disability-Adjusted Life Years),Peru,Both,Age-standardized,All causes,Rate,1994,39104.859623320175,42874.01940568467,35663.58089685967
DALYs (Disability-Adjusted Life Years),Colombia,Both,Age-standardized,All causes,Rate,1996,34996.46912074317,38675.248235416984,32284.41587667151
DALYs (Disability-Adjusted Life Years),Central African Republic,Both,Age-standardized,All causes,Rate,1994,122791.67072501671,136326.25964227086,110403.28589788079
DALYs (Disability-Adjusted Life Years),Denmark,Both,Age-standardized,All causes,Rate,1995,27487.438929674678,30693.488364397363,24697.255284426356
DALYs (Disability-Adjusted Life Years),United Kingdom,Both,Age-standardized,All causes,Rate,1994,26018.89632260556,29299.2251746194,23218.369043605024
DALYs (Disability-Adjusted Life Years),Taiwan (Province of China),Both,Age-standardized,All causes,Rate,1994,26250.93503817803,28979.11393951267,23939.335641762336
DALYs (Disability-Adjusted Life Years),Malaysia,Both,Age-standardized,All causes,Rate,1994,31649.19994739739,34750.756948627844,29057.79890478487
DALYs (Disability-Adjusted Life Years),North Macedonia,Both,Age-standardized,All causes,Rate,1994,37453.7125728925,40698.36793260566,34848.12715465364
DALYs (Disability-Adjusted Life Years),Paraguay,Both,Age-standardized,All causes,Rate,1997,30964.651823648524,34722.76879653272,27575.20917051314
DALYs (Disability-Adjusted Life Years),Myanmar,Both,Age-standardized,All causes,Rate,1994,75382.92776564679,84046.54315299049,66654.18293534897
DALYs (Disability-Adjusted Life Years),Sierra Leone,Both,Age-standardized,All causes,Rate,1995,99549.61968767692,107170.15314856658,93009.68357846336
DALYs (Disability-Adjusted Life Years),Tonga,Both,Age-standardized,All causes,Rate,1994,34729.34647592814,38556.93156519817,31291.795089631793
DALYs (Disability-Adjusted Life Years),Iran (Islamic Republic of),Both,Age-standardized,All causes,Rate,1996,37916.34547089631,41705.624134505706,34827.47592055917
DALYs (Disability-Adjusted Life Years),Chad,Both,Age-standardized,All causes,Rate,1999,89846.86491119824,98627.93333900554,82070.98384203346
DALYs (Disability-Adjusted Life Years),Uruguay,Both,Age-standardized,All causes,Rate,1997,30537.152093379904,33600.13062770407,27978.082685927595
DALYs (Disability-Adjusted Life Years),Serbia,Both,Age-standardized,All causes,Rate,1994,38189.599941325854,42037.95715985467,34709.36325522483
DALYs (Disability-Adjusted Life Years),Panama,Both,Age-standardized,All causes,Rate,1994,28463.76483061238,31650.933200158222,25890.90198532633
DALYs (Disability-Adjusted Life Years),Dominican Republic,Both,Age-standardized,All causes,Rate,1997,35817.77546568556,39615.0139260612,32291.84011062486
DALYs (Disability-Adjusted Life Years),San Marino,Both,Age-standardized,All causes,Rate,1994,21618.617111436455,24850.53819704498,18719.143231757917
DALYs (Disability-Adjusted Life Years),Peru,Both,Age-standardized,All causes,Rate,1997,35683.264538509284,39044.528536564736,32409.036204510816
DALYs (Disability-Adjusted Life Years),Eswatini,Both,Age-standardized,All causes,Rate,1996,74321.93734202736,86192.24781235517,64432.75184657833
DALYs (Disability-Adjusted Life Years),Japan,Both,Age-standardized,All causes,Rate,1995,20634.736661079307,23458.580347957864,18209.09967817072
DALYs (Disability-Adjusted Life Years),Libya,Both,Age-standardized,All causes,Rate,1997,31027.93433033772,34501.21662751153,27688.20819849509
DALYs (Disability-Adjusted Life Years),Lesotho,Both,Age-standardized,All causes,Rate,1994,67313.34702944061,75431.96613433861,59896.22458928812
DALYs (Disability-Adjusted Life Years),Brunei Darussalam,Both,Age-standardized,All causes,Rate,1995,31097.306600861164,34273.062811982294,28226.136335562922
DALYs (Disability-Adjusted Life Years),Algeria,Both,Age-standardized,All causes,Rate,1996,37261.418546940055,41302.634087887505,33834.66014142031
DALYs (Disability-Adjusted Life Years),Eswatini,Both,Age-standardized,All causes,Rate,1997,80210.73188631069,94554.68982981022,68468.9863774863
DALYs (Disability-Adjusted Life Years),India,Both,Age-standardized,All causes,Rate,1996,59244.62106311528,63586.42333009461,55113.80075995556
DALYs (Disability-Adjusted Life Years),Guinea-Bissau,Both,Age-standardized,All causes,Rate,1997,97967.91162540039,108471.28614397037,87580.02137995817
DALYs (Disability-Adjusted Life Years),Ghana,Both,Age-standardized,All causes,Rate,1996,65620.00054795419,73317.36893083152,59297.08440008601
DALYs (Disability-Adjusted Life Years),Oman,Both,Age-standardized,All causes,Rate,1996,36421.23535959646,42290.55986100812,31209.59804023936
DALYs (Disability-Adjusted Life Years),Guam,Both,Age-standardized,All causes,Rate,1997,34350.29518320975,37253.29784954968,31856.444682229023
DALYs (Disability-Adjusted Life Years),Bhutan,Both,Age-standardized,All causes,Rate,1996,55817.59652794074,62689.144122099584,50199.933911766115
DALYs (Disability-Adjusted Life Years),Costa Rica,Both,Age-standardized,All causes,Rate,1996,26115.4258404235,29281.474605102132,23470.329666451493
DALYs (Disability-Adjusted Life Years),Equatorial Guinea,Both,Age-standardized,All causes,Rate,1993,92640.80183493225,105734.40210076414,80450.09022814674
DALYs (Disability-Adjusted Life Years),Guinea-Bissau,Both,Age-standardized,All causes,Rate,1993,99028.14527687278,110190.26056598005,89870.61378327745
DALYs (Disability-Adjusted Life Years),Botswana,Both,Age-standardized,All causes,Rate,1994,76368.89778501808,91427.06108514163,63334.61848780977
DALYs (Disability-Adjusted Life Years),Iran (Islamic Republic of),Both,Age-standardized,All causes,Rate,1995,38757.076166176106,42366.95247831294,35589.11749870023
DALYs (Disability-Adjusted Life Years),Chad,Both,Age-standardized,All causes,Rate,1996,88258.87167191121,95690.43892778049,81225.90920995583
DALYs (Disability-Adjusted Life Years),Malawi,Both,Age-standardized,All causes,Rate,1996,119086.37083590377,132775.30137626687,107991.93318987197
DALYs (Disability-Adjusted Life Years),Slovenia,Both,Age-standardized,All causes,Rate,1997,27429.172231976423,30648.50379490591,24740.526738988072
DALYs (Disability-Adjusted Life Years),Namibia,Both,Age-standardized,All causes,Rate,1996,67175.72222767833,74757.95344090581,60589.19666599475
DALYs (Disability-Adjusted Life Years),Afghanistan,Both,Age-standardized,All causes,Rate,1994,88688.35391305122,98773.98069956571,78593.33633952217
DALYs (Disability-Adjusted Life Years),Slovenia,Both,Age-standardized,All causes,Rate,1995,28179.653343353406,31398.76873685862,25429.6768302557
DALYs (Disability-Adjusted Life Years),Chad,Both,Age-standardized,All causes,Rate,1997,89258.86694429598,97133.43243614302,82127.38634094021
DALYs (Disability-Adjusted Life Years),Solomon Islands,Both,Age-standardized,All causes,Rate,1994,57259.70535388286,66888.08388275253,49246.48963004671
DALYs (Disability-Adjusted Life Years),Armenia,Both,Age-standardized,All causes,Rate,1995,38236.92541818527,41339.02030626,35378.40122008726
DALYs (Disability-Adjusted Life Years),South Africa,Both,Age-standardized,All causes,Rate,1994,54819.771109691304,58709.52050165359,51408.50627274204
DALYs (Disability-Adjusted Life Years),Belgium,Both,Age-standardized,All causes,Rate,1995,25615.379201245174,28881.929299587668,22835.107127540185
DALYs (Disability-Adjusted Life Years),Tuvalu,Both,Age-standardized,All causes,Rate,1995,57208.430698994984,63694.137019474576,51323.38014803409
DALYs (Disability-Adjusted Life Years),Puerto Rico,Both,Age-standardized,All causes,Rate,1995,31846.49611572718,35155.649318496064,29239.18182570867
DALYs (Disability-Adjusted Life Years),Grenada,Both,Age-standardized,All causes,Rate,1996,35716.238162289206,39295.97741613896,32370.49854521075
DALYs (Disability-Adjusted Life Years),Jamaica,Both,Age-standardized,All causes,Rate,1993,29265.716091398463,32862.48539509161,26016.170469525176
DALYs (Disability-Adjusted Life Years),Singapore,Both,Age-standardized,All causes,Rate,1997,22305.489295651627,24997.78674777272,19980.255784007844
DALYs (Disability-Adjusted Life Years),American Samoa,Both,Age-standardized,All causes,Rate,1993,36499.49274904002,40068.21145428255,33425.13428366128
DALYs (Disability-Adjusted Life Years),Comoros,Both,Age-standardized,All causes,Rate,1996,67066.47989862594,74890.31164335375,59368.76231787813
DALYs (Disability-Adjusted Life Years),Antigua and Barbuda,Both,Age-standardized,All causes,Rate,1997,32891.192247615305,36164.728585277895,30078.12465130504
DALYs (Disability-Adjusted Life Years),Taiwan (Province of China),Both,Age-standardized,All causes,Rate,1996,26331.708702754626,29003.708717089066,24062.644814734787
DALYs (Disability-Adjusted Life Years),Denmark,Both,Age-standardized,All causes,Rate,1997,26563.19812497113,29814.68647522897,23790.741876623135
DALYs (Disability-Adjusted Life Years),Taiwan (Province of China),Both,Age-standardized,All causes,Rate,1997,25630.01107205319,28283.78352682762,23390.269370795264
DALYs (Disability-Adjusted Life Years),Viet Nam,Both,Age-standardized,All causes,Rate,1997,35090.74180234274,39268.929956896915,31259.635155819975
DALYs (Disability-Adjusted Life Years),Eswatini,Both,Age-standardized,All causes,Rate,1993,61224.40115999769,68160.9826750231,54569.101211893045
DALYs (Disability-Adjusted Life Years),France,Both,Age-standardized,All causes,Rate,1997,23999.798376120267,27331.959217965163,21220.266939729165
DALYs (Disability-Adjusted Life Years),Colombia,Both,Age-standardized,All causes,Rate,1994,36213.244518691754,39509.33711565279,33611.13607187645
DALYs (Disability-Adjusted Life Years),Spain,Both,Age-standardized,All causes,Rate,1997,23130.940901482223,26310.82681570175,20499.62908902377
DALYs (Disability-Adjusted Life Years),Ecuador,Both,Age-standardized,All causes,Rate,1994,34035.130593090194,37181.4003614233,31018.089960902074
DALYs (Disability-Adjusted Life Years),Libya,Both,Age-standardized,All causes,Rate,1994,32151.596987853183,35910.48410350468,28403.786800675884
DALYs (Disability-Adjusted Life Years),Sierra Leone,Both,Age-standardized,All causes,Rate,1994,99507.15614524277,107081.5825483868,92848.98221737694
DALYs (Disability-Adjusted Life Years),Somalia,Both,Age-standardized,All causes,Rate,1996,100555.28157680776,111398.11319888526,88792.52658927965
DALYs (Disability-Adjusted Life Years),Algeria,Both,Age-standardized,All causes,Rate,1995,38299.16488236351,42564.18793235815,34857.14908203061
DALYs (Disability-Adjusted Life Years),Togo,Both,Age-standardized,All causes,Rate,1993,72609.34624496428,79485.8853082738,66538.45152841671
DALYs (Disability-Adjusted Life Years),Albania,Both,Age-standardized,All causes,Rate,1995,30821.888354496517,34025.01018396522,28074.866017751243
DALYs (Disability-Adjusted Life Years),Singapore,Both,Age-standardized,All causes,Rate,1995,23455.99416545645,26161.80819055724,21122.147652004856
DALYs (Disability-Adjusted Life Years),Lebanon,Both,Age-standardized,All causes,Rate,1995,33229.92462982214,37603.53775849452,29654.94798928373
DALYs (Disability-Adjusted Life Years),Saint Kitts and Nevis,Both,Age-standardized,All causes,Rate,1993,40085.30424774806,43763.94066802792,36907.31998096703
DALYs (Disability-Adjusted Life Years),Congo,Both,Age-standardized,All causes,Rate,1995,89780.55947511831,98478.72293813627,81550.72722196903
DALYs (Disability-Adjusted Life Years),Madagascar,Both,Age-standardized,All causes,Rate,1994,74058.30182545172,80297.30780264927,68589.6460867332
DALYs (Disability-Adjusted Life Years),Bosnia and Herzegovina,Both,Age-standardized,All causes,Rate,1997,30244.076844680883,34092.99493299217,27074.906627985856
DALYs (Disability-Adjusted Life Years),Sri Lanka,Both,Age-standardized,All causes,Rate,1996,37160.841540008805,41088.39573526006,34009.338925087955
DALYs (Disability-Adjusted Life Years),Saint Vincent and the Grenadines,Both,Age-standardized,All causes,Rate,1997,37203.44397782477,40675.581984005046,34237.34142650809
DALYs (Disability-Adjusted Life Years),United States Virgin Islands,Both,Age-standardized,All causes,Rate,1997,31946.252790935996,35657.322885716385,28439.977193736904
DALYs (Disability-Adjusted Life Years),Cyprus,Both,Age-standardized,All causes,Rate,1997,28800.9291120577,31999.813634127546,25966.622302824882
DALYs (Disability-Adjusted Life Years),Honduras,Both,Age-standardized,All causes,Rate,1997,41255.56831029898,47070.756523690594,36311.12716633852
DALYs (Disability-Adjusted Life Years),Taiwan (Province of China),Both,Age-standardized,All causes,Rate,1998,25207.027043632952,27859.2206135011,22930.40184333182
DALYs (Disability-Adjusted Life Years),Bosnia and Herzegovina,Both,Age-standardized,All causes,Rate,1998,28941.64747911014,31997.691484523755,26195.64901971167
DALYs (Disability-Adjusted Life Years),Netherlands,Both,Age-standardized,All causes,Rate,1997,23519.668493496072,26449.187223958637,20999.658991220265
DALYs (Disability-Adjusted Life Years),Guyana,Both,Age-standardized,All causes,Rate,1997,52262.54944754747,56806.598737456996,48091.16761561073
DALYs (Disability-Adjusted Life Years),Singapore,Both,Age-standardized,All causes,Rate,1998,21863.423971480235,24584.52446063813,19542.700165272403
DALYs (Disability-Adjusted Life Years),Guam,Both,Age-standardized,All causes,Rate,1993,28392.930937476773,31408.530277419177,25929.72921301266
DALYs (Disability-Adjusted Life Years),Burundi,Both,Age-standardized,All causes,Rate,1997,124317.50641904231,134963.00205245838,113295.63298402294
DALYs (Disability-Adjusted Life Years),Germany,Both,Age-standardized,All causes,Rate,1998,24653.879213490465,27950.776362341563,21904.22887081933
DALYs (Disability-Adjusted Life Years),Barbados,Both,Age-standardized,All causes,Rate,1996,30595.323111267502,33697.34596968246,27902.409201707058
DALYs (Disability-Adjusted Life Years),Mauritius,Both,Age-standardized,All causes,Rate,1994,35934.669927392744,39367.854205783784,33089.07395741127
DALYs (Disability-Adjusted Life Years),Sweden,Both,Age-standardized,All causes,Rate,1998,21473.27659971699,24492.7235295689,18857.5913364724
DALYs (Disability-Adjusted Life Years),Benin,Both,Age-standardized,All causes,Rate,1997,74000.61139347138,80690.4583219345,68458.8957479068
DALYs (Disability-Adjusted Life Years),Iran (Islamic Republic of),Both,Age-standardized,All causes,Rate,1997,37421.19625156138,40746.79683821457,34368.608852152174
DALYs (Disability-Adjusted Life Years),Mauritania,Both,Age-standardized,All causes,Rate,1997,56410.997668886295,61767.87393653968,51468.4400549734
DALYs (Disability-Adjusted Life Years),Spain,Both,Age-standardized,All causes,Rate,1998,22705.07395947593,25891.818255178867,20084.97460647549
DALYs (Disability-Adjusted Life Years),Côte d'Ivoire,Both,Age-standardized,All causes,Rate,1994,88983.86367241123,99010.96613221361,79691.16106432873
DALYs (Disability-Adjusted Life Years),Viet Nam,Both,Age-standardized,All causes,Rate,1995,36216.086621354916,40863.46631458544,32297.79718077897
DALYs (Disability-Adjusted Life Years),Armenia,Both,Age-standardized,All causes,Rate,1994,39636.30040019384,42795.87804544937,36702.1969402941
DALYs (Disability-Adjusted Life Years),Ukraine,Both,Age-standardized,All causes,Rate,1995,45132.7500880363,48356.86380844918,42206.618656963554
DALYs (Disability-Adjusted Life Years),Nigeria,Both,Age-standardized,All causes,Rate,1997,84187.01118519713,91474.18604000608,77679.89381025346
DALYs (Disability-Adjusted Life Years),Seychelles,Both,Age-standardized,All causes,Rate,1997,34176.22015977908,37404.3186971931,31540.0099142538
DALYs (Disability-Adjusted Life Years),Netherlands,Both,Age-standardized,All causes,Rate,1994,24138.48467038713,27085.59143627175,21588.20464052965
DALYs (Disability-Adjusted Life Years),Slovakia,Both,Age-standardized,All causes,Rate,1997,31589.34322395605,34848.71037859003,28908.04919734131
DALYs (Disability-Adjusted Life Years),Nigeria,Both,Age-standardized,All causes,Rate,1999,84045.06908633168,91346.26063248837,77230.77798586758
DALYs (Disability-Adjusted Life Years),Haiti,Both,Age-standardized,All causes,Rate,1997,79187.22690680854,86418.05221727527,71790.63469546936
DALYs (Disability-Adjusted Life Years),Kyrgyzstan,Both,Age-standardized,All causes,Rate,1997,46660.260333017664,50716.054132305246,43629.17666507304
DALYs (Disability-Adjusted Life Years),Costa Rica,Both,Age-standardized,All causes,Rate,1997,26176.705889821213,29321.89696362626,23540.77908638317
DALYs (Disability-Adjusted Life Years),Brunei Darussalam,Both,Age-standardized,All causes,Rate,1997,29897.006788207815,33112.3417063788,27185.152538849143
DALYs (Disability-Adjusted Life Years),Oman,Both,Age-standardized,All causes,Rate,1997,35753.10444397442,41361.042738057295,30813.688903882237
DALYs (Disability-Adjusted Life Years),Norway,Both,Age-standardized,All causes,Rate,1997,23679.36570136193,26907.913093610754,20851.73577732009
DALYs (Disability-Adjusted Life Years),Namibia,Both,Age-standardized,All causes,Rate,1995,64083.41105373373,70903.60188398503,58005.609809264126
DALYs (Disability-Adjusted Life Years),Republic of Korea,Both,Age-standardized,All causes,Rate,1998,26955.113378296202,29941.00312431618,24427.30693495489
DALYs (Disability-Adjusted Life Years),Tuvalu,Both,Age-standardized,All causes,Rate,1994,57917.74830483819,64308.831494850405,51899.679744209236
DALYs (Disability-Adjusted Life Years),France,Both,Age-standardized,All causes,Rate,1998,23929.91889486301,27260.923538891922,21125.451445703926
DALYs (Disability-Adjusted Life Years),Tokelau,Both,Age-standardized,All causes,Rate,1997,39643.039021263125,46573.95297328451,33928.2362943246
DALYs (Disability-Adjusted Life Years),Grenada,Both,Age-standardized,All causes,Rate,1995,36257.975196909945,39775.524591351255,32879.404947230716
DALYs (Disability-Adjusted Life Years),Bahamas,Both,Age-standardized,All causes,Rate,1998,36082.13721291323,39730.13608100062,33140.55591526149
DALYs (Disability-Adjusted Life Years),Saint Lucia,Both,Age-standardized,All causes,Rate,1998,34182.58388225432,37553.61470069855,31253.74493876588
DALYs (Disability-Adjusted Life Years),Palestine,Both,Age-standardized,All causes,Rate,1998,36303.43936484095,40588.78475215533,32828.77021293838
DALYs (Disability-Adjusted Life Years),Belize,Both,Age-standardized,All causes,Rate,1997,36376.68744263225,39917.77694197305,33584.80617689242
DALYs (Disability-Adjusted Life Years),Qatar,Both,Age-standardized,All causes,Rate,1997,37469.86005071382,42289.23612710369,33477.08059346399
DALYs (Disability-Adjusted Life Years),India,Both,Age-standardized,All causes,Rate,1997,58301.70686192674,62967.0883480969,54394.26116138597
DALYs (Disability-Adjusted Life Years),Botswana,Both,Age-standardized,All causes,Rate,1997,94207.66134653466,114566.51076002195,76980.06353325312
DALYs (Disability-Adjusted Life Years),Democratic People's Republic of Korea,Both,Age-standardized,All causes,Rate,1997,58034.91275010415,95277.7919420823,40981.04236027021
DALYs (Disability-Adjusted Life Years),Paraguay,Both,Age-standardized,All causes,Rate,1994,31123.0178186271,35264.54909592686,27193.440266893875
DALYs (Disability-Adjusted Life Years),Japan,Both,Age-standardized,All causes,Rate,1998,19846.21322784321,22655.169302838352,17424.861890682274
DALYs (Disability-Adjusted Life Years),Timor-Leste,Both,Age-standardized,All causes,Rate,1997,57709.92959151251,63685.056747457544,52875.819802642174
DALYs (Disability-Adjusted Life Years),Morocco,Both,Age-standardized,All causes,Rate,1997,41999.85779845709,46710.91899189825,37702.58699768981
DALYs (Disability-Adjusted Life Years),Puerto Rico,Both,Age-standardized,All causes,Rate,1994,31362.26041985337,34718.49565893628,28683.246569811196
DALYs (Disability-Adjusted Life Years),Afghanistan,Both,Age-standardized,All causes,Rate,1997,88001.8188686563,98880.39684343449,78140.8835834567
DALYs (Disability-Adjusted Life Years),Samoa,Both,Age-standardized,All causes,Rate,1995,39416.70411940067,44663.99407434634,34774.82593222828
DALYs (Disability-Adjusted Life Years),Equatorial Guinea,Both,Age-standardized,All causes,Rate,1997,84752.64102308587,97785.60979613248,73266.73627111317
DALYs (Disability-Adjusted Life Years),Bhutan,Both,Age-standardized,All causes,Rate,1997,54130.927246263775,60401.582020822665,48165.00187782305
DALYs (Disability-Adjusted Life Years),Antigua and Barbuda,Both,Age-standardized,All causes,Rate,1998,30235.961413733203,33590.23535772191,27489.40503404966
DALYs (Disability-Adjusted Life Years),Comoros,Both,Age-standardized,All causes,Rate,1997,64500.23960840798,72163.34717772958,57090.593606029084
DALYs (Disability-Adjusted Life Years),Saint Vincent and the Grenadines,Both,Age-standardized,All causes,Rate,1998,36960.35437522192,40549.52268139058,33896.87664337696
DALYs (Disability-Adjusted Life Years),Tajikistan,Both,Age-standardized,All causes,Rate,1995,52465.94262433272,56949.652666787,48527.138477207955
DALYs (Disability-Adjusted Life Years),Bahrain,Both,Age-standardized,All causes,Rate,1997,40235.94691512894,44041.969653901244,37179.578413991774
DALYs (Disability-Adjusted Life Years),Madagascar,Both,Age-standardized,All causes,Rate,1993,76116.9738559506,82020.48150137333,71167.50192360982
DALYs (Disability-Adjusted Life Years),Honduras,Both,Age-standardized,All causes,Rate,1998,54697.91020985296,60701.08953966201,49702.571070432154
DALYs (Disability-Adjusted Life Years),Egypt,Both,Age-standardized,All causes,Rate,1998,47206.35485110825,50757.180572322235,44186.400903426984
DALYs (Disability-Adjusted Life Years),Democratic Republic of the Congo,Both,Age-standardized,All causes,Rate,1997,89542.35993084313,98021.56134743938,81859.88326543893
DALYs (Disability-Adjusted Life Years),India,Both,Age-standardized,All causes,Rate,1995,60179.77759128462,64535.93403268294,55994.75623151555
DALYs (Disability-Adjusted Life Years),Mauritius,Both,Age-standardized,All causes,Rate,1997,35536.31621573917,38700.97205863261,32815.95699115786
DALYs (Disability-Adjusted Life Years),Norway,Both,Age-standardized,All causes,Rate,1995,24197.04655322069,27489.33763371975,21423.50337357729
DALYs (Disability-Adjusted Life Years),Republic of Moldova,Both,Age-standardized,All causes,Rate,1998,40453.68103099642,43593.706541590596,37492.67784737446
DALYs (Disability-Adjusted Life Years),Malawi,Both,Age-standardized,All causes,Rate,1995,117928.03468886437,131580.5085980852,107044.63069876154
DALYs (Disability-Adjusted Life Years),Guatemala,Both,Age-standardized,All causes,Rate,1998,50314.83488020715,54245.25592997471,47037.65188665707
DALYs (Disability-Adjusted Life Years),Iran (Islamic Republic of),Both,Age-standardized,All causes,Rate,1998,36437.99190580571,39866.472175912684,33302.948595221496
DALYs (Disability-Adjusted Life Years),Albania,Both,Age-standardized,All causes,Rate,1997,34942.582836168454,38604.15094638089,32097.882500866337
DALYs (Disability-Adjusted Life Years),Croatia,Both,Age-standardized,All causes,Rate,1998,30090.69065813335,33720.83455030496,27103.322978124077
DALYs (Disability-Adjusted Life Years),Barbados,Both,Age-standardized,All causes,Rate,1997,30371.903639135893,33470.02456027154,27773.9146046889
DALYs (Disability-Adjusted Life Years),Indonesia,Both,Age-standardized,All causes,Rate,1998,45474.984902718155,49178.8388503552,42294.14791703041
DALYs (Disability-Adjusted Life Years),Mozambique,Both,Age-standardized,All causes,Rate,1997,89156.49060525281,97591.23883478598,82329.43642230499
DALYs (Disability-Adjusted Life Years),Finland,Both,Age-standardized,All causes,Rate,1998,24968.22257984997,28310.648325764072,22207.87366165624
DALYs (Disability-Adjusted Life Years),Georgia,Both,Age-standardized,All causes,Rate,1998,39062.91144453789,43494.94714853864,35488.992405884404
DALYs (Disability-Adjusted Life Years),Kiribati,Both,Age-standardized,All causes,Rate,1998,63546.32950964394,70787.6036840175,56917.04977183814
DALYs (Disability-Adjusted Life Years),Mexico,Both,Age-standardized,All causes,Rate,1998,33778.85249189216,37044.91458963367,31020.466962541715
DALYs (Disability-Adjusted Life Years),Tuvalu,Both,Age-standardized,All causes,Rate,1997,55805.02284727866,62523.540062665736,49595.25557758593
DALYs (Disability-Adjusted Life Years),Djibouti,Both,Age-standardized,All causes,Rate,1998,62482.983942830375,72258.576518911,53956.533174477714
DALYs (Disability-Adjusted Life Years),Pakistan,Both,Age-standardized,All causes,Rate,1998,59221.55743519083,63739.994406769496,54983.68613246525
DALYs (Disability-Adjusted Life Years),Ghana,Both,Age-standardized,All causes,Rate,1993,65740.97350374704,73762.65269765048,59301.935635407666
DALYs (Disability-Adjusted Life Years),Central African Republic,Both,Age-standardized,All causes,Rate,1993,119851.23879174853,132533.88028926915,108364.18848898495
DALYs (Disability-Adjusted Life Years),Uzbekistan,Both,Age-standardized,All causes,Rate,1994,43055.88718283262,46565.122992194374,40094.07644160798
DALYs (Disability-Adjusted Life Years),Turkmenistan,Both,Age-standardized,All causes,Rate,1994,51752.92535476219,55525.41270796666,48516.34630125136
DALYs (Disability-Adjusted Life Years),Uganda,Both,Age-standardized,All causes,Rate,1998,104041.08513464652,112928.26263226078,95084.78239024567
DALYs (Disability-Adjusted Life Years),Mali,Both,Age-standardized,All causes,Rate,1998,95123.1087520438,101468.46579876725,89398.9027738586
DALYs (Disability-Adjusted Life Years),Romania,Both,Age-standardized,All causes,Rate,1994,39568.48800109416,42793.89170325819,36875.516577084796
DALYs (Disability-Adjusted Life Years),Israel,Both,Age-standardized,All causes,Rate,1994,24301.432257065084,27393.71234778405,21663.411155899743
DALYs (Disability-Adjusted Life Years),Malta,Both,Age-standardized,All causes,Rate,1995,23691.805746299393,26777.929871196848,21001.44066632405
DALYs (Disability-Adjusted Life Years),Venezuela (Bolivarian Republic of),Both,Age-standardized,All causes,Rate,1994,34799.378799495316,38024.25953897353,32045.63372330446
DALYs (Disability-Adjusted Life Years),Somalia,Both,Age-standardized,All causes,Rate,1995,101216.15877424697,112228.95565338411,89609.88218463269
DALYs (Disability-Adjusted Life Years),Barbados,Both,Age-standardized,All causes,Rate,1995,30817.403624753777,34015.103960548775,28019.28249138343
DALYs (Disability-Adjusted Life Years),Cook Islands,Both,Age-standardized,All causes,Rate,1996,33799.84799367596,38172.059980558806,29992.297701090876
DALYs (Disability-Adjusted Life Years),San Marino,Both,Age-standardized,All causes,Rate,1996,21142.385850146828,24325.33823384409,18281.22862273647
DALYs (Disability-Adjusted Life Years),Uzbekistan,Both,Age-standardized,All causes,Rate,1997,42607.28917850794,46258.514931527505,39476.83362985197
DALYs (Disability-Adjusted Life Years),Brazil,Both,Age-standardized,All causes,Rate,1998,38325.1675808407,42124.80734918259,34893.516723328845
DALYs (Disability-Adjusted Life Years),South Africa,Both,Age-standardized,All causes,Rate,1997,63361.0175328989,67155.05823480061,59911.606804269
DALYs (Disability-Adjusted Life Years),Germany,Both,Age-standardized,All causes,Rate,1996,25568.995175669166,28864.07793591469,22797.510466818592
DALYs (Disability-Adjusted Life Years),Honduras,Both,Age-standardized,All causes,Rate,1996,41774.51026903141,47338.96307251174,36891.94631292061
DALYs (Disability-Adjusted Life Years),Serbia,Both,Age-standardized,All causes,Rate,1997,38636.300068878794,41746.355459672806,36016.26662678257
DALYs (Disability-Adjusted Life Years),Democratic Republic of the Congo,Both,Age-standardized,All causes,Rate,1998,88727.41515245967,97392.67668324632,81176.93056749128
DALYs (Disability-Adjusted Life Years),Armenia,Both,Age-standardized,All causes,Rate,1997,35984.80994589558,39167.33865879294,33179.170823124485
DALYs (Disability-Adjusted Life Years),Puerto Rico,Both,Age-standardized,All causes,Rate,1993,31669.06231460715,34895.18173110473,28890.70258776013
DALYs (Disability-Adjusted Life Years),China,Both,Age-standardized,All causes,Rate,1997,37678.28624351762,40525.41867074342,34773.329439653055
DALYs (Disability-Adjusted Life Years),Colombia,Both,Age-standardized,All causes,Rate,1997,33895.6907501771,37487.54574108362,31166.278117307065
DALYs (Disability-Adjusted Life Years),Estonia,Both,Age-standardized,All causes,Rate,1998,38080.01977361472,41372.603564626865,35351.42047365994
DALYs (Disability-Adjusted Life Years),Samoa,Both,Age-standardized,All causes,Rate,1994,39691.92762531251,44793.171536715876,35029.6562844648
DALYs (Disability-Adjusted Life Years),Ukraine,Both,Age-standardized,All causes,Rate,1994,43018.99922861188,46297.5164787699,40058.65033369296
DALYs (Disability-Adjusted Life Years),Germany,Both,Age-standardized,All causes,Rate,1997,25119.0615573636,28402.326180039705,22368.186161686546
DALYs (Disability-Adjusted Life Years),Sweden,Both,Age-standardized,All causes,Rate,1997,21601.660161921667,24720.724687846963,18959.58026177042
DALYs (Disability-Adjusted Life Years),Armenia,Both,Age-standardized,All causes,Rate,1998,35056.15396662115,38316.68217698456,32313.47474462514
DALYs (Disability-Adjusted Life Years),Poland,Both,Age-standardized,All causes,Rate,1995,33730.86816503068,36830.48232709634,31010.43894618194
DALYs (Disability-Adjusted Life Years),Albania,Both,Age-standardized,All causes,Rate,1998,30873.7463507156,34313.88653364736,28195.91952501044
DALYs (Disability-Adjusted Life Years),Portugal,Both,Age-standardized,All causes,Rate,1998,27922.58305943578,31288.814647710973,25056.419822239735
DALYs (Disability-Adjusted Life Years),Slovenia,Both,Age-standardized,All causes,Rate,1998,27229.80837538217,30307.000226413606,24441.286970866964
DALYs (Disability-Adjusted Life Years),Guam,Both,Age-standardized,All causes,Rate,1998,26390.949588714207,29276.447529014014,23951.455817360606
DALYs (Disability-Adjusted Life Years),Costa Rica,Both,Age-standardized,All causes,Rate,1995,26896.170518752715,30129.20200667226,24163.703664558703
DALYs (Disability-Adjusted Life Years),Palau,Both,Age-standardized,All causes,Rate,1998,43529.78301967294,50335.04717608849,37655.17150587283
DALYs (Disability-Adjusted Life Years),Qatar,Both,Age-standardized,All causes,Rate,1998,37419.798962660934,42602.856531184865,33447.722913942554
DALYs (Disability-Adjusted Life Years),India,Both,Age-standardized,All causes,Rate,1998,57628.19767831733,62102.31147493594,53649.08981803711
DALYs (Disability-Adjusted Life Years),Burundi,Both,Age-standardized,All causes,Rate,1998,121761.31739943985,132854.35924252175,110721.71056483891
DALYs (Disability-Adjusted Life Years),Thailand,Both,Age-standardized,All causes,Rate,1997,36618.72406205854,41577.45698998762,32578.693799413883
DALYs (Disability-Adjusted Life Years),Benin,Both,Age-standardized,All causes,Rate,1998,73409.73690765769,80043.28802505556,67867.15754309342
DALYs (Disability-Adjusted Life Years),Mauritania,Both,Age-standardized,All causes,Rate,1998,55300.70017375502,60809.435656396,50190.46361654086
DALYs (Disability-Adjusted Life Years),China,Both,Age-standardized,All causes,Rate,1998,36908.58508025842,39970.19522379428,34187.213843799014
DALYs (Disability-Adjusted Life Years),Iceland,Both,Age-standardized,All causes,Rate,1998,21867.20695980488,25175.953512485372,19256.516273810394
DALYs (Disability-Adjusted Life Years),Republic of Korea,Both,Age-standardized,All causes,Rate,1997,27491.17697915209,30466.012697457496,24977.070077092376
DALYs (Disability-Adjusted Life Years),Monaco,Both,Age-standardized,All causes,Rate,1998,23256.722258958744,27215.892781065042,19519.53232526173
DALYs (Disability-Adjusted Life Years),Japan,Both,Age-standardized,All causes,Rate,1994,20563.751901931813,23369.58468014945,18147.943959980774
DALYs (Disability-Adjusted Life Years),Congo,Both,Age-standardized,All causes,Rate,1994,88785.23675954666,97307.73432932582,80710.52326423224
DALYs (Disability-Adjusted Life Years),Albania,Both,Age-standardized,All causes,Rate,1994,30915.92670326431,34248.55387245147,28131.75139051698
DALYs (Disability-Adjusted Life Years),Liberia,Both,Age-standardized,All causes,Rate,1997,91993.18748079966,99570.89855612206,85334.16927083433
DALYs (Disability-Adjusted Life Years),Bahrain,Both,Age-standardized,All causes,Rate,1998,39827.58044572777,43691.60969397156,36699.85057164427
DALYs (Disability-Adjusted Life Years),Oman,Both,Age-standardized,All causes,Rate,1998,35131.037932707,40625.51823183482,30299.928711365366
DALYs (Disability-Adjusted Life Years),Viet Nam,Both,Age-standardized,All causes,Rate,1998,34199.89036968887,38314.89692537765,30536.59032744408
DALYs (Disability-Adjusted Life Years),Nigeria,Both,Age-standardized,All causes,Rate,1998,84098.60783888462,90829.0463540184,77008.62240033779
DALYs (Disability-Adjusted Life Years),Mauritius,Both,Age-standardized,All causes,Rate,1993,36360.27383984106,39540.982622223295,33655.08044846391
DALYs (Disability-Adjusted Life Years),Haiti,Both,Age-standardized,All causes,Rate,1995,82208.8892755491,89988.66691794273,74418.1868650833
DALYs (Disability-Adjusted Life Years),Bhutan,Both,Age-standardized,All causes,Rate,1995,58129.04291714857,65026.909354537434,52446.937244240165
DALYs (Disability-Adjusted Life Years),Sweden,Both,Age-standardized,All causes,Rate,1996,21857.461098991786,24933.55844840389,19232.06663655529
DALYs (Disability-Adjusted Life Years),Maldives,Both,Age-standardized,All causes,Rate,1998,36392.97643863681,40222.23456829969,33363.44138889982
DALYs (Disability-Adjusted Life Years),Papua New Guinea,Both,Age-standardized,All causes,Rate,1998,57434.834900645685,64775.77548506219,51033.652252975684
DALYs (Disability-Adjusted Life Years),Thailand,Both,Age-standardized,All causes,Rate,1996,38122.45343445036,42336.79279308276,34273.46031581074
DALYs (Disability-Adjusted Life Years),Japan,Both,Age-standardized,All causes,Rate,1997,19799.086442102587,22616.288126804273,17399.207994501714
DALYs (Disability-Adjusted Life Years),Bosnia and Herzegovina,Both,Age-standardized,All causes,Rate,1996,31186.938860801765,35741.13920806976,27144.26762554586
DALYs (Disability-Adjusted Life Years),American Samoa,Both,Age-standardized,All causes,Rate,1998,36557.872565377154,40233.04320252417,33321.73789888512
DALYs (Disability-Adjusted Life Years),China,Both,Age-standardized,All causes,Rate,1999,36187.628685157295,38961.52386980206,33494.268933720276
DALYs (Disability-Adjusted Life Years),Algeria,Both,Age-standardized,All causes,Rate,1997,37283.41120251582,41332.38549985979,34018.721545160915
DALYs (Disability-Adjusted Life Years),Guinea-Bissau,Both,Age-standardized,All causes,Rate,1998,98775.54243313982,109295.97698558308,88611.04389054806
DALYs (Disability-Adjusted Life Years),Australia,Both,Age-standardized,All causes,Rate,1998,23964.36057396298,27313.192878369107,21132.26041047032
DALYs (Disability-Adjusted Life Years),Bhutan,Both,Age-standardized,All causes,Rate,1998,52426.96393599875,58698.70473456359,46783.77859963422
DALYs (Disability-Adjusted Life Years),Comoros,Both,Age-standardized,All causes,Rate,1998,64136.756172369554,71889.65207219051,56381.10699330879
DALYs (Disability-Adjusted Life Years),Algeria,Both,Age-standardized,All causes,Rate,1998,36438.16254197219,40199.385583314586,33215.23747361322
DALYs (Disability-Adjusted Life Years),Belarus,Both,Age-standardized,All causes,Rate,1999,41707.99841642985,44889.55224792046,38873.48071626227
DALYs (Disability-Adjusted Life Years),Botswana,Both,Age-standardized,All causes,Rate,1998,98815.72818166538,118958.87419522271,81199.38768795277
DALYs (Disability-Adjusted Life Years),Singapore,Both,Age-standardized,All causes,Rate,1999,21257.914676895834,24019.355346314635,18963.081602101116
DALYs (Disability-Adjusted Life Years),Cook Islands,Both,Age-standardized,All causes,Rate,1998,33051.88149584614,37482.113283117425,29391.44288886595
DALYs (Disability-Adjusted Life Years),Brunei Darussalam,Both,Age-standardized,All causes,Rate,1994,31881.74821520258,35214.73541197025,28992.219929753082
DALYs (Disability-Adjusted Life Years),Denmark,Both,Age-standardized,All causes,Rate,1994,27695.61938105261,30911.492656713406,24904.95638624793
DALYs (Disability-Adjusted Life Years),Canada,Both,Age-standardized,All causes,Rate,1998,23114.436196787505,26199.9289846525,20438.366471576297
DALYs (Disability-Adjusted Life Years),Sudan,Both,Age-standardized,All causes,Rate,1994,65619.52102556899,73115.45912712133,58870.2123385479
DALYs (Disability-Adjusted Life Years),Kyrgyzstan,Both,Age-standardized,All causes,Rate,1996,47421.60371000548,51253.039484342866,44262.52907392719
DALYs (Disability-Adjusted Life Years),Oman,Both,Age-standardized,All causes,Rate,1995,37103.425021891664,43225.729597723075,31685.96424416189
DALYs (Disability-Adjusted Life Years),Lebanon,Both,Age-standardized,All causes,Rate,1994,34256.1943460644,38819.22468690258,30507.86395867271
DALYs (Disability-Adjusted Life Years),Germany,Both,Age-standardized,All causes,Rate,1999,24249.256590807552,27538.817119482672,21501.25453305116
DALYs (Disability-Adjusted Life Years),Sudan,Both,Age-standardized,All causes,Rate,1995,64469.93380214654,71650.01618401603,57850.067926477735
DALYs (Disability-Adjusted Life Years),Republic of Moldova,Both,Age-standardized,All causes,Rate,1996,44907.45611331985,48125.40173611218,41983.77358765824
DALYs (Disability-Adjusted Life Years),Republic of Korea,Both,Age-standardized,All causes,Rate,1996,28255.004632257245,31245.76062833578,25758.78939153613
DALYs (Disability-Adjusted Life Years),India,Both,Age-standardized,All causes,Rate,1994,60634.3068767537,64906.18246992591,56861.83426371359
DALYs (Disability-Adjusted Life Years),Bahamas,Both,Age-standardized,All causes,Rate,1996,37645.0601548768,41303.03488264342,34612.129198678034
DALYs (Disability-Adjusted Life Years),Guinea,Both,Age-standardized,All causes,Rate,1997,84423.66911327932,91876.83905935797,77326.55933243979
DALYs (Disability-Adjusted Life Years),Vanuatu,Both,Age-standardized,All causes,Rate,1997,50648.37126773663,58924.88264395277,44103.00765841124
DALYs (Disability-Adjusted Life Years),Antigua and Barbuda,Both,Age-standardized,All causes,Rate,1995,31973.35291819242,35370.03995350806,29131.23396554992
DALYs (Disability-Adjusted Life Years),Republic of Moldova,Both,Age-standardized,All causes,Rate,1997,41994.93403956064,45046.33641000403,39148.41368158679
DALYs (Disability-Adjusted Life Years),Honduras,Both,Age-standardized,All causes,Rate,1995,41984.341910137424,47113.13476625414,37314.97076933984
DALYs (Disability-Adjusted Life Years),Kyrgyzstan,Both,Age-standardized,All causes,Rate,1998,45855.916975007225,49711.83541840459,42866.11604525735
DALYs (Disability-Adjusted Life Years),Uganda,Both,Age-standardized,All causes,Rate,1995,106580.873504958,117160.29520574366,96644.61692304451
DALYs (Disability-Adjusted Life Years),Lesotho,Both,Age-standardized,All causes,Rate,1993,64229.83605107638,71568.28769162086,57465.46703403126
DALYs (Disability-Adjusted Life Years),Egypt,Both,Age-standardized,All causes,Rate,1995,50611.98883077817,54351.75729741667,47512.30822412276
DALYs (Disability-Adjusted Life Years),Gambia,Both,Age-standardized,All causes,Rate,1993,66070.01292803089,73985.22790020214,59710.68150742058
DALYs (Disability-Adjusted Life Years),Sweden,Both,Age-standardized,All causes,Rate,1999,21275.87870384127,24322.63223716227,18672.832988614184
DALYs (Disability-Adjusted Life Years),Philippines,Both,Age-standardized,All causes,Rate,1994,39887.71135683694,43434.15519648441,36906.74514100204
DALYs (Disability-Adjusted Life Years),Gabon,Both,Age-standardized,All causes,Rate,1998,66211.9782155394,73693.69862828677,58548.69100512965
DALYs (Disability-Adjusted Life Years),Rwanda,Both,Age-standardized,All causes,Rate,1998,107272.57073440726,115391.12472294075,99082.73379300055
DALYs (Disability-Adjusted Life Years),Antigua and Barbuda,Both,Age-standardized,All causes,Rate,1999,29981.92489815227,33302.03945498999,27194.44198513893
DALYs (Disability-Adjusted Life Years),Vanuatu,Both,Age-standardized,All causes,Rate,1996,50796.115935264526,59201.70258355231,43986.37356606889
DALYs (Disability-Adjusted Life Years),Zimbabwe,Both,Age-standardized,All causes,Rate,1998,102744.7997538487,122447.20063298909,84719.6589447887
DALYs (Disability-Adjusted Life Years),Spain,Both,Age-standardized,All causes,Rate,1999,22489.152868450667,25708.0528900942,19852.919792436212
DALYs (Disability-Adjusted Life Years),Fiji,Both,Age-standardized,All causes,Rate,1997,47452.727465634176,51431.74082645024,43947.01521915355
DALYs (Disability-Adjusted Life Years),Tuvalu,Both,Age-standardized,All causes,Rate,1993,59452.0404870909,66002.02043569063,53422.08530505479
DALYs (Disability-Adjusted Life Years),Liberia,Both,Age-standardized,All causes,Rate,1998,88689.69440648016,96120.24046682515,81734.18970887265
DALYs (Disability-Adjusted Life Years),Azerbaijan,Both,Age-standardized,All causes,Rate,1997,47036.43337715793,51020.91095447807,43619.27761005592
DALYs (Disability-Adjusted Life Years),Burkina Faso,Both,Age-standardized,All causes,Rate,1997,95595.73232042351,104224.13205275107,88403.76383273643
DALYs (Disability-Adjusted Life Years),Timor-Leste,Both,Age-standardized,All causes,Rate,1994,61675.50546448072,67615.4201118516,56722.193936939126
DALYs (Disability-Adjusted Life Years),Tajikistan,Both,Age-standardized,All causes,Rate,1994,52976.19469649585,57964.53087168121,49040.643363775416
DALYs (Disability-Adjusted Life Years),Czechia,Both,Age-standardized,All causes,Rate,1997,29335.066096310482,32604.54847109363,26574.06618101057
DALYs (Disability-Adjusted Life Years),France,Both,Age-standardized,All causes,Rate,1995,24696.03409277114,28017.057693254323,21922.3825833408
DALYs (Disability-Adjusted Life Years),Cook Islands,Both,Age-standardized,All causes,Rate,1997,39041.09247394188,43342.366099884624,35388.683183890265
DALYs (Disability-Adjusted Life Years),Monaco,Both,Age-standardized,All causes,Rate,1997,23318.48296882571,27301.138643613744,19554.659437744966
DALYs (Disability-Adjusted Life Years),Spain,Both,Age-standardized,All causes,Rate,1995,24163.8231199773,27331.104377461335,21553.926441194053
DALYs (Disability-Adjusted Life Years),Saint Lucia,Both,Age-standardized,All causes,Rate,1995,36662.822787532445,39937.512148999165,33660.977096585666
DALYs (Disability-Adjusted Life Years),Bermuda,Both,Age-standardized,All causes,Rate,1997,24960.949672530594,28030.26389871036,22351.292366856378
DALYs (Disability-Adjusted Life Years),Cambodia,Both,Age-standardized,All causes,Rate,1998,66042.07282741058,71598.35435880527,60996.62322632833
DALYs (Disability-Adjusted Life Years),Egypt,Both,Age-standardized,All causes,Rate,1996,48975.92520304219,52582.18444022804,45966.51636606622
DALYs (Disability-Adjusted Life Years),Mexico,Both,Age-standardized,All causes,Rate,2000,32107.28144932814,35276.23383437008,29357.256078144022
DALYs (Disability-Adjusted Life Years),Zimbabwe,Both,Age-standardized,All causes,Rate,1995,86448.02771665371,105241.64278363757,71312.68952229999
DALYs (Disability-Adjusted Life Years),Greenland,Both,Age-standardized,All causes,Rate,1997,45184.54617318932,49407.50744094425,40665.79568451949
DALYs (Disability-Adjusted Life Years),Syrian Arab Republic,Both,Age-standardized,All causes,Rate,1996,38150.994142773896,43130.41657756187,33827.47821285996
DALYs (Disability-Adjusted Life Years),Cambodia,Both,Age-standardized,All causes,Rate,1999,64608.42447492594,69974.69836431542,59738.44173661171
DALYs (Disability-Adjusted Life Years),Djibouti,Both,Age-standardized,All causes,Rate,1996,61987.13229337507,71616.16184353811,53680.48462447677
DALYs (Disability-Adjusted Life Years),Fiji,Both,Age-standardized,All causes,Rate,1999,47615.693581541396,51291.454825929395,44513.96612830341
DALYs (Disability-Adjusted Life Years),Azerbaijan,Both,Age-standardized,All causes,Rate,1999,45524.057636857084,49433.88585066021,42179.7206770568
DALYs (Disability-Adjusted Life Years),Mali,Both,Age-standardized,All causes,Rate,1996,92835.4113311187,99539.50702626379,86871.10474626972
DALYs (Disability-Adjusted Life Years),American Samoa,Both,Age-standardized,All causes,Rate,1997,36651.64962967521,40199.83115176392,33483.03036857793
DALYs (Disability-Adjusted Life Years),Djibouti,Both,Age-standardized,All causes,Rate,1995,62009.81085738441,71117.07182042777,53757.94297752905
DALYs (Disability-Adjusted Life Years),Sudan,Both,Age-standardized,All causes,Rate,1993,68134.26919325607,75666.19106743245,61552.0574637862
DALYs (Disability-Adjusted Life Years),Croatia,Both,Age-standardized,All causes,Rate,1999,29527.348838936978,33055.056664483374,26356.172823203477
DALYs (Disability-Adjusted Life Years),Northern Mariana Islands,Both,Age-standardized,All causes,Rate,1997,31218.556423574017,36105.25498400569,27008.832624661503
DALYs (Disability-Adjusted Life Years),Estonia,Both,Age-standardized,All causes,Rate,1999,36450.664367435355,39851.39132075128,33613.961903548305
DALYs (Disability-Adjusted Life Years),Democratic People's Republic of Korea,Both,Age-standardized,All causes,Rate,1998,58185.078286525815,95412.39707885867,41141.117251997086
DALYs (Disability-Adjusted Life Years),Vanuatu,Both,Age-standardized,All causes,Rate,1995,50970.936039586326,59618.20606384436,43910.24581214366
DALYs (Disability-Adjusted Life Years),South Africa,Both,Age-standardized,All causes,Rate,1993,53538.37836836279,57101.60164076912,50238.3485839637
DALYs (Disability-Adjusted Life Years),Croatia,Both,Age-standardized,All causes,Rate,1996,30948.354164259843,34665.43352195436,27906.936964404205
DALYs (Disability-Adjusted Life Years),Côte d'Ivoire,Both,Age-standardized,All causes,Rate,1993,86433.65685781602,96808.35200632834,77656.84334029852
DALYs (Disability-Adjusted Life Years),Estonia,Both,Age-standardized,All causes,Rate,1996,38010.144907055495,41395.1177790535,35030.068855747384
DALYs (Disability-Adjusted Life Years),Bahrain,Both,Age-standardized,All causes,Rate,1995,40735.09327347893,44284.3202831716,37543.96997004702
DALYs (Disability-Adjusted Life Years),Cambodia,Both,Age-standardized,All causes,Rate,1997,66938.47321404898,72696.0498259259,61573.27406574278
DALYs (Disability-Adjusted Life Years),Chad,Both,Age-standardized,All causes,Rate,2000,90640.82458493214,99164.40578069756,83036.65295019446
DALYs (Disability-Adjusted Life Years),Seychelles,Both,Age-standardized,All causes,Rate,1995,34663.219291601956,37764.8540354123,31988.079298053806
DALYs (Disability-Adjusted Life Years),France,Both,Age-standardized,All causes,Rate,1994,25027.94421777165,28384.771551232778,22259.60782107822
DALYs (Disability-Adjusted Life Years),Brazil,Both,Age-standardized,All causes,Rate,2000,37239.163634029595,40945.65902606376,33836.15389911774
DALYs (Disability-Adjusted Life Years),Burkina Faso,Both,Age-standardized,All causes,Rate,1995,95435.171542508,103738.56094497438,88097.73885158307
DALYs (Disability-Adjusted Life Years),Fiji,Both,Age-standardized,All causes,Rate,1998,46193.7024618661,49748.09342220101,43098.47986425794
DALYs (Disability-Adjusted Life Years),Guinea,Both,Age-standardized,All causes,Rate,1995,86000.68277408645,94021.93456120214,79291.5760438949
DALYs (Disability-Adjusted Life Years),Bahamas,Both,Age-standardized,All causes,Rate,1995,37157.81111759734,40858.393588959116,34045.929675853804
DALYs (Disability-Adjusted Life Years),Azerbaijan,Both,Age-standardized,All causes,Rate,1998,46253.82058258861,50143.0746561782,43081.652203750586
DALYs (Disability-Adjusted Life Years),Greenland,Both,Age-standardized,All causes,Rate,1995,47866.65589892441,52100.21392279972,43829.513844639914
DALYs (Disability-Adjusted Life Years),Czechia,Both,Age-standardized,All causes,Rate,1996,29525.545423103027,32716.366438318346,26771.07787361984
DALYs (Disability-Adjusted Life Years),Slovakia,Both,Age-standardized,All causes,Rate,1996,31256.076760475626,34421.847352857505,28492.765131554188
DALYs (Disability-Adjusted Life Years),New Zealand,Both,Age-standardized,All causes,Rate,1999,25237.935206974747,28671.10724909484,22404.16769101503
DALYs (Disability-Adjusted Life Years),Syrian Arab Republic,Both,Age-standardized,All causes,Rate,1995,38862.24052589378,44277.87237896495,34548.73297025612
DALYs (Disability-Adjusted Life Years),Belize,Both,Age-standardized,All causes,Rate,1998,37733.755181651126,41042.04194440739,34936.13516821166
DALYs (Disability-Adjusted Life Years),Pakistan,Both,Age-standardized,All causes,Rate,1995,60424.655473023784,65028.074901632426,56486.00158357026
DALYs (Disability-Adjusted Life Years),Mali,Both,Age-standardized,All causes,Rate,1995,94298.72460291455,101212.4083016152,88000.21670811414
DALYs (Disability-Adjusted Life Years),Papua New Guinea,Both,Age-standardized,All causes,Rate,1996,55842.88534752385,63381.99831432494,48981.648538983754
DALYs (Disability-Adjusted Life Years),Guinea,Both,Age-standardized,All causes,Rate,1996,84624.65160117298,91935.26599881021,77677.22312006453
DALYs (Disability-Adjusted Life Years),Bulgaria,Both,Age-standardized,All causes,Rate,1996,40021.55914991532,43063.58005696292,37285.02239943742
DALYs (Disability-Adjusted Life Years),Pakistan,Both,Age-standardized,All causes,Rate,1996,60102.69533757214,65074.372332251594,55709.064287414425
DALYs (Disability-Adjusted Life Years),Greenland,Both,Age-standardized,All causes,Rate,1996,46475.27364524927,50863.40969375896,42035.3538382917
DALYs (Disability-Adjusted Life Years),Sudan,Both,Age-standardized,All causes,Rate,1996,63772.779700416424,70825.42761895899,57390.43421169558
DALYs (Disability-Adjusted Life Years),Canada,Both,Age-standardized,All causes,Rate,2000,22497.118236586666,25576.55279860789,19795.803980112563
DALYs (Disability-Adjusted Life Years),Malawi,Both,Age-standardized,All causes,Rate,1994,114349.9982478824,127277.53131408461,104102.83428741334
DALYs (Disability-Adjusted Life Years),Fiji,Both,Age-standardized,All causes,Rate,1995,46864.035480948914,51577.806006732084,42125.44884842092
DALYs (Disability-Adjusted Life Years),Saint Vincent and the Grenadines,Both,Age-standardized,All causes,Rate,1999,36833.03942352365,40392.37310124955,33739.23664814032
DALYs (Disability-Adjusted Life Years),Honduras,Both,Age-standardized,All causes,Rate,1999,40526.96464282075,46408.18629281117,35688.120671700264
DALYs (Disability-Adjusted Life Years),Burundi,Both,Age-standardized,All causes,Rate,1996,123757.12082613386,134925.29635478836,112452.02442644176
DALYs (Disability-Adjusted Life Years),Haiti,Both,Age-standardized,All causes,Rate,1998,77479.8807354818,84924.87748390531,70129.65640938422
DALYs (Disability-Adjusted Life Years),Costa Rica,Both,Age-standardized,All causes,Rate,1998,25846.65617923912,29003.666268080797,23125.00509606109
DALYs (Disability-Adjusted Life Years),Mozambique,Both,Age-standardized,All causes,Rate,1993,91853.14190608324,99984.14747059555,84739.6696746715
DALYs (Disability-Adjusted Life Years),Guatemala,Both,Age-standardized,All causes,Rate,1995,52656.88331321408,56235.71092114832,49338.91302886804
DALYs (Disability-Adjusted Life Years),Belize,Both,Age-standardized,All causes,Rate,1999,38151.71895555843,41522.30193504871,35336.3752459255
DALYs (Disability-Adjusted Life Years),Guinea,Both,Age-standardized,All causes,Rate,1994,86770.59924260287,94254.32199044264,80181.85310276804
DALYs (Disability-Adjusted Life Years),Thailand,Both,Age-standardized,All causes,Rate,1995,37782.95723400029,41836.59807583153,34166.76791206614
DALYs (Disability-Adjusted Life Years),Spain,Both,Age-standardized,All causes,Rate,1994,24371.36601030358,27542.282249401556,21720.724134468837
DALYs (Disability-Adjusted Life Years),Panama,Both,Age-standardized,All causes,Rate,1999,27467.125912372492,30681.264931359743,24776.503659539256
DALYs (Disability-Adjusted Life Years),Morocco,Both,Age-standardized,All causes,Rate,1994,44052.82746296376,49115.64104833235,39937.92395416507
DALYs (Disability-Adjusted Life Years),Czechia,Both,Age-standardized,All causes,Rate,1995,30710.00332782391,33905.96503025413,27898.704172520338
DALYs (Disability-Adjusted Life Years),Palestine,Both,Age-standardized,All causes,Rate,1995,37517.497273083165,42590.09341960945,33431.18961159559
DALYs (Disability-Adjusted Life Years),Jordan,Both,Age-standardized,All causes,Rate,1999,33098.12096236775,37537.315714263306,28991.80318889668
DALYs (Disability-Adjusted Life Years),Gabon,Both,Age-standardized,All causes,Rate,1995,65146.89159015333,72714.87942985755,57856.344460125256
DALYs (Disability-Adjusted Life Years),Djibouti,Both,Age-standardized,All causes,Rate,1994,64267.450648306265,73560.9381528068,55835.765621332765
DALYs (Disability-Adjusted Life Years),Comoros,Both,Age-standardized,All causes,Rate,1995,65479.4562078634,73106.81518680473,57920.83321027481
DALYs (Disability-Adjusted Life Years),Tokelau,Both,Age-standardized,All causes,Rate,1995,40304.15614370875,47391.86396556987,34418.253816574426
DALYs (Disability-Adjusted Life Years),Seychelles,Both,Age-standardized,All causes,Rate,1996,34383.960229450946,37473.55409840263,31711.91846461332
DALYs (Disability-Adjusted Life Years),Tokelau,Both,Age-standardized,All causes,Rate,1996,39997.94613267208,47133.718099624886,34194.66189313088
DALYs (Disability-Adjusted Life Years),Mexico,Both,Age-standardized,All causes,Rate,1995,35370.22776020863,38689.431403671784,32445.277248298487
DALYs (Disability-Adjusted Life Years),Monaco,Both,Age-standardized,All causes,Rate,1994,23465.50272675836,27528.105621888666,19675.89967030367
DALYs (Disability-Adjusted Life Years),Liberia,Both,Age-standardized,All causes,Rate,1995,104046.23338967882,112334.71258596265,96198.68568597549
DALYs (Disability-Adjusted Life Years),United Kingdom,Both,Age-standardized,All causes,Rate,1998,25171.067944784747,28484.80435378527,22382.722167133496
DALYs (Disability-Adjusted Life Years),Barbados,Both,Age-standardized,All causes,Rate,1998,30004.908879686278,33117.69466829616,27333.364125144042
DALYs (Disability-Adjusted Life Years),Azerbaijan,Both,Age-standardized,All causes,Rate,1995,49930.50422474073,54331.0875344768,46383.9366729788
DALYs (Disability-Adjusted Life Years),Belarus,Both,Age-standardized,All causes,Rate,1996,40123.17313899325,43478.180585840455,37220.86571771511
DALYs (Disability-Adjusted Life Years),Liberia,Both,Age-standardized,All causes,Rate,1996,104982.56061084548,116938.69730496114,96051.55913104727
DALYs (Disability-Adjusted Life Years),Estonia,Both,Age-standardized,All causes,Rate,1995,42148.13790816715,45625.72032242347,39252.78852278344
DALYs (Disability-Adjusted Life Years),Rwanda,Both,Age-standardized,All causes,Rate,1995,123410.71718017544,133810.68076743642,114045.52469944902
DALYs (Disability-Adjusted Life Years),France,Both,Age-standardized,All causes,Rate,1996,24395.632999259407,27751.62585738451,21622.74253252584
DALYs (Disability-Adjusted Life Years),Finland,Both,Age-standardized,All causes,Rate,1995,25729.839440673208,28980.012136883037,22885.93885724532
DALYs (Disability-Adjusted Life Years),Spain,Both,Age-standardized,All causes,Rate,1996,23871.019920712253,27075.392520633224,21225.936099100356
DALYs (Disability-Adjusted Life Years),Portugal,Both,Age-standardized,All causes,Rate,1995,29093.254680797283,32526.462318249505,26244.58034213346
DALYs (Disability-Adjusted Life Years),Czechia,Both,Age-standardized,All causes,Rate,1998,28311.894621733874,31568.23096307525,25628.88220713142
DALYs (Disability-Adjusted Life Years),Mauritania,Both,Age-standardized,All causes,Rate,1995,58639.487516633984,64012.929041364485,53648.27293475347
DALYs (Disability-Adjusted Life Years),Latvia,Both,Age-standardized,All causes,Rate,1998,39444.64930829429,42771.03863852304,36725.87365697693
DALYs (Disability-Adjusted Life Years),Saint Lucia,Both,Age-standardized,All causes,Rate,1996,35729.00701684019,38829.34347495288,32810.695966981904
DALYs (Disability-Adjusted Life Years),Finland,Both,Age-standardized,All causes,Rate,1996,25379.004215233097,28633.82961141142,22570.70586409015
DALYs (Disability-Adjusted Life Years),Guatemala,Both,Age-standardized,All causes,Rate,1996,49589.26614914783,53390.65295394845,46308.95520586255
DALYs (Disability-Adjusted Life Years),Qatar,Both,Age-standardized,All causes,Rate,1996,34659.011219280874,39273.48277177062,30892.318761285955
DALYs (Disability-Adjusted Life Years),Palestine,Both,Age-standardized,All causes,Rate,1996,37070.38309451928,42086.612111873656,33198.51295060079
DALYs (Disability-Adjusted Life Years),Somalia,Both,Age-standardized,All causes,Rate,1994,103234.6573073992,114633.89520319205,92376.13250847968
DALYs (Disability-Adjusted Life Years),Gabon,Both,Age-standardized,All causes,Rate,1996,66392.46802847029,74209.99796025027,58989.26433102676
DALYs (Disability-Adjusted Life Years),Rwanda,Both,Age-standardized,All causes,Rate,1996,114644.11036773477,124254.7123120888,106042.21572364811
DALYs (Disability-Adjusted Life Years),Gabon,Both,Age-standardized,All causes,Rate,1994,64554.3654229927,72227.28400519177,57239.33426707524
DALYs (Disability-Adjusted Life Years),Cuba,Both,Age-standardized,All causes,Rate,1994,28689.058848475885,31723.50744766196,26145.829438559147
DALYs (Disability-Adjusted Life Years),United States Virgin Islands,Both,Age-standardized,All causes,Rate,1998,31598.572995545037,35387.929417955274,28060.03991124657
DALYs (Disability-Adjusted Life Years),Democratic People's Republic of Korea,Both,Age-standardized,All causes,Rate,1999,58281.61340642892,95743.13905114947,40893.14148313725
DALYs (Disability-Adjusted Life Years),Oman,Both,Age-standardized,All causes,Rate,1994,37784.02511037396,43671.791001144906,32234.37055107586
DALYs (Disability-Adjusted Life Years),Taiwan (Province of China),Both,Age-standardized,All causes,Rate,1999,25097.555657722885,27794.88936843567,22770.788907869628
DALYs (Disability-Adjusted Life Years),Maldives,Both,Age-standardized,All causes,Rate,1999,35031.30577404737,38757.27455131971,32030.9874762296
DALYs (Disability-Adjusted Life Years),Bhutan,Both,Age-standardized,All causes,Rate,1994,60548.02821277721,67324.70102209279,54729.742531326665
DALYs (Disability-Adjusted Life Years),Papua New Guinea,Both,Age-standardized,All causes,Rate,1999,54586.44718295154,61656.86081231755,48041.76938483242
DALYs (Disability-Adjusted Life Years),Nigeria,Both,Age-standardized,All causes,Rate,1995,84449.67599751272,91192.44372330008,78078.20079562577
DALYs (Disability-Adjusted Life Years),Greenland,Both,Age-standardized,All causes,Rate,1994,48403.64242890738,52616.88026194412,44447.8044917678
DALYs (Disability-Adjusted Life Years),Tokelau,Both,Age-standardized,All causes,Rate,1994,40587.61113008388,47643.753057788745,34785.72094864866
DALYs (Disability-Adjusted Life Years),Mongolia,Both,Age-standardized,All causes,Rate,1999,54182.95495357543,58398.414342431526,50552.295770113684
DALYs (Disability-Adjusted Life Years),Bulgaria,Both,Age-standardized,All causes,Rate,1999,38318.64644997115,41615.559081551044,35717.62766576919
DALYs (Disability-Adjusted Life Years),Mexico,Both,Age-standardized,All causes,Rate,1996,34728.85217391455,37985.01752985756,31879.022277235992
DALYs (Disability-Adjusted Life Years),Egypt,Both,Age-standardized,All causes,Rate,1999,46325.7861299633,49705.83712550058,43316.7768744922
DALYs (Disability-Adjusted Life Years),Burkina Faso,Both,Age-standardized,All causes,Rate,1996,98257.04668698368,106380.87383433805,90884.6074913696
DALYs (Disability-Adjusted Life Years),Colombia,Both,Age-standardized,All causes,Rate,1999,33043.18086094083,36269.17714012423,30315.560178598313
DALYs (Disability-Adjusted Life Years),El Salvador,Both,Age-standardized,All causes,Rate,1998,38430.907510571895,42043.22874071386,35464.77718335373
DALYs (Disability-Adjusted Life Years),Jamaica,Both,Age-standardized,All causes,Rate,1998,29918.11151859207,33398.39923688202,26850.291255366887
DALYs (Disability-Adjusted Life Years),Mali,Both,Age-standardized,All causes,Rate,1994,95575.38805313129,102518.2188071694,88816.75945868826
DALYs (Disability-Adjusted Life Years),Seychelles,Both,Age-standardized,All causes,Rate,1998,33455.15992928115,36649.05542071769,30803.063616187897
DALYs (Disability-Adjusted Life Years),Burkina Faso,Both,Age-standardized,All causes,Rate,1998,92756.38377753194,101605.93594064891,85613.26251193848
DALYs (Disability-Adjusted Life Years),Mongolia,Both,Age-standardized,All causes,Rate,1996,58478.62820650448,63886.14397213668,53989.12999762716
DALYs (Disability-Adjusted Life Years),Andorra,Both,Age-standardized,All causes,Rate,1996,22308.414781858948,26301.746188783232,18439.630655164547
DALYs (Disability-Adjusted Life Years),Nauru,Both,Age-standardized,All causes,Rate,1998,69228.081234737,77133.1525479462,61413.183148568896
DALYs (Disability-Adjusted Life Years),South Sudan,Both,Age-standardized,All causes,Rate,1998,87648.58703333745,98247.56312236722,78038.1512122758
DALYs (Disability-Adjusted Life Years),Cyprus,Both,Age-standardized,All causes,Rate,1994,30208.73247007045,33361.288038304934,27399.425699516854
DALYs (Disability-Adjusted Life Years),Palau,Both,Age-standardized,All causes,Rate,1996,44170.24485879944,51406.13849238214,37819.011855881465
DALYs (Disability-Adjusted Life Years),Mauritania,Both,Age-standardized,All causes,Rate,1994,59876.032335005366,65492.41543337912,54668.59353834919
DALYs (Disability-Adjusted Life Years),Croatia,Both,Age-standardized,All causes,Rate,1995,32223.300095159757,35650.68882598295,29129.47496782834
DALYs (Disability-Adjusted Life Years),Syrian Arab Republic,Both,Age-standardized,All causes,Rate,1999,36230.78228068071,40572.549748932164,32374.410831871537
DALYs (Disability-Adjusted Life Years),Jamaica,Both,Age-standardized,All causes,Rate,1995,29431.37487014506,33315.6181974752,26097.479108448628
DALYs (Disability-Adjusted Life Years),Australia,Both,Age-standardized,All causes,Rate,1996,24630.058731762285,28032.982438488165,21782.847586158096
DALYs (Disability-Adjusted Life Years),El Salvador,Both,Age-standardized,All causes,Rate,1995,39217.381070162955,42730.23990289338,36179.57628889435
DALYs (Disability-Adjusted Life Years),Pakistan,Both,Age-standardized,All causes,Rate,1999,58848.87144731854,63401.47989565779,54444.59011440352
DALYs (Disability-Adjusted Life Years),Djibouti,Both,Age-standardized,All causes,Rate,1999,62240.48977359515,72634.6350211066,53605.28332252021
DALYs (Disability-Adjusted Life Years),Northern Mariana Islands,Both,Age-standardized,All causes,Rate,1998,31039.62516802153,35939.46811977275,26951.857421001812
DALYs (Disability-Adjusted Life Years),Uganda,Both,Age-standardized,All causes,Rate,1999,102496.51839327751,110939.68372047083,93553.21770440877
DALYs (Disability-Adjusted Life Years),Viet Nam,Both,Age-standardized,All causes,Rate,1999,33587.36182319416,37753.863424582414,30072.04351954624
DALYs (Disability-Adjusted Life Years),Guatemala,Both,Age-standardized,All causes,Rate,1999,47412.630265079126,51319.043316108924,44150.39033080977
DALYs (Disability-Adjusted Life Years),Sudan,Both,Age-standardized,All causes,Rate,1997,62993.22111756935,70105.57262708308,56504.28422138766
DALYs (Disability-Adjusted Life Years),Iran (Islamic Republic of),Both,Age-standardized,All causes,Rate,1999,35771.214930196424,39292.558437085936,32763.00608779152
DALYs (Disability-Adjusted Life Years),Republic of Korea,Both,Age-standardized,All causes,Rate,1999,26245.574434874325,29199.95246671559,23770.87712861855
DALYs (Disability-Adjusted Life Years),Azerbaijan,Both,Age-standardized,All causes,Rate,1996,48192.62477587313,52223.19583733289,44794.50835855699
DALYs (Disability-Adjusted Life Years),New Zealand,Both,Age-standardized,All causes,Rate,1996,26825.90813341288,30222.794789372692,23837.742889618585
DALYs (Disability-Adjusted Life Years),Portugal,Both,Age-standardized,All causes,Rate,1996,28893.812583290714,32229.439644074697,26056.266229786845
DALYs (Disability-Adjusted Life Years),Jamaica,Both,Age-standardized,All causes,Rate,1996,29497.688253545133,33314.168189132404,25995.11756032813
DALYs (Disability-Adjusted Life Years),El Salvador,Both,Age-standardized,All causes,Rate,1996,37966.50366326058,41507.640476380504,34869.60186593161
DALYs (Disability-Adjusted Life Years),Argentina,Both,Age-standardized,All causes,Rate,1994,32316.78746907038,35517.495124493806,29657.705551570823
DALYs (Disability-Adjusted Life Years),Iceland,Both,Age-standardized,All causes,Rate,1996,22436.88580112121,25661.458989736617,19831.59435104769
DALYs (Disability-Adjusted Life Years),United Kingdom,Both,Age-standardized,All causes,Rate,1996,25660.12357171871,28976.73060525781,22859.351569577673
DALYs (Disability-Adjusted Life Years),Egypt,Both,Age-standardized,All causes,Rate,1997,48140.75037411885,51637.00387467054,45149.386831745716
DALYs (Disability-Adjusted Life Years),Saint Lucia,Both,Age-standardized,All causes,Rate,1994,37432.95283210122,40793.72514149291,34262.993962835884
DALYs (Disability-Adjusted Life Years),Trinidad and Tobago,Both,Age-standardized,All causes,Rate,1996,39255.59991270423,42616.63037645231,36211.406717248574
DALYs (Disability-Adjusted Life Years),Mexico,Both,Age-standardized,All causes,Rate,1999,32957.411342067186,36127.779092575365,30183.586377104464
DALYs (Disability-Adjusted Life Years),Mali,Both,Age-standardized,All causes,Rate,1997,94822.89065446137,100800.68525448289,88863.29352942364
DALYs (Disability-Adjusted Life Years),Niger,Both,Age-standardized,All causes,Rate,1998,94915.09106841861,102393.97724983402,87356.3210870124
DALYs (Disability-Adjusted Life Years),Kenya,Both,Age-standardized,All causes,Rate,1999,79482.53032885616,89120.15631522365,70669.68069972865
DALYs (Disability-Adjusted Life Years),Greenland,Both,Age-standardized,All causes,Rate,1993,49213.809986033135,53337.55140312193,45354.02846125
DALYs (Disability-Adjusted Life Years),Guatemala,Both,Age-standardized,All causes,Rate,1994,58106.29315913237,61842.17067342438,54715.87435367607
DALYs (Disability-Adjusted Life Years),Bolivia (Plurinational State of),Both,Age-standardized,All causes,Rate,1994,55452.73872761254,60286.3126006353,51034.90436537603
DALYs (Disability-Adjusted Life Years),Comoros,Both,Age-standardized,All causes,Rate,1994,66355.29962246373,73771.56049715752,58929.2856640517
DALYs (Disability-Adjusted Life Years),Monaco,Both,Age-standardized,All causes,Rate,1995,23401.273186240374,27501.782483115057,19640.138522413912
DALYs (Disability-Adjusted Life Years),Zimbabwe,Both,Age-standardized,All causes,Rate,1996,92405.6296623336,111331.71331307486,76178.38640286696
DALYs (Disability-Adjusted Life Years),Iceland,Both,Age-standardized,All causes,Rate,1995,23840.340664572876,27079.48771795705,21229.271697881595
DALYs (Disability-Adjusted Life Years),Viet Nam,Both,Age-standardized,All causes,Rate,1994,36866.13824204708,41373.58683542166,32881.10549208951
DALYs (Disability-Adjusted Life Years),Northern Mariana Islands,Both,Age-standardized,All causes,Rate,1996,31416.95283590031,36468.32263520966,26986.82020443353
DALYs (Disability-Adjusted Life Years),United States Virgin Islands,Both,Age-standardized,All causes,Rate,1996,32374.52578264191,35903.71661956019,28871.29189526729
DALYs (Disability-Adjusted Life Years),United States of America,Both,Age-standardized,All causes,Rate,1994,28687.91824085798,32052.08785081724,25830.905072310008
DALYs (Disability-Adjusted Life Years),Ireland,Both,Age-standardized,All causes,Rate,1999,26383.435305363324,29650.138375938008,23666.315702656644
DALYs (Disability-Adjusted Life Years),Poland,Both,Age-standardized,All causes,Rate,1994,34202.21896838645,37405.46888502046,31389.514770676193
DALYs (Disability-Adjusted Life Years),Fiji,Both,Age-standardized,All causes,Rate,1994,46559.94380141846,51924.8943578929,41134.84855045863
DALYs (Disability-Adjusted Life Years),Brazil,Both,Age-standardized,All causes,Rate,1999,37834.44802040765,41632.78208459117,34506.550555588954
DALYs (Disability-Adjusted Life Years),Azerbaijan,Both,Age-standardized,All causes,Rate,1994,52377.04248565529,56614.99457125852,48904.66641553336
DALYs (Disability-Adjusted Life Years),Saudi Arabia,Both,Age-standardized,All causes,Rate,1996,40069.83125923556,45836.66220483615,34782.34657442677
DALYs (Disability-Adjusted Life Years),Grenada,Both,Age-standardized,All causes,Rate,1994,36649.05958564823,40237.06036316641,33398.3356887874
DALYs (Disability-Adjusted Life Years),Estonia,Both,Age-standardized,All causes,Rate,1994,44879.59406658557,48395.22876466853,42073.277099542094
DALYs (Disability-Adjusted Life Years),Nepal,Both,Age-standardized,All causes,Rate,1996,60111.416103131975,65895.2885492933,55089.792058092324
DALYs (Disability-Adjusted Life Years),Guyana,Both,Age-standardized,All causes,Rate,1994,51653.018005300386,56365.809176909774,47700.850607252076
DALYs (Disability-Adjusted Life Years),Nicaragua,Both,Age-standardized,All causes,Rate,1996,34354.032220226254,38040.18595497495,31333.19216225812
DALYs (Disability-Adjusted Life Years),Belarus,Both,Age-standardized,All causes,Rate,1995,40613.31046395336,43819.31763607049,37669.540668328096
DALYs (Disability-Adjusted Life Years),Algeria,Both,Age-standardized,All causes,Rate,1994,38797.81951728359,43199.6408627143,35164.87232877974
DALYs (Disability-Adjusted Life Years),Bosnia and Herzegovina,Both,Age-standardized,All causes,Rate,1999,28085.103578524562,31220.370758625788,25411.70404480445
DALYs (Disability-Adjusted Life Years),Republic of Moldova,Both,Age-standardized,All causes,Rate,1999,40411.87547737802,43578.442112486875,37419.03156654458
DALYs (Disability-Adjusted Life Years),Namibia,Both,Age-standardized,All causes,Rate,1994,62192.92095445641,68111.89534674775,56417.656610831116
DALYs (Disability-Adjusted Life Years),New Zealand,Both,Age-standardized,All causes,Rate,1995,27227.754294400158,30648.056484059183,24257.005112003542
DALYs (Disability-Adjusted Life Years),Jordan,Both,Age-standardized,All causes,Rate,1996,34228.99109115889,38629.6459873293,29879.144477526133
DALYs (Disability-Adjusted Life Years),Angola,Both,Age-standardized,All causes,Rate,1996,93655.57227040484,102074.9159497702,85780.98655407962
DALYs (Disability-Adjusted Life Years),Mauritania,Both,Age-standardized,All causes,Rate,1996,57612.99864589049,62869.2741764044,52612.49367785548
DALYs (Disability-Adjusted Life Years),Belarus,Both,Age-standardized,All causes,Rate,1997,40618.459742374514,43881.11896094355,37783.24214971702
DALYs (Disability-Adjusted Life Years),Bermuda,Both,Age-standardized,All causes,Rate,1998,24278.707037444587,27349.556213332173,21637.271828543013
DALYs (Disability-Adjusted Life Years),Palau,Both,Age-standardized,All causes,Rate,1997,43690.62324809718,50743.524289170084,37586.846745561874
DALYs (Disability-Adjusted Life Years),Kyrgyzstan,Both,Age-standardized,All causes,Rate,1999,45065.94676356981,48671.61010763683,41875.28797255761
DALYs (Disability-Adjusted Life Years),Nigeria,Both,Age-standardized,All causes,Rate,1996,85222.25318917212,91616.14831705937,79192.43123348507
DALYs (Disability-Adjusted Life Years),Australia,Both,Age-standardized,All causes,Rate,1995,24821.60912377444,28216.48058872247,21977.211878892573
DALYs (Disability-Adjusted Life Years),Guatemala,Both,Age-standardized,All causes,Rate,1997,50385.81448143332,54354.32432395059,47066.57820903255
DALYs (Disability-Adjusted Life Years),Palestine,Both,Age-standardized,All causes,Rate,1997,36678.50967688993,41220.307701726844,33049.269681624326
DALYs (Disability-Adjusted Life Years),Botswana,Both,Age-standardized,All causes,Rate,1999,104071.003452148,125229.47632458716,86006.51688220716
DALYs (Disability-Adjusted Life Years),Palau,Both,Age-standardized,All causes,Rate,1999,43474.51638033781,49646.46022807142,37699.4013073937
DALYs (Disability-Adjusted Life Years),Saint Lucia,Both,Age-standardized,All causes,Rate,1999,33612.953594028,36999.792049984644,30716.034363946554
DALYs (Disability-Adjusted Life Years),Eritrea,Both,Age-standardized,All causes,Rate,1999,97370.0655381847,178736.96992410312,75104.00072910695
DALYs (Disability-Adjusted Life Years),Bahamas,Both,Age-standardized,All causes,Rate,1999,36588.27181712772,40136.64480892241,33551.7148958219
DALYs (Disability-Adjusted Life Years),Botswana,Both,Age-standardized,All causes,Rate,1996,88730.36610436362,107684.26659369007,72940.7897865348
DALYs (Disability-Adjusted Life Years),Belgium,Both,Age-standardized,All causes,Rate,1994,26053.894596164566,29371.244406620124,23302.989105769495
DALYs (Disability-Adjusted Life Years),Pakistan,Both,Age-standardized,All causes,Rate,1994,59886.12486257974,64213.868114046505,55975.38053275518
DALYs (Disability-Adjusted Life Years),Benin,Both,Age-standardized,All causes,Rate,1996,74770.3131901731,81324.37760436324,69312.45089719753
DALYs (Disability-Adjusted Life Years),Mexico,Both,Age-standardized,All causes,Rate,1997,34262.64132880614,37635.75356042494,31444.804807678684
DALYs (Disability-Adjusted Life Years),Bulgaria,Both,Age-standardized,All causes,Rate,1995,39828.72368030983,42977.21139326447,37159.9652291112
DALYs (Disability-Adjusted Life Years),Germany,Both,Age-standardized,All causes,Rate,1995,25955.40586821633,29289.5959738113,23152.71485041243
DALYs (Disability-Adjusted Life Years),Finland,Both,Age-standardized,All causes,Rate,1997,25227.674467877303,28573.200716024716,22474.102882308503
DALYs (Disability-Adjusted Life Years),Zimbabwe,Both,Age-standardized,All causes,Rate,1994,80044.3178880577,97446.29923247924,66598.43557628013
DALYs (Disability-Adjusted Life Years),Portugal,Both,Age-standardized,All causes,Rate,1997,28376.739703623265,31726.04303960222,25581.810289328412
DALYs (Disability-Adjusted Life Years),Jamaica,Both,Age-standardized,All causes,Rate,1997,29765.68625128985,33331.156144226625,26354.082915468814
DALYs (Disability-Adjusted Life Years),Cameroon,Both,Age-standardized,All causes,Rate,1997,78472.6069787421,85495.02512163897,72202.56149914397
DALYs (Disability-Adjusted Life Years),Saint Vincent and the Grenadines,Both,Age-standardized,All causes,Rate,1996,37933.11633422706,41350.46240797915,35023.59842986516
DALYs (Disability-Adjusted Life Years),United Arab Emirates,Both,Age-standardized,All causes,Rate,1999,34207.29620162726,39034.54465948939,29993.03049368218
DALYs (Disability-Adjusted Life Years),United States Virgin Islands,Both,Age-standardized,All causes,Rate,1995,32887.22996637212,36401.42136687902,29381.523567642707
DALYs (Disability-Adjusted Life Years),Andorra,Both,Age-standardized,All causes,Rate,1997,22054.00573943959,26049.258759855627,18241.706089112504
DALYs (Disability-Adjusted Life Years),Dominica,Both,Age-standardized,All causes,Rate,1997,32848.67281460319,36383.982979309156,29766.19748015385
DALYs (Disability-Adjusted Life Years),Angola,Both,Age-standardized,All causes,Rate,1999,92287.90871621773,100297.31349065097,85217.29285224441
DALYs (Disability-Adjusted Life Years),Cuba,Both,Age-standardized,All causes,Rate,1996,27451.654258122253,30608.177864962305,24815.686884143346
DALYs (Disability-Adjusted Life Years),Ecuador,Both,Age-standardized,All causes,Rate,1997,33014.72110756702,36242.76136203622,30159.051849113366
DALYs (Disability-Adjusted Life Years),Andorra,Both,Age-standardized,All causes,Rate,1998,21844.658593425975,25810.888834962676,18224.32329932121
DALYs (Disability-Adjusted Life Years),Greece,Both,Age-standardized,All causes,Rate,1997,24245.39888773589,27518.80071194337,21469.188520319476
DALYs (Disability-Adjusted Life Years),Iceland,Both,Age-standardized,All causes,Rate,1997,22184.53021888918,25440.88524243559,19609.163963065184
DALYs (Disability-Adjusted Life Years),Chile,Both,Age-standardized,All causes,Rate,1998,27674.27174431367,30942.114771206874,24919.5236159496
DALYs (Disability-Adjusted Life Years),Switzerland,Both,Age-standardized,All causes,Rate,1997,23171.752446145896,26512.739821276966,20297.680330510877
DALYs (Disability-Adjusted Life Years),Bahamas,Both,Age-standardized,All causes,Rate,1997,36637.51930244106,40267.142619242455,33584.73595133372
DALYs (Disability-Adjusted Life Years),Saint Lucia,Both,Age-standardized,All causes,Rate,1997,34913.10613961438,38071.08020579892,31931.632696140467
DALYs (Disability-Adjusted Life Years),Czechia,Both,Age-standardized,All causes,Rate,2000,27532.538271337355,30746.360885845083,24833.995842318556
DALYs (Disability-Adjusted Life Years),Zambia,Both,Age-standardized,All causes,Rate,1999,120237.85708892718,133388.94753300594,108162.32677848052
DALYs (Disability-Adjusted Life Years),China,Both,Age-standardized,All causes,Rate,2000,35712.581279514285,38669.7727498386,33082.73860582109
DALYs (Disability-Adjusted Life Years),Sierra Leone,Both,Age-standardized,All causes,Rate,1993,97890.0285722703,105532.22987382056,91424.00908882753
DALYs (Disability-Adjusted Life Years),Palestine,Both,Age-standardized,All causes,Rate,1994,38258.342572855545,43383.669387813636,33895.04419352859
DALYs (Disability-Adjusted Life Years),Malaysia,Both,Age-standardized,All causes,Rate,1996,31589.187420314352,34670.9798812768,28988.44681858755
DALYs (Disability-Adjusted Life Years),Congo,Both,Age-standardized,All causes,Rate,1993,87981.45060264235,96303.46023062881,80072.30970009354
DALYs (Disability-Adjusted Life Years),Malawi,Both,Age-standardized,All causes,Rate,1993,109601.87241996502,121221.36864178437,100704.41158222056
DALYs (Disability-Adjusted Life Years),Guam,Both,Age-standardized,All causes,Rate,1999,25896.78249849952,28858.950805124805,23433.90389975737
DALYs (Disability-Adjusted Life Years),San Marino,Both,Age-standardized,All causes,Rate,1993,21723.4470542931,24909.749443518092,18816.217438022588
DALYs (Disability-Adjusted Life Years),Portugal,Both,Age-standardized,All causes,Rate,1994,29229.855260094857,32612.730558588275,26426.486141408324
DALYs (Disability-Adjusted Life Years),Malaysia,Both,Age-standardized,All causes,Rate,1997,31443.437245757556,34482.719359806084,28882.425973530422
DALYs (Disability-Adjusted Life Years),United Republic of Tanzania,Both,Age-standardized,All causes,Rate,1997,88961.12047508928,98159.26680389805,80952.51432952254
DALYs (Disability-Adjusted Life Years),Micronesia (Federated States of),Both,Age-standardized,All causes,Rate,1997,51770.979099165714,59347.26133025059,45288.395934908825
DALYs (Disability-Adjusted Life Years),Latvia,Both,Age-standardized,All causes,Rate,1997,38715.7000442512,41969.89629767737,35843.87923350493
DALYs (Disability-Adjusted Life Years),Qatar,Both,Age-standardized,All causes,Rate,1995,32502.287818956425,36796.22000767949,28667.797401273197
DALYs (Disability-Adjusted Life Years),Tajikistan,Both,Age-standardized,All causes,Rate,1997,49397.277503004305,53497.55287580926,45717.294124675806
DALYs (Disability-Adjusted Life Years),Burundi,Both,Age-standardized,All causes,Rate,1995,123266.10903977667,135097.33685327522,111724.47501319453
DALYs (Disability-Adjusted Life Years),Trinidad and Tobago,Both,Age-standardized,All causes,Rate,1997,37944.95193003601,41388.605839562944,34950.38601867806
DALYs (Disability-Adjusted Life Years),North Macedonia,Both,Age-standardized,All causes,Rate,1997,37228.54302259636,40423.86499124294,34554.54387558511
DALYs (Disability-Adjusted Life Years),Singapore,Both,Age-standardized,All causes,Rate,1994,23718.23894839788,26511.744810295302,21378.744000782357
DALYs (Disability-Adjusted Life Years),Romania,Both,Age-standardized,All causes,Rate,2000,35577.03526007978,38780.210498993176,32845.5585830683
DALYs (Disability-Adjusted Life Years),Nicaragua,Both,Age-standardized,All causes,Rate,1997,32952.307272100865,36682.020067741796,29984.837837181643
DALYs (Disability-Adjusted Life Years),Myanmar,Both,Age-standardized,All causes,Rate,1997,71848.22143591827,79978.61489210573,64033.96863739779
DALYs (Disability-Adjusted Life Years),Saudi Arabia,Both,Age-standardized,All causes,Rate,1997,39618.37139177578,45249.91272705794,34574.53396246287
DALYs (Disability-Adjusted Life Years),United Kingdom,Both,Age-standardized,All causes,Rate,1997,25334.92058795436,28624.750789551712,22517.33622070491
DALYs (Disability-Adjusted Life Years),Indonesia,Both,Age-standardized,All causes,Rate,2000,44399.89584931893,48154.43026561231,41105.38867886527
DALYs (Disability-Adjusted Life Years),Italy,Both,Age-standardized,All causes,Rate,1998,23368.578267171353,26652.547671799814,20544.850375150487
DALYs (Disability-Adjusted Life Years),Malaysia,Both,Age-standardized,All causes,Rate,1998,31073.170778549164,34117.189176736436,28537.595503722212
DALYs (Disability-Adjusted Life Years),Slovakia,Both,Age-standardized,All causes,Rate,2000,30288.46813980935,33595.454803312066,27674.561687268993
DALYs (Disability-Adjusted Life Years),North Macedonia,Both,Age-standardized,All causes,Rate,1998,38039.5716891449,41277.307161107165,35209.06884957685
DALYs (Disability-Adjusted Life Years),Austria,Both,Age-standardized,All causes,Rate,1998,24376.859309881824,27646.279033873354,21655.393283617854
DALYs (Disability-Adjusted Life Years),Somalia,Both,Age-standardized,All causes,Rate,1993,103819.23800671664,115633.26294131247,93121.95379931854
DALYs (Disability-Adjusted Life Years),Greece,Both,Age-standardized,All causes,Rate,1998,24206.316537954026,27468.11184799386,21433.247641722886
DALYs (Disability-Adjusted Life Years),Switzerland,Both,Age-standardized,All causes,Rate,1998,22826.436832199244,26154.51767547825,19942.82075938083
DALYs (Disability-Adjusted Life Years),Dominican Republic,Both,Age-standardized,All causes,Rate,1998,35834.59301113309,39713.62998159754,32580.399969271617
DALYs (Disability-Adjusted Life Years),Suriname,Both,Age-standardized,All causes,Rate,1998,39090.00284275539,42492.48550251457,36022.387688133225
DALYs (Disability-Adjusted Life Years),Myanmar,Both,Age-standardized,All causes,Rate,1998,70575.8663731562,78360.43985035468,63402.39110886379
DALYs (Disability-Adjusted Life Years),Vanuatu,Both,Age-standardized,All causes,Rate,1994,51232.97278784939,60020.83335438126,44260.03708007634
DALYs (Disability-Adjusted Life Years),Northern Mariana Islands,Both,Age-standardized,All causes,Rate,1999,30732.908915954384,35530.214559892745,26789.12273937236
DALYs (Disability-Adjusted Life Years),Burkina Faso,Both,Age-standardized,All causes,Rate,1994,95665.68813518477,103298.9760855074,88745.55057732326
DALYs (Disability-Adjusted Life Years),United Kingdom,Both,Age-standardized,All causes,Rate,1995,25883.46908898746,29169.14686221248,23091.34734827524
DALYs (Disability-Adjusted Life Years),Slovenia,Both,Age-standardized,All causes,Rate,1994,29484.23848485592,32762.50507387729,26681.149506843667
DALYs (Disability-Adjusted Life Years),Fiji,Both,Age-standardized,All causes,Rate,1996,47355.85063399012,51453.620185057225,43207.889487319495
DALYs (Disability-Adjusted Life Years),Saint Vincent and the Grenadines,Both,Age-standardized,All causes,Rate,1995,38170.674353965514,41621.0340759341,35241.15913705188
DALYs (Disability-Adjusted Life Years),Kenya,Both,Age-standardized,All causes,Rate,1997,77190.06187934252,87197.91893550297,68945.10766493967
DALYs (Disability-Adjusted Life Years),Rwanda,Both,Age-standardized,All causes,Rate,1994,574045.5648085386,896093.8912231587,365895.6948518446
DALYs (Disability-Adjusted Life Years),Namibia,Both,Age-standardized,All causes,Rate,1997,70698.50369847941,79629.90617534587,63687.128832958864
DALYs (Disability-Adjusted Life Years),Liberia,Both,Age-standardized,All causes,Rate,1994,109213.71689865195,117202.51059883395,101130.55827023483
DALYs (Disability-Adjusted Life Years),Republic of Korea,Both,Age-standardized,All causes,Rate,1995,29109.634307136894,32074.59441675277,26627.753009792264
DALYs (Disability-Adjusted Life Years),Nepal,Both,Age-standardized,All causes,Rate,1997,57861.33729665209,63495.80415861913,52964.9350365383
DALYs (Disability-Adjusted Life Years),Dominica,Both,Age-standardized,All causes,Rate,1998,33333.87692083716,36910.93692991773,30247.4475136046
DALYs (Disability-Adjusted Life Years),Madagascar,Both,Age-standardized,All causes,Rate,1997,71402.24873697948,77787.50906566445,65606.74107776118
DALYs (Disability-Adjusted Life Years),Australia,Both,Age-standardized,All causes,Rate,1997,24290.65007401185,27662.76486764401,21510.575074140914
DALYs (Disability-Adjusted Life Years),Ecuador,Both,Age-standardized,All causes,Rate,1998,33071.588807884844,36329.23576221848,30335.053694429815
DALYs (Disability-Adjusted Life Years),Iraq,Both,Age-standardized,All causes,Rate,1998,44544.679742746805,50528.305949830785,39233.81094006145
DALYs (Disability-Adjusted Life Years),South Sudan,Both,Age-standardized,All causes,Rate,1997,90379.91385205081,101093.75423484125,80606.66971818767
DALYs (Disability-Adjusted Life Years),Cook Islands,Both,Age-standardized,All causes,Rate,1999,32691.054649275346,36864.73615076749,29226.442021999886
DALYs (Disability-Adjusted Life Years),Monaco,Both,Age-standardized,All causes,Rate,1999,23202.32125492344,27331.251169258132,19577.855324160126
DALYs (Disability-Adjusted Life Years),Philippines,Both,Age-standardized,All causes,Rate,1998,38122.61126436725,41607.54867399049,34673.863091763335
DALYs (Disability-Adjusted Life Years),Solomon Islands,Both,Age-standardized,All causes,Rate,1998,54617.15112440154,63476.50368091609,47128.98419316468
DALYs (Disability-Adjusted Life Years),Turkmenistan,Both,Age-standardized,All causes,Rate,1998,50619.79491040873,54156.619197060754,47547.007959562005
DALYs (Disability-Adjusted Life Years),Guinea-Bissau,Both,Age-standardized,All causes,Rate,1999,98462.34568349454,108792.10168135383,87852.73791707262
DALYs (Disability-Adjusted Life Years),Tunisia,Both,Age-standardized,All causes,Rate,1998,32505.07879427401,36285.29568876071,29216.07882148983
DALYs (Disability-Adjusted Life Years),Maldives,Both,Age-standardized,All causes,Rate,2000,33707.652559715476,37390.479050341775,30741.191508141448
DALYs (Disability-Adjusted Life Years),Papua New Guinea,Both,Age-standardized,All causes,Rate,2000,54360.561524614306,61319.99273459643,47931.655181304835
DALYs (Disability-Adjusted Life Years),American Samoa,Both,Age-standardized,All causes,Rate,1999,36464.72326739139,40027.856337434045,33289.599131401796
DALYs (Disability-Adjusted Life Years),Benin,Both,Age-standardized,All causes,Rate,1995,74951.00076637635,81372.27033400201,69555.23222920428
DALYs (Disability-Adjusted Life Years),Tokelau,Both,Age-standardized,All causes,Rate,1993,40888.95225559021,47971.77880002756,35014.74180214574
DALYs (Disability-Adjusted Life Years),Mali,Both,Age-standardized,All causes,Rate,1993,95699.94056091571,102901.63829663314,89447.8349359878
DALYs (Disability-Adjusted Life Years),Brazil,Both,Age-standardized,All causes,Rate,2001,36816.32598888916,40460.04103319813,33412.63566172142
DALYs (Disability-Adjusted Life Years),Canada,Both,Age-standardized,All causes,Rate,2001,22297.01615059031,25436.202329809254,19642.14044989149
DALYs (Disability-Adjusted Life Years),Malta,Both,Age-standardized,All causes,Rate,1994,23900.68146525646,27000.528340631434,21290.73399037492
DALYs (Disability-Adjusted Life Years),Antigua and Barbuda,Both,Age-standardized,All causes,Rate,1994,31790.17406510734,35258.98200228146,28951.513025625365
DALYs (Disability-Adjusted Life Years),United Arab Emirates,Both,Age-standardized,All causes,Rate,1997,32473.088025103665,37101.93184132975,28438.77265955065
DALYs (Disability-Adjusted Life Years),United States Virgin Islands,Both,Age-standardized,All causes,Rate,1994,32802.91207736105,36550.722837379784,29409.894461193642
DALYs (Disability-Adjusted Life Years),Angola,Both,Age-standardized,All causes,Rate,1997,93084.67177955151,101308.23048114101,85272.0980717229
DALYs (Disability-Adjusted Life Years),Hungary,Both,Age-standardized,All causes,Rate,1998,35717.32787040406,39034.1101835041,32975.75652763325
DALYs (Disability-Adjusted Life Years),Lithuania,Both,Age-standardized,All causes,Rate,1998,35115.17246373439,38455.292680611194,32293.84138261058
DALYs (Disability-Adjusted Life Years),Cuba,Both,Age-standardized,All causes,Rate,1997,26920.99595782837,30115.495516771236,24320.485723474394
DALYs (Disability-Adjusted Life Years),New Zealand,Both,Age-standardized,All causes,Rate,1998,25438.550662111375,28812.90714598156,22568.70490155761
DALYs (Disability-Adjusted Life Years),Kuwait,Both,Age-standardized,All causes,Rate,1997,26154.21374257935,29208.756484595626,23481.747251348555
DALYs (Disability-Adjusted Life Years),Ukraine,Both,Age-standardized,All causes,Rate,1998,41454.212015231875,44851.791115626365,38626.89881084026
DALYs (Disability-Adjusted Life Years),Ireland,Both,Age-standardized,All causes,Rate,1998,26506.871131114378,29813.258203147085,23782.88920699307
DALYs (Disability-Adjusted Life Years),Libya,Both,Age-standardized,All causes,Rate,1998,31344.487543205087,34973.120204348175,28095.151787801053
DALYs (Disability-Adjusted Life Years),Georgia,Both,Age-standardized,All causes,Rate,1999,38511.88348214081,42799.21774033836,35083.104983194055
DALYs (Disability-Adjusted Life Years),Cameroon,Both,Age-standardized,All causes,Rate,1999,80832.42861186086,88237.45184073383,74380.33617545577
DALYs (Disability-Adjusted Life Years),Paraguay,Both,Age-standardized,All causes,Rate,1998,30809.540256389995,34444.11176335011,27164.478545580816
DALYs (Disability-Adjusted Life Years),Ethiopia,Both,Age-standardized,All causes,Rate,1998,93241.49915159002,99564.24727560011,88439.04389141143
DALYs (Disability-Adjusted Life Years),Eswatini,Both,Age-standardized,All causes,Rate,1998,88231.61235550475,105219.17657958846,74524.55734535684
DALYs (Disability-Adjusted Life Years),Tunisia,Both,Age-standardized,All causes,Rate,1999,31943.096520156578,35999.58494655835,28714.02536428499
DALYs (Disability-Adjusted Life Years),Democratic Republic of the Congo,Both,Age-standardized,All causes,Rate,1999,87936.59429728297,96662.08579712716,80218.276375913
DALYs (Disability-Adjusted Life Years),Senegal,Both,Age-standardized,All causes,Rate,1998,67676.25925012732,72497.40821370608,63057.49894471222
DALYs (Disability-Adjusted Life Years),Cabo Verde,Both,Age-standardized,All causes,Rate,1999,40948.70244421721,46731.36596253537,35703.50395299513
DALYs (Disability-Adjusted Life Years),Sao Tome and Principe,Both,Age-standardized,All causes,Rate,1999,53077.26076645411,58591.99945100112,48498.84479396643
DALYs (Disability-Adjusted Life Years),Senegal,Both,Age-standardized,All causes,Rate,1999,66645.62018668224,71235.6784996235,62024.2461152251
DALYs (Disability-Adjusted Life Years),Democratic People's Republic of Korea,Both,Age-standardized,All causes,Rate,2000,58449.62345041488,95819.80978528,41194.48840163193
DALYs (Disability-Adjusted Life Years),Mongolia,Both,Age-standardized,All causes,Rate,2000,53062.6748733506,57441.24770981835,49395.22660853085
DALYs (Disability-Adjusted Life Years),Andorra,Both,Age-standardized,All causes,Rate,2000,21450.046243905446,25559.440571985215,18016.689035002924
DALYs (Disability-Adjusted Life Years),Italy,Both,Age-standardized,All causes,Rate,2000,22450.893594861314,25782.029085513346,19626.72912588217
DALYs (Disability-Adjusted Life Years),Israel,Both,Age-standardized,All causes,Rate,1998,23208.18494580741,26292.832086070022,20600.854320331673
DALYs (Disability-Adjusted Life Years),Croatia,Both,Age-standardized,All causes,Rate,1994,31621.44126510234,34750.43869347851,28834.784320706465
DALYs (Disability-Adjusted Life Years),El Salvador,Both,Age-standardized,All causes,Rate,1994,40750.32427188888,44228.87563339212,37476.43250005747
DALYs (Disability-Adjusted Life Years),Indonesia,Both,Age-standardized,All causes,Rate,1999,45040.48590390814,48810.63971898704,42104.43734887589
DALYs (Disability-Adjusted Life Years),United States Virgin Islands,Both,Age-standardized,All causes,Rate,1993,32731.59891367264,36569.03012690237,29213.055208970123
DALYs (Disability-Adjusted Life Years),Kiribati,Both,Age-standardized,All causes,Rate,1999,63161.84970743202,70429.36191602051,56476.02131875675
DALYs (Disability-Adjusted Life Years),Republic of Korea,Both,Age-standardized,All causes,Rate,1994,29967.036885460508,32930.60750520851,27491.095212209177
DALYs (Disability-Adjusted Life Years),Bosnia and Herzegovina,Both,Age-standardized,All causes,Rate,1995,48139.266192074974,53436.78461787717,43528.776432790466
DALYs (Disability-Adjusted Life Years),Czechia,Both,Age-standardized,All causes,Rate,1999,27834.04537629311,30965.928295872796,25134.632669052513
DALYs (Disability-Adjusted Life Years),Sweden,Both,Age-standardized,All causes,Rate,1995,22110.74400887697,25205.864191327375,19502.549233365786
DALYs (Disability-Adjusted Life Years),Italy,Both,Age-standardized,All causes,Rate,1996,24158.457113996716,27505.377773134198,21342.876473180328
DALYs (Disability-Adjusted Life Years),Norway,Both,Age-standardized,All causes,Rate,1994,24564.971976872275,27826.191667050443,21690.338744558303
DALYs (Disability-Adjusted Life Years),Bahrain,Both,Age-standardized,All causes,Rate,1994,40711.439772358484,44291.2170719236,37544.90689084207
DALYs (Disability-Adjusted Life Years),Seychelles,Both,Age-standardized,All causes,Rate,1994,35394.63898026001,38532.31495171784,32677.439445152602
DALYs (Disability-Adjusted Life Years),Equatorial Guinea,Both,Age-standardized,All causes,Rate,1998,81368.99701503049,93516.89049293142,70493.16142771172
DALYs (Disability-Adjusted Life Years),Bangladesh,Both,Age-standardized,All causes,Rate,1999,53179.84249907528,57896.04777390064,49222.16066041159
DALYs (Disability-Adjusted Life Years),Nicaragua,Both,Age-standardized,All causes,Rate,1995,34709.81152365901,38757.41718454303,31294.50452605077
DALYs (Disability-Adjusted Life Years),Nepal,Both,Age-standardized,All causes,Rate,1995,62196.656162293715,68266.9743128276,56732.45813609812
DALYs (Disability-Adjusted Life Years),Tuvalu,Both,Age-standardized,All causes,Rate,1998,54517.8720249324,61482.86586280711,48427.86475977676
DALYs (Disability-Adjusted Life Years),Kuwait,Both,Age-standardized,All causes,Rate,1998,24116.46681992881,27234.552896352365,21345.567701210257
DALYs (Disability-Adjusted Life Years),Angola,Both,Age-standardized,All causes,Rate,1998,96364.13555737567,104624.6301923179,89213.52723058687
DALYs (Disability-Adjusted Life Years),Saudi Arabia,Both,Age-standardized,All causes,Rate,1998,38971.80065243654,44334.07959066575,34558.05313541412
DALYs (Disability-Adjusted Life Years),Kenya,Both,Age-standardized,All causes,Rate,1998,78806.93441287937,88277.05005046401,69344.64866503181
DALYs (Disability-Adjusted Life Years),Nepal,Both,Age-standardized,All causes,Rate,1998,56089.938972908334,61533.425634744846,51276.86430598641
DALYs (Disability-Adjusted Life Years),Cameroon,Both,Age-standardized,All causes,Rate,1998,79969.15529695679,87140.68992291532,73720.42872568272
DALYs (Disability-Adjusted Life Years),Niue,Both,Age-standardized,All causes,Rate,1998,41191.72261900691,46771.50966159543,35332.811194453825
DALYs (Disability-Adjusted Life Years),Chile,Both,Age-standardized,All causes,Rate,2000,26638.13837252036,29903.265979303374,23996.254731196586
DALYs (Disability-Adjusted Life Years),Dominica,Both,Age-standardized,All causes,Rate,2000,32027.998185727087,35457.392973015165,29012.224667626073
DALYs (Disability-Adjusted Life Years),Burundi,Both,Age-standardized,All causes,Rate,1994,123465.19777009424,134985.85517252938,112642.4850266381
DALYs (Disability-Adjusted Life Years),Micronesia (Federated States of),Both,Age-standardized,All causes,Rate,2000,51529.40335962998,58574.53542090161,45523.45074254235
DALYs (Disability-Adjusted Life Years),Ecuador,Both,Age-standardized,All causes,Rate,2000,32949.01441865234,36500.882509209565,29609.237137817705
DALYs (Disability-Adjusted Life Years),Iraq,Both,Age-standardized,All causes,Rate,2000,42714.7815738239,48858.75575378752,37448.67040445169
DALYs (Disability-Adjusted Life Years),Kyrgyzstan,Both,Age-standardized,All causes,Rate,2000,44956.86987231708,48458.34141058305,41726.76253586043
DALYs (Disability-Adjusted Life Years),Greece,Both,Age-standardized,All causes,Rate,2000,23856.52147922108,27139.9592637558,21083.341538271405
DALYs (Disability-Adjusted Life Years),Russian Federation,Both,Age-standardized,All causes,Rate,1999,46958.78351338337,50407.980210044436,44110.05372130609
DALYs (Disability-Adjusted Life Years),Andorra,Both,Age-standardized,All causes,Rate,1999,21624.05154481352,25718.528336107127,18117.933791402556
DALYs (Disability-Adjusted Life Years),Italy,Both,Age-standardized,All causes,Rate,1999,22934.085495419356,26290.711533803147,20105.75294965407
DALYs (Disability-Adjusted Life Years),Trinidad and Tobago,Both,Age-standardized,All causes,Rate,1995,38764.893050682935,42244.31552363538,35717.05529103925
DALYs (Disability-Adjusted Life Years),Türkiye,Both,Age-standardized,All causes,Rate,2000,33998.877649920665,37613.458092018336,30562.572102400336
DALYs (Disability-Adjusted Life Years),Saudi Arabia,Both,Age-standardized,All causes,Rate,1995,40705.28381382318,46673.73079003929,35066.792728395245
DALYs (Disability-Adjusted Life Years),Kiribati,Both,Age-standardized,All causes,Rate,1996,64745.90370133261,72088.58760588725,58298.940679551015
DALYs (Disability-Adjusted Life Years),Paraguay,Both,Age-standardized,All causes,Rate,2000,30818.222537006033,35178.54118584356,26982.90387743759
DALYs (Disability-Adjusted Life Years),United Arab Emirates,Both,Age-standardized,All causes,Rate,1998,33327.296401938744,38232.60895733531,29221.017308718932
DALYs (Disability-Adjusted Life Years),Rwanda,Both,Age-standardized,All causes,Rate,1993,105124.80996305445,114355.7071161171,97936.46273389105
DALYs (Disability-Adjusted Life Years),Greece,Both,Age-standardized,All causes,Rate,1995,24668.581316790285,27975.899019351058,21934.10251048778
DALYs (Disability-Adjusted Life Years),Namibia,Both,Age-standardized,All causes,Rate,1998,74835.12557964979,84545.72555275963,67231.46842017284
DALYs (Disability-Adjusted Life Years),Suriname,Both,Age-standardized,All causes,Rate,1995,39867.79078556132,43575.585610828835,36664.83265555686
DALYs (Disability-Adjusted Life Years),Denmark,Both,Age-standardized,All causes,Rate,1998,25998.743018608966,29293.756432857004,23238.68173034222
DALYs (Disability-Adjusted Life Years),Madagascar,Both,Age-standardized,All causes,Rate,1998,70634.08192943365,77451.37043188687,64800.120263591496
DALYs (Disability-Adjusted Life Years),North Macedonia,Both,Age-standardized,All causes,Rate,1996,37127.418038540905,40285.33190147957,34426.23664384016
DALYs (Disability-Adjusted Life Years),Bahrain,Both,Age-standardized,All causes,Rate,1999,39036.130231444375,42687.50680489997,35915.285566130784
DALYs (Disability-Adjusted Life Years),Honduras,Both,Age-standardized,All causes,Rate,1994,41455.252430206776,46276.37842341357,37106.9510553232
DALYs (Disability-Adjusted Life Years),Iceland,Both,Age-standardized,All causes,Rate,1999,21531.583901778005,24792.233127344716,18903.43380372471
DALYs (Disability-Adjusted Life Years),Bulgaria,Both,Age-standardized,All causes,Rate,1994,40160.39754658144,43228.29420294041,37533.72160078642
DALYs (Disability-Adjusted Life Years),United Kingdom,Both,Age-standardized,All causes,Rate,1999,25022.16241930987,28390.11331382424,22225.39662981144
DALYs (Disability-Adjusted Life Years),Iraq,Both,Age-standardized,All causes,Rate,1995,46502.64929636272,52354.94703115715,41167.88405193951
DALYs (Disability-Adjusted Life Years),Lao People's Democratic Republic,Both,Age-standardized,All causes,Rate,1999,71302.49113454246,79183.3425267084,64887.75738000831
DALYs (Disability-Adjusted Life Years),Marshall Islands,Both,Age-standardized,All causes,Rate,1999,56167.66432685654,62028.50549667197,50989.46011724018
DALYs (Disability-Adjusted Life Years),Chile,Both,Age-standardized,All causes,Rate,1996,28554.233210481405,31760.718554349587,25785.253406876796
DALYs (Disability-Adjusted Life Years),Myanmar,Both,Age-standardized,All causes,Rate,2002,65045.20923968714,72376.14230383802,58596.10310830774
DALYs (Disability-Adjusted Life Years),Türkiye,Both,Age-standardized,All causes,Rate,1996,39445.64067259955,43163.12032283282,36025.00096780829
DALYs (Disability-Adjusted Life Years),Kazakhstan,Both,Age-standardized,All causes,Rate,1999,49095.23998962569,52683.15006282504,45801.12453702267
DALYs (Disability-Adjusted Life Years),Hungary,Both,Age-standardized,All causes,Rate,1999,35290.43913312468,38510.3865680262,32563.005529963302
DALYs (Disability-Adjusted Life Years),Papua New Guinea,Both,Age-standardized,All causes,Rate,1997,55140.623699616306,62174.097591686994,48490.90892947748
DALYs (Disability-Adjusted Life Years),Switzerland,Both,Age-standardized,All causes,Rate,2000,22340.80654671101,25616.3338017021,19551.794989089034
DALYs (Disability-Adjusted Life Years),Bahamas,Both,Age-standardized,All causes,Rate,2000,36248.275407082336,39655.46874158314,33294.89996309579
DALYs (Disability-Adjusted Life Years),Suriname,Both,Age-standardized,All causes,Rate,2000,40206.28580322174,43729.91866749343,37111.01522253828
DALYs (Disability-Adjusted Life Years),Pakistan,Both,Age-standardized,All causes,Rate,1997,59875.502494684915,64664.61258424469,55523.96158981825
DALYs (Disability-Adjusted Life Years),Belize,Both,Age-standardized,All causes,Rate,2000,38895.13291411808,42405.40105903786,35945.07392255421
DALYs (Disability-Adjusted Life Years),Iran (Islamic Republic of),Both,Age-standardized,All causes,Rate,2000,35089.76705329197,38495.78720997455,32074.64969279914
DALYs (Disability-Adjusted Life Years),Djibouti,Both,Age-standardized,All causes,Rate,1997,62384.931295393544,72386.46364332242,54118.48183789679
DALYs (Disability-Adjusted Life Years),Switzerland,Both,Age-standardized,All causes,Rate,1999,22530.818513277427,25821.781410495554,19709.245505151273
DALYs (Disability-Adjusted Life Years),Chile,Both,Age-standardized,All causes,Rate,1999,27280.0367715411,30534.230428316423,24594.877751330736
DALYs (Disability-Adjusted Life Years),Bosnia and Herzegovina,Both,Age-standardized,All causes,Rate,1994,36862.752277503794,42685.89837728309,32382.892139983665
DALYs (Disability-Adjusted Life Years),Switzerland,Both,Age-standardized,All causes,Rate,1995,24022.14157480348,27340.896361596246,21211.83661270929
DALYs (Disability-Adjusted Life Years),Dominica,Both,Age-standardized,All causes,Rate,1999,32436.550819035925,35915.1280272085,29356.259480696688
DALYs (Disability-Adjusted Life Years),Qatar,Both,Age-standardized,All causes,Rate,1994,35031.846004488914,39611.97440723478,30823.34521748178
DALYs (Disability-Adjusted Life Years),Cabo Verde,Both,Age-standardized,All causes,Rate,1995,43851.60516977346,48591.094694467196,39508.09679606101
DALYs (Disability-Adjusted Life Years),Montenegro,Both,Age-standardized,All causes,Rate,2000,29860.168897070977,32969.74471252204,27195.762606895314
DALYs (Disability-Adjusted Life Years),Gabon,Both,Age-standardized,All causes,Rate,1997,65831.35967606487,73379.17416186558,58221.54422552449
DALYs (Disability-Adjusted Life Years),Russian Federation,Both,Age-standardized,All causes,Rate,2000,48327.932928677554,51766.766682092544,45411.39337895148
DALYs (Disability-Adjusted Life Years),Rwanda,Both,Age-standardized,All causes,Rate,1997,113679.53878214912,122073.7320147296,104914.8238233253
DALYs (Disability-Adjusted Life Years),Hungary,Both,Age-standardized,All causes,Rate,1996,36263.37701088223,39463.849435653756,33516.735086811976
DALYs (Disability-Adjusted Life Years),Equatorial Guinea,Both,Age-standardized,All causes,Rate,2000,75131.01639741115,87424.8196662392,64500.52952817629
DALYs (Disability-Adjusted Life Years),Lithuania,Both,Age-standardized,All causes,Rate,1996,37456.90201928422,40602.24257634538,34645.87534423029
DALYs (Disability-Adjusted Life Years),Ethiopia,Both,Age-standardized,All causes,Rate,2000,92082.00223466971,98921.438787967,86357.28664536406
DALYs (Disability-Adjusted Life Years),Senegal,Both,Age-standardized,All causes,Rate,2000,64995.59730849718,69660.55174150858,60568.786560243534
DALYs (Disability-Adjusted Life Years),Slovakia,Both,Age-standardized,All causes,Rate,1994,32272.229521083384,35478.99962919202,29513.211852277287
DALYs (Disability-Adjusted Life Years),Georgia,Both,Age-standardized,All causes,Rate,1996,39029.993099278385,42887.39916377843,35943.92478958189
DALYs (Disability-Adjusted Life Years),El Salvador,Both,Age-standardized,All causes,Rate,1997,37755.86475730327,41273.759237463004,34714.76091989156
DALYs (Disability-Adjusted Life Years),Nicaragua,Both,Age-standardized,All causes,Rate,1999,31706.296894785024,35345.36328404983,28691.690086442413
DALYs (Disability-Adjusted Life Years),Thailand,Both,Age-standardized,All causes,Rate,1994,37325.286237908935,40973.80440714855,33761.370568371254
DALYs (Disability-Adjusted Life Years),Georgia,Both,Age-standardized,All causes,Rate,1995,38669.77943054118,42302.403386100465,35718.392026516274
DALYs (Disability-Adjusted Life Years),Eritrea,Both,Age-standardized,All causes,Rate,1998,83631.1378971123,92858.71514809737,74081.54849028928
DALYs (Disability-Adjusted Life Years),Lithuania,Both,Age-standardized,All causes,Rate,1999,34316.20666372524,37542.6656862547,31498.102544200214
DALYs (Disability-Adjusted Life Years),Zambia,Both,Age-standardized,All causes,Rate,1998,119569.94432986448,133010.15122421976,107319.2758399997
DALYs (Disability-Adjusted Life Years),Cyprus,Both,Age-standardized,All causes,Rate,1999,27649.542325483617,30707.965062838783,24807.146695686424
DALYs (Disability-Adjusted Life Years),Egypt,Both,Age-standardized,All causes,Rate,1994,52312.56778367861,55816.952435678104,49210.21625852058
DALYs (Disability-Adjusted Life Years),Ethiopia,Both,Age-standardized,All causes,Rate,1995,100427.5066737357,106199.72480214368,95034.81323257534
DALYs (Disability-Adjusted Life Years),Lebanon,Both,Age-standardized,All causes,Rate,1999,30001.80721323978,34135.0007448957,26699.629449278196
DALYs (Disability-Adjusted Life Years),Cabo Verde,Both,Age-standardized,All causes,Rate,1998,40882.25180417248,46686.04021854299,35694.901636130795
DALYs (Disability-Adjusted Life Years),Sao Tome and Principe,Both,Age-standardized,All causes,Rate,1998,54052.937796562604,59393.0487678922,49347.43701979196
DALYs (Disability-Adjusted Life Years),Iraq,Both,Age-standardized,All causes,Rate,1996,46018.22351294412,51943.979905641514,40739.89603370905
DALYs (Disability-Adjusted Life Years),United Republic of Tanzania,Both,Age-standardized,All causes,Rate,1995,88021.29395376687,97381.73194222148,80321.18084985514
DALYs (Disability-Adjusted Life Years),Austria,Both,Age-standardized,All causes,Rate,2000,23628.111032032077,26809.845757574025,20863.970876342268
DALYs (Disability-Adjusted Life Years),Ethiopia,Both,Age-standardized,All causes,Rate,1996,97805.65710142089,103953.0592041622,92450.09242776298
DALYs (Disability-Adjusted Life Years),Tunisia,Both,Age-standardized,All causes,Rate,2000,31517.660515707146,35695.707742119324,27969.54859586741
DALYs (Disability-Adjusted Life Years),Brazil,Both,Age-standardized,All causes,Rate,2002,36437.76979476311,40182.890527281845,32925.35587734147
DALYs (Disability-Adjusted Life Years),Senegal,Both,Age-standardized,All causes,Rate,1996,68459.0871168653,73647.27148822443,63643.168076891576
DALYs (Disability-Adjusted Life Years),Democratic Republic of the Congo,Both,Age-standardized,All causes,Rate,2000,86689.23500483832,95646.84977135366,79084.06704349989
DALYs (Disability-Adjusted Life Years),Maldives,Both,Age-standardized,All causes,Rate,1997,38104.919495492555,41933.381812963315,34922.10432963504
DALYs (Disability-Adjusted Life Years),Eritrea,Both,Age-standardized,All causes,Rate,2000,82070.30222249239,92103.67991352956,72246.42172504884
DALYs (Disability-Adjusted Life Years),Bulgaria,Both,Age-standardized,All causes,Rate,1997,40955.06583160739,44126.16554278151,38142.282420499076
DALYs (Disability-Adjusted Life Years),Zambia,Both,Age-standardized,All causes,Rate,2000,119828.68870632091,133129.64512923834,108180.86470426305
DALYs (Disability-Adjusted Life Years),Chile,Both,Age-standardized,All causes,Rate,1997,27941.17496216082,31228.716804942535,25213.683995803858
DALYs (Disability-Adjusted Life Years),Cabo Verde,Both,Age-standardized,All causes,Rate,2000,39816.472878731875,45689.62607107059,34522.228193040006
DALYs (Disability-Adjusted Life Years),Syrian Arab Republic,Both,Age-standardized,All causes,Rate,1997,37523.521876968145,42346.51864131126,33226.68347430565
DALYs (Disability-Adjusted Life Years),Uganda,Both,Age-standardized,All causes,Rate,1997,105165.93985294166,114661.86893452748,95856.72273030071
DALYs (Disability-Adjusted Life Years),Jordan,Both,Age-standardized,All causes,Rate,1998,33506.77107946477,37772.60184342794,29398.507788322026
DALYs (Disability-Adjusted Life Years),Tunisia,Both,Age-standardized,All causes,Rate,1995,34382.36024430418,38164.69677718728,31175.964060028793
DALYs (Disability-Adjusted Life Years),Eritrea,Both,Age-standardized,All causes,Rate,1995,88547.88144580914,97961.2569236006,79923.68758968858
DALYs (Disability-Adjusted Life Years),Bangladesh,Both,Age-standardized,All causes,Rate,2002,50239.24649254087,55165.59896387681,46283.37778800696
DALYs (Disability-Adjusted Life Years),Eswatini,Both,Age-standardized,All causes,Rate,2000,107582.97925325007,128200.59628692895,90062.78772118667
DALYs (Disability-Adjusted Life Years),Greece,Both,Age-standardized,All causes,Rate,1996,24460.387128251674,27778.536349337497,21651.264025450495
DALYs (Disability-Adjusted Life Years),Guinea-Bissau,Both,Age-standardized,All causes,Rate,2000,92996.15602046461,103454.54328027071,82912.68650010171
DALYs (Disability-Adjusted Life Years),Switzerland,Both,Age-standardized,All causes,Rate,1996,23493.21645403158,26832.7040719212,20607.504479752086
DALYs (Disability-Adjusted Life Years),Suriname,Both,Age-standardized,All causes,Rate,1996,38879.37440248704,42519.12911110593,35632.27781099003
DALYs (Disability-Adjusted Life Years),Guam,Both,Age-standardized,All causes,Rate,2000,25789.875858144816,28784.350901221016,23307.160839210766
DALYs (Disability-Adjusted Life Years),Palau,Both,Age-standardized,All causes,Rate,2000,43227.713459860664,49167.37244719886,37788.827062230106
DALYs (Disability-Adjusted Life Years),Eritrea,Both,Age-standardized,All causes,Rate,1996,86241.73842566276,95461.00485718582,77123.85585000385
DALYs (Disability-Adjusted Life Years),Zambia,Both,Age-standardized,All causes,Rate,1996,116537.31693979807,130043.95749803827,104781.04569718885
DALYs (Disability-Adjusted Life Years),Guyana,Both,Age-standardized,All causes,Rate,1999,50503.132711105034,54931.27864835558,46403.09603238236
DALYs (Disability-Adjusted Life Years),Sao Tome and Principe,Both,Age-standardized,All causes,Rate,1996,54904.64964166799,60183.076695625816,49987.29170298174
DALYs (Disability-Adjusted Life Years),Algeria,Both,Age-standardized,All causes,Rate,1999,35614.028577495104,39190.334398024315,32298.781395082544
DALYs (Disability-Adjusted Life Years),Ukraine,Both,Age-standardized,All causes,Rate,1997,43163.24329734769,46484.8104566021,40316.61761319222
DALYs (Disability-Adjusted Life Years),Sudan,Both,Age-standardized,All causes,Rate,1998,62151.909776913184,69387.44866616675,55858.34707380574
DALYs (Disability-Adjusted Life Years),Latvia,Both,Age-standardized,All causes,Rate,1999,37665.46683421228,41026.77560003425,34828.513927587104
DALYs (Disability-Adjusted Life Years),Austria,Both,Age-standardized,All causes,Rate,1997,24695.92959559742,27971.086772214494,22013.064397761
DALYs (Disability-Adjusted Life Years),Bangladesh,Both,Age-standardized,All causes,Rate,2000,52320.20499232504,57270.30132351077,48520.73323337574
DALYs (Disability-Adjusted Life Years),Nauru,Both,Age-standardized,All causes,Rate,1999,70129.00301967608,77748.65755986994,62665.50042803062
DALYs (Disability-Adjusted Life Years),Türkiye,Both,Age-standardized,All causes,Rate,1995,40632.68316863206,44488.620077559885,37162.95729347503
DALYs (Disability-Adjusted Life Years),Zimbabwe,Both,Age-standardized,All causes,Rate,1997,96977.64682874898,116162.16189975032,79904.83106853052
DALYs (Disability-Adjusted Life Years),Montenegro,Both,Age-standardized,All causes,Rate,1996,28684.87745677872,31720.950497543578,26165.805691485162
DALYs (Disability-Adjusted Life Years),Sao Tome and Principe,Both,Age-standardized,All causes,Rate,1997,54529.63494541154,59996.37298884593,49613.16808271344
DALYs (Disability-Adjusted Life Years),Mongolia,Both,Age-standardized,All causes,Rate,1997,57402.675086856245,62590.04438257152,53006.954471148514
DALYs (Disability-Adjusted Life Years),Latvia,Both,Age-standardized,All causes,Rate,1996,40173.22735228013,43240.21914314816,37363.76485783499
DALYs (Disability-Adjusted Life Years),Marshall Islands,Both,Age-standardized,All causes,Rate,1995,54815.411822742,59031.30835201338,50778.96202710226
DALYs (Disability-Adjusted Life Years),Micronesia (Federated States of),Both,Age-standardized,All causes,Rate,1998,51270.264125285335,59038.74369203258,45022.39668535662
DALYs (Disability-Adjusted Life Years),Niger,Both,Age-standardized,All causes,Rate,1996,99048.65398422892,107049.4994252293,91406.89570900297
DALYs (Disability-Adjusted Life Years),Kazakhstan,Both,Age-standardized,All causes,Rate,1995,52888.60381771236,56782.024533974254,49552.36845179363
DALYs (Disability-Adjusted Life Years),Indonesia,Both,Age-standardized,All causes,Rate,1997,45896.439680285825,49366.83871261379,42600.93314492148
DALYs (Disability-Adjusted Life Years),Lithuania,Both,Age-standardized,All causes,Rate,1995,39896.630837198856,43331.03125776869,37150.15054426701
DALYs (Disability-Adjusted Life Years),Kiribati,Both,Age-standardized,All causes,Rate,1997,64138.99879234799,71534.28799764943,57737.3454986442
DALYs (Disability-Adjusted Life Years),Nauru,Both,Age-standardized,All causes,Rate,1996,66615.22042224083,75037.04323429335,59206.61923174757
DALYs (Disability-Adjusted Life Years),Italy,Both,Age-standardized,All causes,Rate,1997,23695.00421654111,27009.698725778784,20876.556877628776
DALYs (Disability-Adjusted Life Years),Nauru,Both,Age-standardized,All causes,Rate,1995,65115.0815081334,73787.54367399182,57461.78092240373
DALYs (Disability-Adjusted Life Years),Ireland,Both,Age-standardized,All causes,Rate,1995,27289.59380155854,30694.126610337324,24497.94523638031
DALYs (Disability-Adjusted Life Years),Ireland,Both,Age-standardized,All causes,Rate,1996,26960.78536708587,30345.855648058594,24194.366644221605
DALYs (Disability-Adjusted Life Years),Mongolia,Both,Age-standardized,All causes,Rate,1998,55626.89654828661,60208.86784637648,51684.88810080738
DALYs (Disability-Adjusted Life Years),United Arab Emirates,Both,Age-standardized,All causes,Rate,1996,32218.48384110258,36789.92491531541,28135.521323430545
DALYs (Disability-Adjusted Life Years),United Republic of Tanzania,Both,Age-standardized,All causes,Rate,1996,88647.26744408414,97883.63669443519,80963.94750021005
DALYs (Disability-Adjusted Life Years),Niger,Both,Age-standardized,All causes,Rate,1995,104037.83844732461,112047.72257932882,97052.36222665654
DALYs (Disability-Adjusted Life Years),Malaysia,Both,Age-standardized,All causes,Rate,2000,30656.41333721203,33732.75699356778,28031.169101143383
DALYs (Disability-Adjusted Life Years),Kenya,Both,Age-standardized,All causes,Rate,1996,74860.46043746568,84951.21758586228,65981.96914137783
DALYs (Disability-Adjusted Life Years),North Macedonia,Both,Age-standardized,All causes,Rate,2000,36190.77201892039,39266.68478872646,33378.776685731405
DALYs (Disability-Adjusted Life Years),Bulgaria,Both,Age-standardized,All causes,Rate,1998,39508.685214177785,42978.08454678671,36877.82687458204
DALYs (Disability-Adjusted Life Years),Seychelles,Both,Age-standardized,All causes,Rate,1993,35252.549484770825,38301.78120669452,32601.344735404764
DALYs (Disability-Adjusted Life Years),Belarus,Both,Age-standardized,All causes,Rate,1998,41243.78898025815,44535.58352210837,38339.00222867505
DALYs (Disability-Adjusted Life Years),Monaco,Both,Age-standardized,All causes,Rate,1996,23357.2330405178,27428.60641876931,19744.002326519418
DALYs (Disability-Adjusted Life Years),Republic of Moldova,Both,Age-standardized,All causes,Rate,2000,40062.31608285869,43220.91139715125,37248.724726305605
DALYs (Disability-Adjusted Life Years),Sao Tome and Principe,Both,Age-standardized,All causes,Rate,2000,51840.950454410064,57169.40146838203,47148.18972817073
DALYs (Disability-Adjusted Life Years),Niger,Both,Age-standardized,All causes,Rate,1994,103172.0342526106,111075.77882315675,96613.38666191178
DALYs (Disability-Adjusted Life Years),Kiribati,Both,Age-standardized,All causes,Rate,1995,65740.05797110376,72494.32593140872,59215.29139414381
DALYs (Disability-Adjusted Life Years),Croatia,Both,Age-standardized,All causes,Rate,1997,30779.277925961396,34341.34781665819,27621.287044225974
DALYs (Disability-Adjusted Life Years),American Samoa,Both,Age-standardized,All causes,Rate,2000,36469.4714386199,39956.10722697361,33318.8623141186
DALYs (Disability-Adjusted Life Years),Northern Mariana Islands,Both,Age-standardized,All causes,Rate,2000,30441.132476487488,34988.335542568944,26558.116307624157
DALYs (Disability-Adjusted Life Years),South Sudan,Both,Age-standardized,All causes,Rate,1995,86712.82442074956,97716.55782358586,76212.69470329508
DALYs (Disability-Adjusted Life Years),Myanmar,Both,Age-standardized,All causes,Rate,2000,67996.97256427065,75468.61848367393,60651.2627367199
DALYs (Disability-Adjusted Life Years),Ecuador,Both,Age-standardized,All causes,Rate,1999,32984.43754508724,36300.12912812859,30289.612310097436
DALYs (Disability-Adjusted Life Years),South Sudan,Both,Age-standardized,All causes,Rate,1996,85497.01000368052,95793.4296690646,75787.08406094146
DALYs (Disability-Adjusted Life Years),Paraguay,Both,Age-standardized,All causes,Rate,1999,30787.692801058598,34884.54892245853,26780.252309392454
DALYs (Disability-Adjusted Life Years),Jordan,Both,Age-standardized,All causes,Rate,2000,32960.54996532633,37235.96349898268,28990.67416418293
DALYs (Disability-Adjusted Life Years),United Arab Emirates,Both,Age-standardized,All causes,Rate,2000,34978.71618571445,39648.74953779066,30956.154957880895
DALYs (Disability-Adjusted Life Years),Iraq,Both,Age-standardized,All causes,Rate,1999,43556.77201087637,49724.9234787589,38222.60971589408
DALYs (Disability-Adjusted Life Years),Lao People's Democratic Republic,Both,Age-standardized,All causes,Rate,2000,69533.70627791736,76764.18322342353,62762.90323611822
DALYs (Disability-Adjusted Life Years),Kazakhstan,Both,Age-standardized,All causes,Rate,2000,50199.29756507717,53721.975570238414,47081.8256122579
DALYs (Disability-Adjusted Life Years),Estonia,Both,Age-standardized,All causes,Rate,1997,37450.61805832176,40767.601806012135,34659.33319153397
DALYs (Disability-Adjusted Life Years),New Zealand,Both,Age-standardized,All causes,Rate,1997,26239.55292562332,29640.20739480071,23237.0856652774
DALYs (Disability-Adjusted Life Years),Australia,Both,Age-standardized,All causes,Rate,1999,23700.253579668257,27065.550689884094,20856.85608408918
DALYs (Disability-Adjusted Life Years),Jordan,Both,Age-standardized,All causes,Rate,1997,33861.22071494383,38281.95517141297,29583.65541753958
DALYs (Disability-Adjusted Life Years),Bermuda,Both,Age-standardized,All causes,Rate,1999,23875.889690694625,27002.594337364204,21275.21534843299
DALYs (Disability-Adjusted Life Years),Lao People's Democratic Republic,Both,Age-standardized,All causes,Rate,1998,73149.46948940464,81237.46479099289,66123.89825909743
DALYs (Disability-Adjusted Life Years),China,Both,Age-standardized,All causes,Rate,2001,34979.892382549275,38070.99682675932,32164.514858865612
DALYs (Disability-Adjusted Life Years),El Salvador,Both,Age-standardized,All causes,Rate,1999,35973.88413330145,39598.35308472933,32972.24443037509
DALYs (Disability-Adjusted Life Years),Angola,Both,Age-standardized,All causes,Rate,2000,89604.45682032793,97320.62763058662,82839.5412807272
DALYs (Disability-Adjusted Life Years),Marshall Islands,Both,Age-standardized,All causes,Rate,2000,57247.53290885704,63384.18016136648,51841.18515354432
DALYs (Disability-Adjusted Life Years),Hungary,Both,Age-standardized,All causes,Rate,2000,33790.642085706975,37040.01482685567,31091.536258210133
DALYs (Disability-Adjusted Life Years),Saudi Arabia,Both,Age-standardized,All causes,Rate,1994,41340.674642152844,47748.0526937189,35311.84281106887
DALYs (Disability-Adjusted Life Years),Zambia,Both,Age-standardized,All causes,Rate,1995,113641.24064766467,126447.66440893394,101863.07490165545
DALYs (Disability-Adjusted Life Years),Lithuania,Both,Age-standardized,All causes,Rate,2000,33760.337980936216,37097.37293911124,30910.12405852168
DALYs (Disability-Adjusted Life Years),Tunisia,Both,Age-standardized,All causes,Rate,1996,33709.63587509154,37483.396507225305,30497.72061219104
DALYs (Disability-Adjusted Life Years),Nepal,Both,Age-standardized,All causes,Rate,1994,64099.11253969621,70262.32871098086,58354.901559117
DALYs (Disability-Adjusted Life Years),New Zealand,Both,Age-standardized,All causes,Rate,2000,24851.764645689967,28233.60152959955,21954.099317336008
DALYs (Disability-Adjusted Life Years),Ireland,Both,Age-standardized,All causes,Rate,2000,25935.65429974844,29241.063431004553,23162.840829563775
DALYs (Disability-Adjusted Life Years),Nauru,Both,Age-standardized,All causes,Rate,1994,63654.69811965027,72306.34091022989,56339.4092550987
DALYs (Disability-Adjusted Life Years),Puerto Rico,Both,Age-standardized,All causes,Rate,1997,29512.564521239045,32779.532133594235,26795.950143803617
DALYs (Disability-Adjusted Life Years),Kenya,Both,Age-standardized,All causes,Rate,2000,79647.35312702548,88860.09328040035,71336.4881256889
DALYs (Disability-Adjusted Life Years),South Sudan,Both,Age-standardized,All causes,Rate,1994,87737.22451095642,98716.64897659642,76811.14373009604
DALYs (Disability-Adjusted Life Years),Tajikistan,Both,Age-standardized,All causes,Rate,1998,48738.24131217249,53124.53884091053,45016.76626846987
DALYs (Disability-Adjusted Life Years),Botswana,Both,Age-standardized,All causes,Rate,2000,109072.36357292696,130360.35316968377,90245.03744052263
DALYs (Disability-Adjusted Life Years),Canada,Both,Age-standardized,All causes,Rate,2002,22141.84123270316,25256.795133823816,19461.311063913083
DALYs (Disability-Adjusted Life Years),Türkiye,Both,Age-standardized,All causes,Rate,1999,37185.240385566656,40933.343424508465,33730.93459061427
DALYs (Disability-Adjusted Life Years),Guyana,Both,Age-standardized,All causes,Rate,1998,51879.742740452864,56538.23577369242,47808.03304396934
DALYs (Disability-Adjusted Life Years),Panama,Both,Age-standardized,All causes,Rate,1998,27962.256735724644,31176.20500967566,25137.74266387953
DALYs (Disability-Adjusted Life Years),Indonesia,Both,Age-standardized,All causes,Rate,2001,43887.71706931694,47417.80726509474,40579.71208077431
DALYs (Disability-Adjusted Life Years),Ethiopia,Both,Age-standardized,All causes,Rate,1999,93584.84978533699,108005.16032985356,86345.0230553887
DALYs (Disability-Adjusted Life Years),Saint Kitts and Nevis,Both,Age-standardized,All causes,Rate,1998,38584.06846286123,42451.8599496741,35190.63391777626
DALYs (Disability-Adjusted Life Years),Saudi Arabia,Both,Age-standardized,All causes,Rate,1999,38494.971029532986,43709.2700424903,34277.263699753385
DALYs (Disability-Adjusted Life Years),Nepal,Both,Age-standardized,All causes,Rate,1999,54116.41254090256,59859.50621762402,49639.75549429202
DALYs (Disability-Adjusted Life Years),Hungary,Both,Age-standardized,All causes,Rate,1995,37880.83952829833,41189.32526470116,35101.281915594554
DALYs (Disability-Adjusted Life Years),Kazakhstan,Both,Age-standardized,All causes,Rate,1996,52778.11320669978,56547.4453523763,49368.19275946602
DALYs (Disability-Adjusted Life Years),Barbados,Both,Age-standardized,All causes,Rate,1999,29581.357524184703,32724.90346842908,26824.487080953462
DALYs (Disability-Adjusted Life Years),Trinidad and Tobago,Both,Age-standardized,All causes,Rate,1999,38742.93209114983,41892.07190973109,35832.46960796389
DALYs (Disability-Adjusted Life Years),Marshall Islands,Both,Age-standardized,All causes,Rate,1997,55540.37984736147,61041.66162592073,50965.735651447365
DALYs (Disability-Adjusted Life Years),Russian Federation,Both,Age-standardized,All causes,Rate,1996,47113.521341405605,50514.663418381526,44239.62484610125
DALYs (Disability-Adjusted Life Years),Kazakhstan,Both,Age-standardized,All causes,Rate,1997,52057.19359515618,55840.70640046509,48716.10352128063
DALYs (Disability-Adjusted Life Years),Iraq,Both,Age-standardized,All causes,Rate,1997,45531.581081579636,51378.902138854544,40167.65640200893
DALYs (Disability-Adjusted Life Years),Zimbabwe,Both,Age-standardized,All causes,Rate,1993,74229.21088912273,89145.06565935438,62758.16172349376
DALYs (Disability-Adjusted Life Years),Timor-Leste,Both,Age-standardized,All causes,Rate,1998,56556.36963029746,61987.9772507304,51633.04792183818
DALYs (Disability-Adjusted Life Years),Niue,Both,Age-standardized,All causes,Rate,1997,41451.762716438934,47121.67354550014,35518.396414101146
DALYs (Disability-Adjusted Life Years),Cabo Verde,Both,Age-standardized,All causes,Rate,1996,41391.624649927195,46565.35566602316,36719.24080065797
DALYs (Disability-Adjusted Life Years),Israel,Both,Age-standardized,All causes,Rate,1996,23693.019198908896,26790.63108798567,21109.304839415432
DALYs (Disability-Adjusted Life Years),Argentina,Both,Age-standardized,All causes,Rate,1996,32054.653394421683,35202.60441894999,29452.85098477367
DALYs (Disability-Adjusted Life Years),Malawi,Both,Age-standardized,All causes,Rate,1999,118601.9995780462,130795.56203237486,106471.54132171301
DALYs (Disability-Adjusted Life Years),Libya,Both,Age-standardized,All causes,Rate,1999,31454.95355305371,34840.39943091673,28328.91347131863
DALYs (Disability-Adjusted Life Years),Bolivia (Plurinational State of),Both,Age-standardized,All causes,Rate,1996,52733.26390541431,57357.05350691331,48638.59789553326
DALYs (Disability-Adjusted Life Years),Equatorial Guinea,Both,Age-standardized,All causes,Rate,1999,78207.78906183917,90065.9882055334,67805.80862131722
DALYs (Disability-Adjusted Life Years),Cambodia,Both,Age-standardized,All causes,Rate,2000,63515.37125852623,68816.13769814397,58434.68555996616
DALYs (Disability-Adjusted Life Years),Gambia,Both,Age-standardized,All causes,Rate,1997,65828.79246587165,73559.83269029911,59247.77652977648
DALYs (Disability-Adjusted Life Years),Taiwan (Province of China),Both,Age-standardized,All causes,Rate,2000,24389.197876268347,26948.812569244794,22115.863398176967
DALYs (Disability-Adjusted Life Years),Eswatini,Both,Age-standardized,All causes,Rate,1999,97121.51336084749,115878.36982298017,81305.895387195
DALYs (Disability-Adjusted Life Years),Romania,Both,Age-standardized,All causes,Rate,1997,39936.12966103195,43109.01256534892,37209.27622016336
DALYs (Disability-Adjusted Life Years),Nauru,Both,Age-standardized,All causes,Rate,1997,68110.99338156501,76053.13927200984,60607.79959710654
DALYs (Disability-Adjusted Life Years),Comoros,Both,Age-standardized,All causes,Rate,1999,61581.47947593323,68642.5548216995,54189.57049973527
DALYs (Disability-Adjusted Life Years),Senegal,Both,Age-standardized,All causes,Rate,1997,68083.45540225181,73082.62822512204,63273.95040472917
DALYs (Disability-Adjusted Life Years),United Republic of Tanzania,Both,Age-standardized,All causes,Rate,1999,87642.97223719962,96114.83654451247,79606.90320136072
DALYs (Disability-Adjusted Life Years),Andorra,Both,Age-standardized,All causes,Rate,2001,20840.715379578174,24606.905672741064,17466.727135089153
DALYs (Disability-Adjusted Life Years),Niue,Both,Age-standardized,All causes,Rate,1995,41061.74001862632,46788.02600611931,35255.25237892399
DALYs (Disability-Adjusted Life Years),Burkina Faso,Both,Age-standardized,All causes,Rate,1999,91271.63498948877,99897.45162357746,83977.07249505153
DALYs (Disability-Adjusted Life Years),Somalia,Both,Age-standardized,All causes,Rate,1999,97522.63280325291,108877.67252067573,86669.92439426125
DALYs (Disability-Adjusted Life Years),Panama,Both,Age-standardized,All causes,Rate,1996,27979.985903443034,31104.306840229736,25368.005997399927
DALYs (Disability-Adjusted Life Years),Lao People's Democratic Republic,Both,Age-standardized,All causes,Rate,1997,74816.14111928314,83127.28454116175,67384.95227821996
DALYs (Disability-Adjusted Life Years),Liberia,Both,Age-standardized,All causes,Rate,1993,104546.28016510498,113025.02616214096,96450.21600765469
DALYs (Disability-Adjusted Life Years),Niger,Both,Age-standardized,All causes,Rate,1997,96942.28889526022,104420.51472150449,89534.31103061397
DALYs (Disability-Adjusted Life Years),Georgia,Both,Age-standardized,All causes,Rate,1997,38986.44878086855,43632.51659310046,35516.33461925127
DALYs (Disability-Adjusted Life Years),Samoa,Both,Age-standardized,All causes,Rate,1997,38873.37998393607,44255.261737195215,34093.66399204827
DALYs (Disability-Adjusted Life Years),Trinidad and Tobago,Both,Age-standardized,All causes,Rate,1998,38578.66454689682,41865.63366981202,35491.00013028172
DALYs (Disability-Adjusted Life Years),Russian Federation,Both,Age-standardized,All causes,Rate,1997,44593.90255361332,48053.790653454795,41695.373061797814
DALYs (Disability-Adjusted Life Years),Nicaragua,Both,Age-standardized,All causes,Rate,1998,36952.766768078385,40663.6992555012,33835.491753153634
DALYs (Disability-Adjusted Life Years),Grenada,Both,Age-standardized,All causes,Rate,1997,35315.943752865955,38841.071168680486,31923.201410025966
DALYs (Disability-Adjusted Life Years),United Republic of Tanzania,Both,Age-standardized,All causes,Rate,1998,88805.0217279179,97852.23065683668,80588.45202148019
DALYs (Disability-Adjusted Life Years),Timor-Leste,Both,Age-standardized,All causes,Rate,1999,70941.82255031123,76753.17134462105,65768.05734282538
DALYs (Disability-Adjusted Life Years),Brazil,Both,Age-standardized,All causes,Rate,2003,36078.833807001894,39898.244396482114,32620.392936350585
DALYs (Disability-Adjusted Life Years),Luxembourg,Both,Age-standardized,All causes,Rate,1997,25167.429954109117,28453.6670146421,22338.78263503797
DALYs (Disability-Adjusted Life Years),Albania,Both,Age-standardized,All causes,Rate,1999,30198.654017094355,33439.42840779659,27432.632111700637
DALYs (Disability-Adjusted Life Years),Suriname,Both,Age-standardized,All causes,Rate,1997,38702.98401763796,42274.39376699098,35423.57727023642
DALYs (Disability-Adjusted Life Years),Montenegro,Both,Age-standardized,All causes,Rate,1999,30024.440274106622,33309.711823993624,27349.228538700154
DALYs (Disability-Adjusted Life Years),Tunisia,Both,Age-standardized,All causes,Rate,1997,33029.37716629963,36941.29364159548,29995.148992956423
DALYs (Disability-Adjusted Life Years),Tuvalu,Both,Age-standardized,All causes,Rate,1999,53424.02531191025,59963.296806457445,47592.12045353997
DALYs (Disability-Adjusted Life Years),Colombia,Both,Age-standardized,All causes,Rate,1998,33240.7747887709,36632.94987045998,30447.43550097354
DALYs (Disability-Adjusted Life Years),Argentina,Both,Age-standardized,All causes,Rate,1998,31629.549317631667,34709.56551568548,28952.030733912594
DALYs (Disability-Adjusted Life Years),Poland,Both,Age-standardized,All causes,Rate,1998,31493.061125068256,34687.69173862186,28714.525661535085
DALYs (Disability-Adjusted Life Years),Cuba,Both,Age-standardized,All causes,Rate,1998,26651.22427560597,29762.326697077402,23988.785660271413
DALYs (Disability-Adjusted Life Years),Kazakhstan,Both,Age-standardized,All causes,Rate,1998,50510.825797212434,53980.597438305966,47393.17785362907
DALYs (Disability-Adjusted Life Years),Marshall Islands,Both,Age-standardized,All causes,Rate,1998,55828.4992951968,61550.82298684379,51125.82401827475
DALYs (Disability-Adjusted Life Years),Kyrgyzstan,Both,Age-standardized,All causes,Rate,2001,44311.13104166468,47957.11701952743,41116.967515604716
DALYs (Disability-Adjusted Life Years),Bangladesh,Both,Age-standardized,All causes,Rate,2003,49186.80017766585,53720.42191304128,45274.82594461729
DALYs (Disability-Adjusted Life Years),North Macedonia,Both,Age-standardized,All causes,Rate,2001,36401.7988372374,39454.77639768474,33645.91155081135
DALYs (Disability-Adjusted Life Years),Romania,Both,Age-standardized,All causes,Rate,1998,38273.86929542964,41467.63423546408,35557.05834958172
DALYs (Disability-Adjusted Life Years),Russian Federation,Both,Age-standardized,All causes,Rate,2001,48498.50318882162,51947.34693457399,45625.39311763631
DALYs (Disability-Adjusted Life Years),Malaysia,Both,Age-standardized,All causes,Rate,2001,29786.892616437344,32894.0555371879,27196.50585030079
DALYs (Disability-Adjusted Life Years),Micronesia (Federated States of),Both,Age-standardized,All causes,Rate,2001,49756.6674389003,56568.03643793241,43983.1486876749
DALYs (Disability-Adjusted Life Years),Venezuela (Bolivarian Republic of),Both,Age-standardized,All causes,Rate,1996,33212.57291507464,36439.13401593976,30509.036920747734
DALYs (Disability-Adjusted Life Years),Israel,Both,Age-standardized,All causes,Rate,1997,23479.182395704996,26579.00949495966,20918.20358265297
DALYs (Disability-Adjusted Life Years),Niger,Both,Age-standardized,All causes,Rate,1999,93477.48774537804,100570.59793655903,85772.37129270221
DALYs (Disability-Adjusted Life Years),Namibia,Both,Age-standardized,All causes,Rate,1999,78967.47623345126,90093.76615576979,70728.43413484236
DALYs (Disability-Adjusted Life Years),Afghanistan,Both,Age-standardized,All causes,Rate,2001,87559.55448682567,98681.47727257827,78243.05854330127
DALYs (Disability-Adjusted Life Years),Panama,Both,Age-standardized,All causes,Rate,2000,26711.049254092668,29802.893965886135,24003.16030944362
DALYs (Disability-Adjusted Life Years),Equatorial Guinea,Both,Age-standardized,All causes,Rate,2001,71192.05222525775,82418.94293013387,61320.8621610569
DALYs (Disability-Adjusted Life Years),Colombia,Both,Age-standardized,All causes,Rate,2000,32843.2746605694,36157.310623421334,30224.981419106618
DALYs (Disability-Adjusted Life Years),Myanmar,Both,Age-standardized,All causes,Rate,2001,66538.28647177029,73789.49305812047,59508.03683322152
DALYs (Disability-Adjusted Life Years),Mozambique,Both,Age-standardized,All causes,Rate,2001,90332.94120544271,98288.21896279532,83733.80773648225
DALYs (Disability-Adjusted Life Years),Brunei Darussalam,Both,Age-standardized,All causes,Rate,1998,29646.715594379315,32838.02500284859,26899.23076798596
DALYs (Disability-Adjusted Life Years),Gambia,Both,Age-standardized,All causes,Rate,1998,64477.86122054363,71870.46635098415,58038.2273227904
DALYs (Disability-Adjusted Life Years),Ghana,Both,Age-standardized,All causes,Rate,2000,65912.76975902409,72991.29009457353,59944.50678173906
DALYs (Disability-Adjusted Life Years),Eswatini,Both,Age-standardized,All causes,Rate,2001,117430.02479748905,139145.16891414468,98940.52246834073
DALYs (Disability-Adjusted Life Years),Guinea-Bissau,Both,Age-standardized,All causes,Rate,2001,91572.59284311399,101729.74837573277,81912.30347820006
DALYs (Disability-Adjusted Life Years),Cook Islands,Both,Age-standardized,All causes,Rate,2000,32288.186800085517,36236.948809848516,29003.817190814298
DALYs (Disability-Adjusted Life Years),Yemen,Both,Age-standardized,All causes,Rate,1996,63439.866838278125,71733.99858028333,55937.55618991383
DALYs (Disability-Adjusted Life Years),Central African Republic,Both,Age-standardized,All causes,Rate,1996,128046.60127196668,142321.72658102438,114562.41001810224
DALYs (Disability-Adjusted Life Years),Benin,Both,Age-standardized,All causes,Rate,1994,75595.23607283925,82080.12559913298,70238.82533561063
DALYs (Disability-Adjusted Life Years),Cameroon,Both,Age-standardized,All causes,Rate,1996,76922.33186495015,83576.49783975001,70948.27535634345
DALYs (Disability-Adjusted Life Years),Ireland,Both,Age-standardized,All causes,Rate,1997,26767.16826349834,30084.408788012497,24023.777678457147
DALYs (Disability-Adjusted Life Years),Armenia,Both,Age-standardized,All causes,Rate,1999,34528.304529502624,37702.32655960598,31840.866931656787
DALYs (Disability-Adjusted Life Years),Ghana,Both,Age-standardized,All causes,Rate,1997,66406.62254651001,73838.83462780363,60278.810027134314
DALYs (Disability-Adjusted Life Years),Poland,Both,Age-standardized,All causes,Rate,1997,32190.206916543117,35355.959901965274,29449.427883686007
DALYs (Disability-Adjusted Life Years),Luxembourg,Both,Age-standardized,All causes,Rate,1998,24789.73300870763,28103.218495223136,22050.455104958226
DALYs (Disability-Adjusted Life Years),Uruguay,Both,Age-standardized,All causes,Rate,1998,30386.860609421063,33430.89207338849,27786.96919217673
DALYs (Disability-Adjusted Life Years),Peru,Both,Age-standardized,All causes,Rate,1998,34876.561824154865,38384.56169362076,31584.123475592696
DALYs (Disability-Adjusted Life Years),United States of America,Both,Age-standardized,All causes,Rate,2002,27173.51474166232,30576.89315715638,24224.180167684524
DALYs (Disability-Adjusted Life Years),Finland,Both,Age-standardized,All causes,Rate,1994,25951.861712009333,29221.257722952843,23102.95881801148
DALYs (Disability-Adjusted Life Years),Belgium,Both,Age-standardized,All causes,Rate,1997,24932.99630754998,28221.429405925403,22212.658626586774
DALYs (Disability-Adjusted Life Years),Marshall Islands,Both,Age-standardized,All causes,Rate,1996,55069.7188930726,59927.16239621367,50592.210326024455
DALYs (Disability-Adjusted Life Years),Philippines,Both,Age-standardized,All causes,Rate,2000,37971.48024702159,41469.40527314141,34728.88968335768
DALYs (Disability-Adjusted Life Years),Guinea,Both,Age-standardized,All causes,Rate,1993,87217.87154343716,94767.54041511315,80875.5312671292
DALYs (Disability-Adjusted Life Years),Solomon Islands,Both,Age-standardized,All causes,Rate,2000,53786.18168248788,62681.19963054133,46331.205980718056
DALYs (Disability-Adjusted Life Years),Georgia,Both,Age-standardized,All causes,Rate,2000,37891.12448514796,41667.72827554617,34806.12790377334
DALYs (Disability-Adjusted Life Years),Australia,Both,Age-standardized,All causes,Rate,2000,23309.717186572856,26642.831027141056,20417.93059465715
DALYs (Disability-Adjusted Life Years),Iceland,Both,Age-standardized,All causes,Rate,2000,21157.544847834582,24410.542648112652,18516.38753415022
DALYs (Disability-Adjusted Life Years),Latvia,Both,Age-standardized,All causes,Rate,2000,36666.522448824755,40111.104367827546,33895.962996200156
DALYs (Disability-Adjusted Life Years),Belgium,Both,Age-standardized,All causes,Rate,1998,24752.774261702805,28066.689540972497,21958.02720454212
DALYs (Disability-Adjusted Life Years),Malta,Both,Age-standardized,All causes,Rate,1998,22967.19439336055,25978.90167896113,20335.76629603473
DALYs (Disability-Adjusted Life Years),Grenada,Both,Age-standardized,All causes,Rate,1998,34957.817857257636,38453.07003991462,31977.701423637085
DALYs (Disability-Adjusted Life Years),Austria,Both,Age-standardized,All causes,Rate,1999,24022.76312470612,27250.891147907896,21288.827667690817
DALYs (Disability-Adjusted Life Years),Chad,Both,Age-standardized,All causes,Rate,2001,89622.73239183665,98187.94477955424,82032.00532319058
DALYs (Disability-Adjusted Life Years),Timor-Leste,Both,Age-standardized,All causes,Rate,2000,51979.13959423088,57128.889615603606,47287.027492971276
DALYs (Disability-Adjusted Life Years),Mauritius,Both,Age-standardized,All causes,Rate,1999,34156.88811415778,37578.21651240058,31242.346567920333
DALYs (Disability-Adjusted Life Years),Malawi,Both,Age-standardized,All causes,Rate,1997,118956.43428484086,131872.04205562128,107617.37330473315
DALYs (Disability-Adjusted Life Years),South Africa,Both,Age-standardized,All causes,Rate,1999,69608.38949558492,73998.45169372219,66098.46405484472
DALYs (Disability-Adjusted Life Years),Niue,Both,Age-standardized,All causes,Rate,2000,40995.12592713792,46747.47514966326,35323.124474440934
DALYs (Disability-Adjusted Life Years),Puerto Rico,Both,Age-standardized,All causes,Rate,1999,28131.44328672962,31470.2003616884,25377.07622633244
DALYs (Disability-Adjusted Life Years),Argentina,Both,Age-standardized,All causes,Rate,1997,31685.47844686786,34793.22693578561,29026.964125384675
DALYs (Disability-Adjusted Life Years),Venezuela (Bolivarian Republic of),Both,Age-standardized,All causes,Rate,1997,32078.783624510434,35314.97070780984,29313.774522477666
DALYs (Disability-Adjusted Life Years),Bolivia (Plurinational State of),Both,Age-standardized,All causes,Rate,1997,51640.13491386936,56203.02592385302,47678.706070661145
DALYs (Disability-Adjusted Life Years),Serbia,Both,Age-standardized,All causes,Rate,2001,34183.94341529207,37239.04225677751,31667.098545815727
DALYs (Disability-Adjusted Life Years),Guam,Both,Age-standardized,All causes,Rate,2001,25469.248869768955,28485.531641092093,23070.77661615158
DALYs (Disability-Adjusted Life Years),Palau,Both,Age-standardized,All causes,Rate,2001,43072.41103926838,48951.026792151686,37846.87374302205
DALYs (Disability-Adjusted Life Years),Barbados,Both,Age-standardized,All causes,Rate,2000,29514.819856365553,32768.6138322726,26768.076237878802
DALYs (Disability-Adjusted Life Years),Jordan,Both,Age-standardized,All causes,Rate,2001,32812.43690611015,37021.69751776828,29028.585367757587
DALYs (Disability-Adjusted Life Years),Lesotho,Both,Age-standardized,All causes,Rate,1997,80997.9878517714,94418.89553349992,70067.02802701163
DALYs (Disability-Adjusted Life Years),United Arab Emirates,Both,Age-standardized,All causes,Rate,2001,35386.761216731604,39771.521212575804,31236.963903354314
DALYs (Disability-Adjusted Life Years),Angola,Both,Age-standardized,All causes,Rate,2001,87260.6137948158,94821.41807961864,80534.1757924401
DALYs (Disability-Adjusted Life Years),United Kingdom,Both,Age-standardized,All causes,Rate,2000,24562.751614250737,27899.48571104647,21748.984518210702
DALYs (Disability-Adjusted Life Years),Kenya,Both,Age-standardized,All causes,Rate,2001,79347.20431895822,87932.12590254746,71466.50586279383
DALYs (Disability-Adjusted Life Years),Haiti,Both,Age-standardized,All causes,Rate,1994,84288.655775169,92493.24630135269,76466.49433983072
DALYs (Disability-Adjusted Life Years),Yemen,Both,Age-standardized,All causes,Rate,2000,57811.171641500005,66337.37473493884,50233.00060591716
DALYs (Disability-Adjusted Life Years),Germany,Both,Age-standardized,All causes,Rate,1994,26364.06739361063,29691.690931749414,23574.60955737004
DALYs (Disability-Adjusted Life Years),Vanuatu,Both,Age-standardized,All causes,Rate,1998,50491.40636502479,58258.40299839762,44077.86025784575
DALYs (Disability-Adjusted Life Years),Syrian Arab Republic,Both,Age-standardized,All causes,Rate,1994,39505.05392870451,44926.320386266896,35104.15729931448
DALYs (Disability-Adjusted Life Years),Togo,Both,Age-standardized,All causes,Rate,1998,75573.63913730213,82646.23064971359,68591.15083188404
DALYs (Disability-Adjusted Life Years),South Sudan,Both,Age-standardized,All causes,Rate,1999,84729.31662949997,96096.55104765507,75161.25053649086
DALYs (Disability-Adjusted Life Years),Yemen,Both,Age-standardized,All causes,Rate,1997,62083.24870611908,70086.83515017956,54588.94119990223
DALYs (Disability-Adjusted Life Years),Morocco,Both,Age-standardized,All causes,Rate,1998,41258.29073274351,46160.04365801427,36966.809693589355
DALYs (Disability-Adjusted Life Years),Thailand,Both,Age-standardized,All causes,Rate,1998,36332.40757383566,41253.33629455419,32019.90807192785
DALYs (Disability-Adjusted Life Years),Jamaica,Both,Age-standardized,All causes,Rate,1994,29418.568620897906,33761.2709301179,26075.781914860076
DALYs (Disability-Adjusted Life Years),Democratic People's Republic of Korea,Both,Age-standardized,All causes,Rate,2001,58593.53718058554,96212.83913705418,40986.016504351035
DALYs (Disability-Adjusted Life Years),Cameroon,Both,Age-standardized,All causes,Rate,1995,75728.46010202212,82177.8747813084,69943.44122622152
DALYs (Disability-Adjusted Life Years),Maldives,Both,Age-standardized,All causes,Rate,2001,32509.35113359571,36290.33343962889,29673.10537187051
DALYs (Disability-Adjusted Life Years),Tajikistan,Both,Age-standardized,All causes,Rate,1999,47065.331157922556,50964.682036673636,43414.52541268903
DALYs (Disability-Adjusted Life Years),Congo,Both,Age-standardized,All causes,Rate,1997,110961.78479307545,122710.47920933457,101257.57231712218
DALYs (Disability-Adjusted Life Years),North Macedonia,Both,Age-standardized,All causes,Rate,1999,37103.35946686515,40289.109931061255,34285.02992895279
DALYs (Disability-Adjusted Life Years),Ukraine,Both,Age-standardized,All causes,Rate,1999,42451.019433061614,45839.38681916058,39592.78109365376
DALYs (Disability-Adjusted Life Years),Kuwait,Both,Age-standardized,All causes,Rate,2000,25201.105657782646,28441.38131220945,22525.609743566187
DALYs (Disability-Adjusted Life Years),Madagascar,Both,Age-standardized,All causes,Rate,2000,68034.69159537704,74799.10101766376,62101.59737051102
DALYs (Disability-Adjusted Life Years),Micronesia (Federated States of),Both,Age-standardized,All causes,Rate,1999,50787.1603352408,58033.088879832794,44668.84804372432
DALYs (Disability-Adjusted Life Years),Niue,Both,Age-standardized,All causes,Rate,1999,43489.91662128651,49140.23566146015,37697.294394314595
DALYs (Disability-Adjusted Life Years),Lesotho,Both,Age-standardized,All causes,Rate,2000,103872.9266144711,119406.44391752471,89826.59228627059
DALYs (Disability-Adjusted Life Years),Gambia,Both,Age-standardized,All causes,Rate,2000,63586.79519403969,70541.04322474748,57443.97096145377
DALYs (Disability-Adjusted Life Years),Suriname,Both,Age-standardized,All causes,Rate,1999,39784.11423797343,43348.34324824895,36747.94168994411
DALYs (Disability-Adjusted Life Years),Belarus,Both,Age-standardized,All causes,Rate,1994,39730.034358062105,42907.32724986296,36968.74836087835
DALYs (Disability-Adjusted Life Years),Togo,Both,Age-standardized,All causes,Rate,2000,75461.36290211618,83303.18931562305,68473.99052907538
DALYs (Disability-Adjusted Life Years),Uzbekistan,Both,Age-standardized,All causes,Rate,2001,41077.513496687316,44494.8283212097,37888.63108697903
DALYs (Disability-Adjusted Life Years),Japan,Both,Age-standardized,All causes,Rate,2001,19055.73538756544,21855.886950823195,16643.810532926982
DALYs (Disability-Adjusted Life Years),Bermuda,Both,Age-standardized,All causes,Rate,2000,24166.956324346284,27227.619161613493,21494.61485885585
DALYs (Disability-Adjusted Life Years),Cyprus,Both,Age-standardized,All causes,Rate,2001,26471.29581147837,29606.247701469023,23703.877541400394
DALYs (Disability-Adjusted Life Years),Saint Kitts and Nevis,Both,Age-standardized,All causes,Rate,2000,35905.596182077636,39594.28078005043,32411.603027080848
DALYs (Disability-Adjusted Life Years),Mongolia,Both,Age-standardized,All causes,Rate,2001,52521.83920541039,56807.300692474,48635.476130975025
DALYs (Disability-Adjusted Life Years),Central African Republic,Both,Age-standardized,All causes,Rate,2000,129001.26719243026,143614.4131014605,114763.01775013423
DALYs (Disability-Adjusted Life Years),Algeria,Both,Age-standardized,All causes,Rate,2001,34798.203679384234,38752.22984928817,31201.018119206314
DALYs (Disability-Adjusted Life Years),Turkmenistan,Both,Age-standardized,All causes,Rate,1999,47790.22954042419,51510.020193307995,44894.0181838061
DALYs (Disability-Adjusted Life Years),Botswana,Both,Age-standardized,All causes,Rate,2001,111954.38384749158,132862.63127704058,93643.19411494219
DALYs (Disability-Adjusted Life Years),Montenegro,Both,Age-standardized,All causes,Rate,2001,29749.212409160664,32979.00779993059,27129.924245030612
DALYs (Disability-Adjusted Life Years),Italy,Both,Age-standardized,All causes,Rate,2001,22114.436983250864,25435.05830662025,19321.571169833747
DALYs (Disability-Adjusted Life Years),Chile,Both,Age-standardized,All causes,Rate,2001,26562.770244636256,29820.913558465978,23772.59290793725
DALYs (Disability-Adjusted Life Years),Norway,Both,Age-standardized,All causes,Rate,1998,23555.111199542014,26769.67698211068,20741.394485186196
DALYs (Disability-Adjusted Life Years),Malaysia,Both,Age-standardized,All causes,Rate,1999,32641.321488947484,35807.22569792677,30063.406072965736
DALYs (Disability-Adjusted Life Years),Canada,Both,Age-standardized,All causes,Rate,2003,21979.071105002942,25100.61261778872,19313.96434136047
DALYs (Disability-Adjusted Life Years),Greenland,Both,Age-standardized,All causes,Rate,1998,43618.976841994736,48039.70237146827,39257.73957520093
DALYs (Disability-Adjusted Life Years),Solomon Islands,Both,Age-standardized,All causes,Rate,1999,54146.41389901184,63014.253159280066,46568.64996360186
DALYs (Disability-Adjusted Life Years),Central African Republic,Both,Age-standardized,All causes,Rate,1997,129462.02636664541,143769.2630565999,116006.36194883494
DALYs (Disability-Adjusted Life Years),Serbia,Both,Age-standardized,All causes,Rate,1998,37090.261114346904,40155.221336380186,34435.018210220966
DALYs (Disability-Adjusted Life Years),Cyprus,Both,Age-standardized,All causes,Rate,1998,28641.576571305137,31618.406367788,25753.26556338656
DALYs (Disability-Adjusted Life Years),Mozambique,Both,Age-standardized,All causes,Rate,1998,89644.47287052048,97818.82851123068,82725.04659183967
DALYs (Disability-Adjusted Life Years),Philippines,Both,Age-standardized,All causes,Rate,1999,37544.485031901204,41060.36335187414,34470.31521635012
DALYs (Disability-Adjusted Life Years),Netherlands,Both,Age-standardized,All causes,Rate,1998,23326.927026868234,26295.275913096484,20765.25546166758
DALYs (Disability-Adjusted Life Years),Netherlands,Both,Age-standardized,All causes,Rate,1999,23300.89241191679,26265.29240741367,20703.778096803442
DALYs (Disability-Adjusted Life Years),Armenia,Both,Age-standardized,All causes,Rate,2000,33657.99720782704,36870.868379698084,31044.61920797933
DALYs (Disability-Adjusted Life Years),Romania,Both,Age-standardized,All causes,Rate,1999,36583.603086840296,39756.28593411736,33864.43675302033
DALYs (Disability-Adjusted Life Years),Puerto Rico,Both,Age-standardized,All causes,Rate,1998,29387.864990386995,32656.31979082846,26616.67144862762
DALYs (Disability-Adjusted Life Years),Albania,Both,Age-standardized,All causes,Rate,2000,29668.75369611498,32967.24506953822,26839.8141073684
DALYs (Disability-Adjusted Life Years),Belgium,Both,Age-standardized,All causes,Rate,2000,24397.014955062717,27655.712503060477,21669.27852462939
DALYs (Disability-Adjusted Life Years),Malta,Both,Age-standardized,All causes,Rate,2000,22480.113681249368,25519.34307433082,19873.03930748568
DALYs (Disability-Adjusted Life Years),Grenada,Both,Age-standardized,All causes,Rate,2000,34271.28928971547,37668.2132271446,31376.880046451875
DALYs (Disability-Adjusted Life Years),Myanmar,Both,Age-standardized,All causes,Rate,1999,69283.0561032388,76693.33624097376,62002.62817431771
DALYs (Disability-Adjusted Life Years),Ghana,Both,Age-standardized,All causes,Rate,1999,65832.36438056086,73125.71384977504,60015.09292028673
DALYs (Disability-Adjusted Life Years),Papua New Guinea,Both,Age-standardized,All causes,Rate,2001,54431.84233596121,61591.922268810915,48116.202273742994
DALYs (Disability-Adjusted Life Years),Dominica,Both,Age-standardized,All causes,Rate,2001,31842.425956972027,35414.26056896248,28833.83055199952
DALYs (Disability-Adjusted Life Years),Ecuador,Both,Age-standardized,All causes,Rate,2001,33286.74369329884,37031.68364910241,30057.993774660154
DALYs (Disability-Adjusted Life Years),Paraguay,Both,Age-standardized,All causes,Rate,2001,30416.224191325044,34244.69292548297,26737.38010620439
DALYs (Disability-Adjusted Life Years),Morocco,Both,Age-standardized,All causes,Rate,2001,39494.63959794463,44541.637654601676,34889.907107710984
DALYs (Disability-Adjusted Life Years),Sri Lanka,Both,Age-standardized,All causes,Rate,2001,32974.25018244437,36138.22639991583,30291.24027069614
DALYs (Disability-Adjusted Life Years),Samoa,Both,Age-standardized,All causes,Rate,2000,38126.79005966358,43666.498927944755,33262.82873304213
DALYs (Disability-Adjusted Life Years),Republic of Moldova,Both,Age-standardized,All causes,Rate,2001,39203.82938373591,42476.09862760293,36455.50423411172
DALYs (Disability-Adjusted Life Years),Austria,Both,Age-standardized,All causes,Rate,2001,23199.140543554524,26427.372404197507,20419.6093383015
DALYs (Disability-Adjusted Life Years),Saint Vincent and the Grenadines,Both,Age-standardized,All causes,Rate,1994,38238.43545618432,41900.25167798418,35166.50861416876
DALYs (Disability-Adjusted Life Years),Luxembourg,Both,Age-standardized,All causes,Rate,2001,23569.700914178957,26865.65844520039,20847.256449801953
DALYs (Disability-Adjusted Life Years),Somalia,Both,Age-standardized,All causes,Rate,2003,92068.56856795584,103983.77314864393,81150.56642525186
DALYs (Disability-Adjusted Life Years),Uruguay,Both,Age-standardized,All causes,Rate,2001,28988.384045612387,32032.979815403796,26487.447678748766
DALYs (Disability-Adjusted Life Years),Costa Rica,Both,Age-standardized,All causes,Rate,1994,26571.755594770984,29748.38056132891,23870.327754264035
DALYs (Disability-Adjusted Life Years),Chad,Both,Age-standardized,All causes,Rate,2004,87207.34032988679,95254.70994107738,80269.68982804232
DALYs (Disability-Adjusted Life Years),Tunisia,Both,Age-standardized,All causes,Rate,2001,31105.0692511533,35248.13116827135,27327.452119469763
DALYs (Disability-Adjusted Life Years),Belgium,Both,Age-standardized,All causes,Rate,1999,24570.41730027448,27853.402930814103,21795.98356549545
DALYs (Disability-Adjusted Life Years),Eritrea,Both,Age-standardized,All causes,Rate,2001,77888.73531124549,88186.38895086377,67684.73698532111
DALYs (Disability-Adjusted Life Years),Malta,Both,Age-standardized,All causes,Rate,1999,22794.36300690219,25841.88934125632,20202.576491323267
DALYs (Disability-Adjusted Life Years),Zambia,Both,Age-standardized,All causes,Rate,2001,120126.61569867264,132795.41846397042,108691.18925781525
DALYs (Disability-Adjusted Life Years),India,Both,Age-standardized,All causes,Rate,1999,55888.48453610746,60733.70353704672,51973.094831311195
DALYs (Disability-Adjusted Life Years),Congo,Both,Age-standardized,All causes,Rate,1999,91149.23418659218,99272.00043051671,83829.30791838944
DALYs (Disability-Adjusted Life Years),Mali,Both,Age-standardized,All causes,Rate,1999,88619.99812281612,94561.62951117329,83022.57969944764
DALYs (Disability-Adjusted Life Years),Cabo Verde,Both,Age-standardized,All causes,Rate,2001,39126.628084334225,45064.31660299921,33874.53499111647
DALYs (Disability-Adjusted Life Years),Sao Tome and Principe,Both,Age-standardized,All causes,Rate,2001,50422.20914497425,55534.4339985723,45747.91512185537
DALYs (Disability-Adjusted Life Years),Antigua and Barbuda,Both,Age-standardized,All causes,Rate,2000,29579.210514909286,32720.358189617706,26862.99487919098
DALYs (Disability-Adjusted Life Years),Honduras,Both,Age-standardized,All causes,Rate,2000,40001.71922724782,46227.74518235733,35102.79029602138
DALYs (Disability-Adjusted Life Years),Afghanistan,Both,Age-standardized,All causes,Rate,2000,87249.12279761642,97980.332069691,77756.80778903147
DALYs (Disability-Adjusted Life Years),Egypt,Both,Age-standardized,All causes,Rate,2000,44663.790934666984,48265.08955315914,41620.472386166584
DALYs (Disability-Adjusted Life Years),Morocco,Both,Age-standardized,All causes,Rate,2000,40044.90732057781,45037.85277716254,35576.808668229176
DALYs (Disability-Adjusted Life Years),Cambodia,Both,Age-standardized,All causes,Rate,2001,61779.8557522909,67167.67865887201,56926.20230980012
DALYs (Disability-Adjusted Life Years),Tonga,Both,Age-standardized,All causes,Rate,2001,34902.49469502883,38529.2560592793,31394.042252106956
DALYs (Disability-Adjusted Life Years),Netherlands,Both,Age-standardized,All causes,Rate,2001,22952.542804288474,25917.82543150254,20330.97367880104
DALYs (Disability-Adjusted Life Years),Dominican Republic,Both,Age-standardized,All causes,Rate,1999,35213.217957552464,38917.83323048504,31754.182612783276
DALYs (Disability-Adjusted Life Years),Taiwan (Province of China),Both,Age-standardized,All causes,Rate,2001,24011.49309305209,26649.666044632675,21715.380008848508
DALYs (Disability-Adjusted Life Years),Morocco,Both,Age-standardized,All causes,Rate,2002,38980.312638180956,44503.628623710276,34366.48128891243
DALYs (Disability-Adjusted Life Years),Dominican Republic,Both,Age-standardized,All causes,Rate,2001,34316.38813490453,38085.79697470084,31074.29121683756
DALYs (Disability-Adjusted Life Years),Peru,Both,Age-standardized,All causes,Rate,2001,30641.371010515395,34284.28959313347,27235.603453911695
DALYs (Disability-Adjusted Life Years),Iran (Islamic Republic of),Both,Age-standardized,All causes,Rate,2001,34569.387464082596,37981.52031322392,31513.379900630844
DALYs (Disability-Adjusted Life Years),Libya,Both,Age-standardized,All causes,Rate,2001,31764.439168343644,35363.013731329585,28602.75289315304
DALYs (Disability-Adjusted Life Years),Democratic Republic of the Congo,Both,Age-standardized,All causes,Rate,2001,85739.43505560001,94828.87072164942,77975.29266733637
DALYs (Disability-Adjusted Life Years),American Samoa,Both,Age-standardized,All causes,Rate,2001,36418.34550973145,40064.51255646632,33280.77992567443
DALYs (Disability-Adjusted Life Years),Yemen,Both,Age-standardized,All causes,Rate,1998,60766.72575052171,68901.61019140891,53170.38829978302
DALYs (Disability-Adjusted Life Years),Northern Mariana Islands,Both,Age-standardized,All causes,Rate,2001,30204.4522534746,34589.574236585344,26220.78245020428
DALYs (Disability-Adjusted Life Years),Central African Republic,Both,Age-standardized,All causes,Rate,1998,129494.08230640646,143810.8519366317,115577.99631309611
DALYs (Disability-Adjusted Life Years),Israel,Both,Age-standardized,All causes,Rate,1999,22843.23830342895,25878.449187073365,20234.592318483923
DALYs (Disability-Adjusted Life Years),Argentina,Both,Age-standardized,All causes,Rate,1999,31245.812038147556,34441.093517913876,28567.17461454853
DALYs (Disability-Adjusted Life Years),Trinidad and Tobago,Both,Age-standardized,All causes,Rate,2000,37756.359052752334,40971.40938077012,34871.88590234298
DALYs (Disability-Adjusted Life Years),Austria,Both,Age-standardized,All causes,Rate,2002,22956.2374333998,26168.096777656025,20181.762781096542
DALYs (Disability-Adjusted Life Years),Bangladesh,Both,Age-standardized,All causes,Rate,2001,51121.39971850245,56116.05068739221,47220.881678034086
DALYs (Disability-Adjusted Life Years),Guyana,Both,Age-standardized,All causes,Rate,2001,51132.81250599527,56032.23026351691,46917.391819169476
DALYs (Disability-Adjusted Life Years),Colombia,Both,Age-standardized,All causes,Rate,2001,32589.76227276535,36015.31207391865,29922.547570782353
DALYs (Disability-Adjusted Life Years),Gabon,Both,Age-standardized,All causes,Rate,1999,67042.98913719131,74894.94382269912,59271.1329604608
DALYs (Disability-Adjusted Life Years),Bangladesh,Both,Age-standardized,All causes,Rate,2004,47848.91802923396,52170.60433642062,44003.28692634815
DALYs (Disability-Adjusted Life Years),Tajikistan,Both,Age-standardized,All causes,Rate,2000,46162.43402996645,50160.00306899741,42716.5560193037
DALYs (Disability-Adjusted Life Years),Ghana,Both,Age-standardized,All causes,Rate,2001,66146.0873697497,73107.28237066242,59972.703864535906
DALYs (Disability-Adjusted Life Years),Luxembourg,Both,Age-standardized,All causes,Rate,2000,23721.26879993583,27056.345323572983,21012.226511595687
DALYs (Disability-Adjusted Life Years),Cook Islands,Both,Age-standardized,All causes,Rate,2001,31651.544783888286,35400.52784209112,28379.173973154055
DALYs (Disability-Adjusted Life Years),Uruguay,Both,Age-standardized,All causes,Rate,2000,29320.796770568435,32480.420613258353,26791.65173175509
DALYs (Disability-Adjusted Life Years),United States of America,Both,Age-standardized,All causes,Rate,2003,26982.59209391336,30390.033010022587,24016.499746158508
DALYs (Disability-Adjusted Life Years),Malawi,Both,Age-standardized,All causes,Rate,1998,119217.41990717419,131578.2861052957,107768.60799520777
DALYs (Disability-Adjusted Life Years),Congo,Both,Age-standardized,All causes,Rate,1998,97713.87396205081,106440.77904886982,90295.77716868358
DALYs (Disability-Adjusted Life Years),Dominican Republic,Both,Age-standardized,All causes,Rate,2000,34743.26544165776,38314.09037805581,31382.195063865016
DALYs (Disability-Adjusted Life Years),Peru,Both,Age-standardized,All causes,Rate,2000,32080.294176331616,35795.52939295411,28677.529375473143
DALYs (Disability-Adjusted Life Years),Grenada,Both,Age-standardized,All causes,Rate,1999,34505.02231804516,37930.728219675744,31588.8049540182
DALYs (Disability-Adjusted Life Years),Ghana,Both,Age-standardized,All causes,Rate,1998,65750.57363496645,73108.92200202524,59688.49006071352
DALYs (Disability-Adjusted Life Years),Libya,Both,Age-standardized,All causes,Rate,2000,31527.875342683194,34981.584795188326,28389.056318858507
DALYs (Disability-Adjusted Life Years),San Marino,Both,Age-standardized,All causes,Rate,1998,20613.645612529468,23725.26923446659,17837.71111863518
DALYs (Disability-Adjusted Life Years),United States of America,Both,Age-standardized,All causes,Rate,1999,27405.73155075175,30794.617910319084,24447.694626473276
DALYs (Disability-Adjusted Life Years),Burundi,Both,Age-standardized,All causes,Rate,1993,106943.45741418592,118853.05687507628,96089.15504585867
DALYs (Disability-Adjusted Life Years),Djibouti,Both,Age-standardized,All causes,Rate,2000,62182.16416170125,72847.22035762589,53369.95134783242
DALYs (Disability-Adjusted Life Years),Nicaragua,Both,Age-standardized,All causes,Rate,2000,30881.55335378623,34467.126567724095,27910.880739071585
DALYs (Disability-Adjusted Life Years),Mali,Both,Age-standardized,All causes,Rate,2000,87451.45951931656,93509.16056849157,81681.7210348194
DALYs (Disability-Adjusted Life Years),Luxembourg,Both,Age-standardized,All causes,Rate,2002,23359.02833831987,26605.946644866533,20597.682096200293
DALYs (Disability-Adjusted Life Years),Uruguay,Both,Age-standardized,All causes,Rate,2002,29010.75774869042,32071.512162433348,26458.30307381037
DALYs (Disability-Adjusted Life Years),Sri Lanka,Both,Age-standardized,All causes,Rate,1999,35058.8920494649,38202.68773259962,32446.921285281438
DALYs (Disability-Adjusted Life Years),Dominican Republic,Both,Age-standardized,All causes,Rate,2002,33958.436649290044,37557.78602753963,30910.34051877458
DALYs (Disability-Adjusted Life Years),Slovenia,Both,Age-standardized,All causes,Rate,2002,25476.859520413967,28621.34254676416,22779.53311469163
DALYs (Disability-Adjusted Life Years),Singapore,Both,Age-standardized,All causes,Rate,2002,19992.52073246121,22675.57806953033,17708.108410301695
DALYs (Disability-Adjusted Life Years),Tonga,Both,Age-standardized,All causes,Rate,1999,35627.15019678917,39320.08288726112,32199.194423774985
DALYs (Disability-Adjusted Life Years),Democratic Republic of the Congo,Both,Age-standardized,All causes,Rate,2002,85345.63024003686,94252.34053124423,77907.69335006397
DALYs (Disability-Adjusted Life Years),Uzbekistan,Both,Age-standardized,All causes,Rate,1999,41435.63599807534,44986.527013109204,38399.296146940505
DALYs (Disability-Adjusted Life Years),Serbia,Both,Age-standardized,All causes,Rate,1999,41427.82331720357,44549.320431063235,38699.7475128806
DALYs (Disability-Adjusted Life Years),Finland,Both,Age-standardized,All causes,Rate,1999,24748.0110240306,28164.560766207258,21963.057520922757
DALYs (Disability-Adjusted Life Years),Sudan,Both,Age-standardized,All causes,Rate,1999,59689.11582730164,67195.6606815012,53175.57446648099
DALYs (Disability-Adjusted Life Years),Guyana,Both,Age-standardized,All causes,Rate,2000,51054.095193933914,55898.221269608475,46959.76771306025
DALYs (Disability-Adjusted Life Years),Uruguay,Both,Age-standardized,All causes,Rate,1999,29925.41955822627,33054.70992067775,27444.24290208477
DALYs (Disability-Adjusted Life Years),San Marino,Both,Age-standardized,All causes,Rate,2001,19880.355634058422,23077.037253342904,17153.12678574898
DALYs (Disability-Adjusted Life Years),Venezuela (Bolivarian Republic of),Both,Age-standardized,All causes,Rate,1999,39835.83481213847,43079.22444867619,36947.72292040963
DALYs (Disability-Adjusted Life Years),Côte d'Ivoire,Both,Age-standardized,All causes,Rate,1999,92086.11893079392,101863.90643072544,82804.23982722822
DALYs (Disability-Adjusted Life Years),Saint Kitts and Nevis,Both,Age-standardized,All causes,Rate,1999,36917.29058962476,40544.17513465959,33429.39507316313
DALYs (Disability-Adjusted Life Years),Sierra Leone,Both,Age-standardized,All causes,Rate,1999,101027.94552237276,109087.2446617487,94284.43203100354
DALYs (Disability-Adjusted Life Years),Kuwait,Both,Age-standardized,All causes,Rate,1999,25371.452353728906,28506.636575685916,22687.588278494102
DALYs (Disability-Adjusted Life Years),Gabon,Both,Age-standardized,All causes,Rate,2000,67828.23341849582,75845.24312112483,60077.41764955512
DALYs (Disability-Adjusted Life Years),Côte d'Ivoire,Both,Age-standardized,All causes,Rate,2000,91395.80731472226,100674.56946899474,82597.35440892514
DALYs (Disability-Adjusted Life Years),Panama,Both,Age-standardized,All causes,Rate,1997,28246.52131253525,31491.94046406484,25644.44481021239
DALYs (Disability-Adjusted Life Years),Mauritius,Both,Age-standardized,All causes,Rate,2002,32867.50415572843,36022.501118758984,29959.57229711301
DALYs (Disability-Adjusted Life Years),Japan,Both,Age-standardized,All causes,Rate,1999,19726.013106967617,22576.098633593367,17304.922760694037
DALYs (Disability-Adjusted Life Years),Cuba,Both,Age-standardized,All causes,Rate,2001,25202.73360084469,28341.430831263187,22629.602796903055
DALYs (Disability-Adjusted Life Years),Afghanistan,Both,Age-standardized,All causes,Rate,2002,84344.89563881335,94943.11689191511,75002.51180437469
DALYs (Disability-Adjusted Life Years),Jamaica,Both,Age-standardized,All causes,Rate,1999,30764.173809261407,33992.18120463265,28023.455234667184
DALYs (Disability-Adjusted Life Years),Qatar,Both,Age-standardized,All causes,Rate,1999,37357.45727348925,42275.8270646568,33103.015628407804
DALYs (Disability-Adjusted Life Years),Bolivia (Plurinational State of),Both,Age-standardized,All causes,Rate,2001,46471.81616942774,51393.55135987973,42114.662995661645
DALYs (Disability-Adjusted Life Years),Mozambique,Both,Age-standardized,All causes,Rate,2000,90904.47144636854,99077.92458829872,84324.24756825688
DALYs (Disability-Adjusted Life Years),Tuvalu,Both,Age-standardized,All causes,Rate,2000,61860.878194896926,68666.96079606716,56064.47301229092
DALYs (Disability-Adjusted Life Years),Belgium,Both,Age-standardized,All causes,Rate,2002,23900.572774691518,27268.30992148823,21084.746904925905
DALYs (Disability-Adjusted Life Years),Malta,Both,Age-standardized,All causes,Rate,2002,22059.225399963587,25061.066465388703,19520.601283784305
DALYs (Disability-Adjusted Life Years),Belize,Both,Age-standardized,All causes,Rate,2001,38281.63246718321,41750.87750524513,35428.78372740984
DALYs (Disability-Adjusted Life Years),Madagascar,Both,Age-standardized,All causes,Rate,2001,66876.43712037813,73710.51202193787,60532.1476674916
DALYs (Disability-Adjusted Life Years),Lesotho,Both,Age-standardized,All causes,Rate,2001,101236.19986365276,115706.55880450836,89431.87120018508
DALYs (Disability-Adjusted Life Years),Gambia,Both,Age-standardized,All causes,Rate,2001,63049.53989101415,70123.21674246153,56702.042116892204
DALYs (Disability-Adjusted Life Years),Sweden,Both,Age-standardized,All causes,Rate,1994,22563.282482293394,25605.95745885715,19888.561555891076
DALYs (Disability-Adjusted Life Years),Yemen,Both,Age-standardized,All causes,Rate,2001,56435.364752281246,64667.84905680778,48718.45972135863
DALYs (Disability-Adjusted Life Years),Central African Republic,Both,Age-standardized,All causes,Rate,2001,128116.7493724646,143104.3776891594,113836.21443659937
DALYs (Disability-Adjusted Life Years),France,Both,Age-standardized,All causes,Rate,2000,23508.015793645307,26845.20143179776,20731.929355024447
DALYs (Disability-Adjusted Life Years),Mauritius,Both,Age-standardized,All causes,Rate,2000,33387.767509922225,36589.23071163975,30556.37563538619
DALYs (Disability-Adjusted Life Years),Morocco,Both,Age-standardized,All causes,Rate,1999,40742.4730489403,45855.24909115726,36342.35130646773
DALYs (Disability-Adjusted Life Years),South Africa,Both,Age-standardized,All causes,Rate,2000,74561.19075444409,78860.49431299031,71113.9436211222
DALYs (Disability-Adjusted Life Years),Lebanon,Both,Age-standardized,All causes,Rate,1998,30898.704954732402,35172.47839650263,27532.523271508537
DALYs (Disability-Adjusted Life Years),Sierra Leone,Both,Age-standardized,All causes,Rate,2000,95949.59376464455,103793.63417333613,89242.30694523428
DALYs (Disability-Adjusted Life Years),Lebanon,Both,Age-standardized,All causes,Rate,1997,31726.736280034056,36190.34429369708,28266.847765004506
DALYs (Disability-Adjusted Life Years),Kyrgyzstan,Both,Age-standardized,All causes,Rate,2002,44398.43522112696,47876.870808828586,41391.519019759806
DALYs (Disability-Adjusted Life Years),North Macedonia,Both,Age-standardized,All causes,Rate,2002,35926.53907271291,38941.380315058406,33142.37209863028
DALYs (Disability-Adjusted Life Years),Republic of Moldova,Both,Age-standardized,All causes,Rate,2002,38883.42208448079,42140.57242237297,36170.23135209978
DALYs (Disability-Adjusted Life Years),Lebanon,Both,Age-standardized,All causes,Rate,2000,29336.723096963102,33417.24992647302,25938.067502285
DALYs (Disability-Adjusted Life Years),Democratic People's Republic of Korea,Both,Age-standardized,All causes,Rate,2002,58590.620284498174,96713.27313977647,40822.49079586694
DALYs (Disability-Adjusted Life Years),Congo,Both,Age-standardized,All causes,Rate,2000,88424.36571287073,96729.69402027846,81580.5672516641
DALYs (Disability-Adjusted Life Years),Timor-Leste,Both,Age-standardized,All causes,Rate,2002,49117.99454856364,54301.8681628738,44553.58781509106
DALYs (Disability-Adjusted Life Years),Togo,Both,Age-standardized,All causes,Rate,2001,75608.32020659451,83310.13890590078,68090.2496622011
DALYs (Disability-Adjusted Life Years),Albania,Both,Age-standardized,All causes,Rate,2002,28660.11121514351,31992.326928414277,25490.51643842748
DALYs (Disability-Adjusted Life Years),Grenada,Both,Age-standardized,All causes,Rate,2002,34519.15970577481,37935.136245391426,31614.75751855148
DALYs (Disability-Adjusted Life Years),Paraguay,Both,Age-standardized,All causes,Rate,2002,30331.86058685019,33874.70101438424,26863.713277660063
DALYs (Disability-Adjusted Life Years),Equatorial Guinea,Both,Age-standardized,All causes,Rate,2002,68456.55120681271,79663.73124807695,58985.53549675103
DALYs (Disability-Adjusted Life Years),Greenland,Both,Age-standardized,All causes,Rate,1999,42753.43807148005,47150.702839551835,38679.80937884201
DALYs (Disability-Adjusted Life Years),Puerto Rico,Both,Age-standardized,All causes,Rate,2000,27598.981696535357,30884.462244273236,24876.844038554795
DALYs (Disability-Adjusted Life Years),Guyana,Both,Age-standardized,All causes,Rate,2002,51510.73639894682,56405.032607192385,47392.07470577137
DALYs (Disability-Adjusted Life Years),Viet Nam,Both,Age-standardized,All causes,Rate,2002,32349.562756472067,36742.23011620699,29192.886259194158
DALYs (Disability-Adjusted Life Years),Sierra Leone,Both,Age-standardized,All causes,Rate,1998,100657.86913148338,108439.12646865536,93896.695625921
DALYs (Disability-Adjusted Life Years),Afghanistan,Both,Age-standardized,All causes,Rate,2003,79747.89401272881,90124.11192204073,70230.95760937245
DALYs (Disability-Adjusted Life Years),Equatorial Guinea,Both,Age-standardized,All causes,Rate,2003,67225.98403679466,78401.759864212,57401.58801384427
DALYs (Disability-Adjusted Life Years),Côte d'Ivoire,Both,Age-standardized,All causes,Rate,1998,92278.06642687114,102302.89292508237,82562.37687445038
DALYs (Disability-Adjusted Life Years),India,Both,Age-standardized,All causes,Rate,2000,54580.203692049225,59296.396377290985,50582.02243627996
DALYs (Disability-Adjusted Life Years),Viet Nam,Both,Age-standardized,All causes,Rate,2000,33004.606368104374,37250.51847818084,29414.28960461726
DALYs (Disability-Adjusted Life Years),Malawi,Both,Age-standardized,All causes,Rate,2000,116855.14489965951,129006.17119367246,105302.83215825872
DALYs (Disability-Adjusted Life Years),Namibia,Both,Age-standardized,All causes,Rate,2000,83457.48399370413,95042.2581338983,74750.35742336896
DALYs (Disability-Adjusted Life Years),Somalia,Both,Age-standardized,All causes,Rate,2004,91395.54701117442,103378.63700191081,80489.65156800133
DALYs (Disability-Adjusted Life Years),Belgium,Both,Age-standardized,All causes,Rate,2001,24115.36482848471,27457.319241074685,21351.785061412287
DALYs (Disability-Adjusted Life Years),Belize,Both,Age-standardized,All causes,Rate,2002,36724.4178225803,40095.40556563399,33793.55851972954
DALYs (Disability-Adjusted Life Years),United Republic of Tanzania,Both,Age-standardized,All causes,Rate,1994,87049.50826111408,95409.50228691853,79542.85613170543
DALYs (Disability-Adjusted Life Years),Tokelau,Both,Age-standardized,All causes,Rate,1998,39278.44193519746,46185.952873493465,33556.229244572365
DALYs (Disability-Adjusted Life Years),Armenia,Both,Age-standardized,All causes,Rate,2002,32687.93583591138,35800.36488168886,29997.036012376077
DALYs (Disability-Adjusted Life Years),Mauritius,Both,Age-standardized,All causes,Rate,1998,34330.16031363654,37546.592175395046,31322.239626096303
DALYs (Disability-Adjusted Life Years),South Africa,Both,Age-standardized,All causes,Rate,1998,67199.53985499249,71342.25593929147,63853.659181740615
DALYs (Disability-Adjusted Life Years),Taiwan (Province of China),Both,Age-standardized,All causes,Rate,2002,23333.747255951872,25995.57642313623,21071.34840512454
DALYs (Disability-Adjusted Life Years),Samoa,Both,Age-standardized,All causes,Rate,2002,37373.026929932515,42895.225466515505,32774.22690438804
DALYs (Disability-Adjusted Life Years),Peru,Both,Age-standardized,All causes,Rate,2002,30105.565260237476,33626.10700775389,26578.98519588654
DALYs (Disability-Adjusted Life Years),South Africa,Both,Age-standardized,All causes,Rate,2002,82973.06857824243,87452.02606441203,79267.0055969042
DALYs (Disability-Adjusted Life Years),Honduras,Both,Age-standardized,All causes,Rate,2002,39160.37957427302,45437.771170662105,33874.83778493957
DALYs (Disability-Adjusted Life Years),Côte d'Ivoire,Both,Age-standardized,All causes,Rate,2002,89735.89191064995,97903.38335426438,81594.60991265763
DALYs (Disability-Adjusted Life Years),Guinea-Bissau,Both,Age-standardized,All causes,Rate,2002,90215.87903139583,100058.47254635772,80588.8979817038
DALYs (Disability-Adjusted Life Years),Sierra Leone,Both,Age-standardized,All causes,Rate,2002,90830.49660634353,98555.4963612613,84539.24228316687
DALYs (Disability-Adjusted Life Years),Somalia,Both,Age-standardized,All causes,Rate,2000,96221.63451704716,107970.98469801436,85254.79873573368
DALYs (Disability-Adjusted Life Years),Puerto Rico,Both,Age-standardized,All causes,Rate,2002,26491.836605786735,29808.675162864383,23779.975031468897
DALYs (Disability-Adjusted Life Years),Tuvalu,Both,Age-standardized,All causes,Rate,2002,50156.44453200216,56810.15278028059,44409.07997080733
DALYs (Disability-Adjusted Life Years),Guam,Both,Age-standardized,All causes,Rate,2002,25586.288139833974,28552.04474984684,23235.30141779832
DALYs (Disability-Adjusted Life Years),Eritrea,Both,Age-standardized,All causes,Rate,1997,84060.64421137792,93252.93457974568,74759.29047677938
DALYs (Disability-Adjusted Life Years),Poland,Both,Age-standardized,All causes,Rate,2000,30035.770179912084,33161.36623905694,27314.20767084276
DALYs (Disability-Adjusted Life Years),Saint Vincent and the Grenadines,Both,Age-standardized,All causes,Rate,2003,34957.39824148079,38553.95070818946,32143.441284684326
DALYs (Disability-Adjusted Life Years),Honduras,Both,Age-standardized,All causes,Rate,2003,38943.358727366365,45117.34334664124,33505.957603509945
DALYs (Disability-Adjusted Life Years),Egypt,Both,Age-standardized,All causes,Rate,2003,45078.27256200445,48558.404785011975,42218.21097397804
DALYs (Disability-Adjusted Life Years),Sri Lanka,Both,Age-standardized,All causes,Rate,2002,31378.85461372092,34618.29772685847,28684.149896778497
DALYs (Disability-Adjusted Life Years),Libya,Both,Age-standardized,All causes,Rate,2002,32136.317642506823,35729.33022447137,28917.697601242697
DALYs (Disability-Adjusted Life Years),Syrian Arab Republic,Both,Age-standardized,All causes,Rate,2003,31819.48998378783,35465.87723916282,28254.78355573911
DALYs (Disability-Adjusted Life Years),Palestine,Both,Age-standardized,All causes,Rate,1999,36075.22002182236,40337.747513314935,32684.27149329623
DALYs (Disability-Adjusted Life Years),Japan,Both,Age-standardized,All causes,Rate,2002,18809.37243077811,21639.71452181843,16423.681910265943
DALYs (Disability-Adjusted Life Years),Solomon Islands,Both,Age-standardized,All causes,Rate,2001,53598.341730995504,62626.753200327,45978.55199213969
DALYs (Disability-Adjusted Life Years),Israel,Both,Age-standardized,All causes,Rate,2001,22689.717852736532,25788.012151254286,20130.14997014522
DALYs (Disability-Adjusted Life Years),Cyprus,Both,Age-standardized,All causes,Rate,2002,25954.56236665673,29040.764835169586,23138.814081738878
DALYs (Disability-Adjusted Life Years),Serbia,Both,Age-standardized,All causes,Rate,2002,33404.468200983036,36504.12405457207,30912.34231456383
DALYs (Disability-Adjusted Life Years),Tonga,Both,Age-standardized,All causes,Rate,2002,34806.18609131004,38439.185051589826,31183.34757336344
DALYs (Disability-Adjusted Life Years),American Samoa,Both,Age-standardized,All causes,Rate,2002,36528.93028413437,40300.51149375094,33342.99734177095
DALYs (Disability-Adjusted Life Years),Taiwan (Province of China),Both,Age-standardized,All causes,Rate,2003,23072.292049744854,25716.84506034425,20755.94726093471
DALYs (Disability-Adjusted Life Years),Viet Nam,Both,Age-standardized,All causes,Rate,2003,32155.342954179156,36720.145541480255,28994.241348316835
DALYs (Disability-Adjusted Life Years),Ethiopia,Both,Age-standardized,All causes,Rate,1997,95441.77464819585,101297.85612024237,89964.85143772105
DALYs (Disability-Adjusted Life Years),Afghanistan,Both,Age-standardized,All causes,Rate,1999,86881.42807500144,97341.31513457329,77829.61429450112
DALYs (Disability-Adjusted Life Years),Brunei Darussalam,Both,Age-standardized,All causes,Rate,1999,29306.133989382783,32576.07999765776,26566.837776156583
DALYs (Disability-Adjusted Life Years),Mozambique,Both,Age-standardized,All causes,Rate,1999,90244.25167502808,98519.94149353131,83462.86895532993
DALYs (Disability-Adjusted Life Years),Slovenia,Both,Age-standardized,All causes,Rate,2000,26213.801201688784,29397.465401843714,23455.91510433508
DALYs (Disability-Adjusted Life Years),Singapore,Both,Age-standardized,All causes,Rate,2000,20753.05148817332,23443.2081747032,18443.772737111176
DALYs (Disability-Adjusted Life Years),Libya,Both,Age-standardized,All causes,Rate,2003,32195.249926528064,36051.79404932082,28929.94690367675
DALYs (Disability-Adjusted Life Years),Sri Lanka,Both,Age-standardized,All causes,Rate,1998,36127.20386726756,39195.91246166515,33422.5240507882
DALYs (Disability-Adjusted Life Years),Solomon Islands,Both,Age-standardized,All causes,Rate,1997,55262.46708465694,64013.443145971374,47443.24670091777
DALYs (Disability-Adjusted Life Years),Democratic Republic of the Congo,Both,Age-standardized,All causes,Rate,2003,84115.08775490809,92404.16989309542,76857.93026090099
DALYs (Disability-Adjusted Life Years),Mauritius,Both,Age-standardized,All causes,Rate,2003,32510.75337048185,35895.5263198575,29743.483143799644
DALYs (Disability-Adjusted Life Years),Sri Lanka,Both,Age-standardized,All causes,Rate,2000,35187.872934549625,38386.541517990816,32462.636770833604
DALYs (Disability-Adjusted Life Years),Tonga,Both,Age-standardized,All causes,Rate,2000,35360.78862538357,38992.477836333004,31918.444432991488
DALYs (Disability-Adjusted Life Years),Uzbekistan,Both,Age-standardized,All causes,Rate,2000,41561.123517604545,44984.929366452634,38440.660967769916
DALYs (Disability-Adjusted Life Years),Antigua and Barbuda,Both,Age-standardized,All causes,Rate,2002,28741.751722062258,32019.234197502115,25929.93825892602
DALYs (Disability-Adjusted Life Years),Chad,Both,Age-standardized,All causes,Rate,2005,85331.5592376284,93562.4756977688,78458.08597754446
DALYs (Disability-Adjusted Life Years),Philippines,Both,Age-standardized,All causes,Rate,2001,38097.02221971257,41473.03787260632,34992.29929930211
DALYs (Disability-Adjusted Life Years),Zambia,Both,Age-standardized,All causes,Rate,1997,118296.50619696699,131910.1338700648,105627.62218283517
DALYs (Disability-Adjusted Life Years),Japan,Both,Age-standardized,All causes,Rate,2000,19351.061571210215,22170.935341859244,16909.32953854914
DALYs (Disability-Adjusted Life Years),Turkmenistan,Both,Age-standardized,All causes,Rate,2001,46307.80037248788,49678.78017355186,43279.31643780221
DALYs (Disability-Adjusted Life Years),Sierra Leone,Both,Age-standardized,All causes,Rate,1997,95678.69682931423,103172.7284775124,88931.95943399091
DALYs (Disability-Adjusted Life Years),Netherlands,Both,Age-standardized,All causes,Rate,2000,23141.606809886023,26075.572918063262,20539.53481962147
DALYs (Disability-Adjusted Life Years),Venezuela (Bolivarian Republic of),Both,Age-standardized,All causes,Rate,2001,32347.537373888674,35632.1164444432,29617.740931165987
DALYs (Disability-Adjusted Life Years),Samoa,Both,Age-standardized,All causes,Rate,1998,38560.69133864469,44115.44392590958,33698.98110625606
DALYs (Disability-Adjusted Life Years),Kuwait,Both,Age-standardized,All causes,Rate,2001,23165.224787733016,26268.547105873553,20508.97387580391
DALYs (Disability-Adjusted Life Years),China,Both,Age-standardized,All causes,Rate,2002,34190.13491265355,37095.36299487154,31396.867832440934
DALYs (Disability-Adjusted Life Years),Philippines,Both,Age-standardized,All causes,Rate,2002,38035.22458421934,41347.470215857546,34886.1898738088
DALYs (Disability-Adjusted Life Years),Denmark,Both,Age-standardized,All causes,Rate,2002,24785.78651599585,28084.31858897538,22095.73355879325
DALYs (Disability-Adjusted Life Years),Netherlands,Both,Age-standardized,All causes,Rate,2002,22711.22578604812,25691.574290843928,20114.9738091329
DALYs (Disability-Adjusted Life Years),Norway,Both,Age-standardized,All causes,Rate,2002,22624.898353330776,25749.988525085926,19880.74468212983
DALYs (Disability-Adjusted Life Years),Namibia,Both,Age-standardized,All causes,Rate,2002,89006.74816839519,100882.31075352554,79283.68762105351
DALYs (Disability-Adjusted Life Years),Haiti,Both,Age-standardized,All causes,Rate,2002,71764.02992073509,79211.07760764573,64795.95194894898
DALYs (Disability-Adjusted Life Years),Ghana,Both,Age-standardized,All causes,Rate,2002,66006.18512728221,72990.27483801953,60250.98321915089
DALYs (Disability-Adjusted Life Years),Montenegro,Both,Age-standardized,All causes,Rate,1997,28999.24192609758,32014.36953730824,26425.921773273476
DALYs (Disability-Adjusted Life Years),Cook Islands,Both,Age-standardized,All causes,Rate,2002,31138.531022707906,34822.869571690426,28010.315760143545
DALYs (Disability-Adjusted Life Years),Malta,Both,Age-standardized,All causes,Rate,1997,23304.20786947788,26412.967514304353,20628.930354452834
DALYs (Disability-Adjusted Life Years),Türkiye,Both,Age-standardized,All causes,Rate,1997,38196.06907862728,42049.298165050706,34861.85844706991
DALYs (Disability-Adjusted Life Years),Montenegro,Both,Age-standardized,All causes,Rate,1998,29544.41990438636,32713.92243086928,26921.48528611028
DALYs (Disability-Adjusted Life Years),Iran (Islamic Republic of),Both,Age-standardized,All causes,Rate,2002,34045.06488933041,37340.02835353542,31098.540021157416
DALYs (Disability-Adjusted Life Years),Russian Federation,Both,Age-standardized,All causes,Rate,1998,44051.60074472179,47490.53870352016,41142.49565621809
DALYs (Disability-Adjusted Life Years),Niue,Both,Age-standardized,All causes,Rate,1996,41318.6141904156,47000.18163888198,35370.74095589837
DALYs (Disability-Adjusted Life Years),Romania,Both,Age-standardized,All causes,Rate,2001,35502.997352951796,38709.64095679917,32817.58166325781
DALYs (Disability-Adjusted Life Years),Brunei Darussalam,Both,Age-standardized,All causes,Rate,2001,28316.48895621631,31482.270767186143,25661.99665188529
DALYs (Disability-Adjusted Life Years),Hungary,Both,Age-standardized,All causes,Rate,1997,35641.57068151373,38911.368671049364,32960.91839895841
DALYs (Disability-Adjusted Life Years),Denmark,Both,Age-standardized,All causes,Rate,2001,25043.763662004738,28281.05592274801,22310.821324342607
DALYs (Disability-Adjusted Life Years),Lithuania,Both,Age-standardized,All causes,Rate,1997,35608.419915685205,38835.37226650425,32850.02264590181
DALYs (Disability-Adjusted Life Years),Argentina,Both,Age-standardized,All causes,Rate,2001,30398.7573494523,33492.44858200755,27723.92450070733
DALYs (Disability-Adjusted Life Years),Ukraine,Both,Age-standardized,All causes,Rate,2000,43462.65891109882,46906.21776011877,40649.03669040671
DALYs (Disability-Adjusted Life Years),Singapore,Both,Age-standardized,All causes,Rate,2001,20211.98557931446,22874.389663155656,17919.51631217316
DALYs (Disability-Adjusted Life Years),Benin,Both,Age-standardized,All causes,Rate,1999,72629.08651256154,79104.224566339,66946.66140034323
DALYs (Disability-Adjusted Life Years),Tajikistan,Both,Age-standardized,All causes,Rate,2001,45358.52064208807,49293.77108566899,41647.25524969812
DALYs (Disability-Adjusted Life Years),Serbia,Both,Age-standardized,All causes,Rate,2000,35481.26513157983,38527.68524345089,32885.61328224577
DALYs (Disability-Adjusted Life Years),Poland,Both,Age-standardized,All causes,Rate,2001,29359.509592319417,32492.118731722054,26655.53028719364
DALYs (Disability-Adjusted Life Years),Cyprus,Both,Age-standardized,All causes,Rate,2000,27122.52011897657,30239.846429442983,24330.646416893942
DALYs (Disability-Adjusted Life Years),Monaco,Both,Age-standardized,All causes,Rate,2000,23158.694931320657,27142.89325192153,19601.73403892893
DALYs (Disability-Adjusted Life Years),Pakistan,Both,Age-standardized,All causes,Rate,2001,57635.97180135494,62442.97060062229,53206.661025189125
DALYs (Disability-Adjusted Life Years),Bermuda,Both,Age-standardized,All causes,Rate,2001,23034.495300107625,26059.358390920683,20327.942168750094
DALYs (Disability-Adjusted Life Years),Djibouti,Both,Age-standardized,All causes,Rate,2001,62221.697883786364,73232.82967865864,53211.126037667
DALYs (Disability-Adjusted Life Years),Kyrgyzstan,Both,Age-standardized,All causes,Rate,2003,44240.21162562769,47984.11808430627,40988.10098932233
DALYs (Disability-Adjusted Life Years),Uganda,Both,Age-standardized,All causes,Rate,2001,97742.62981058516,105900.72038494749,90071.85083933547
DALYs (Disability-Adjusted Life Years),Iran (Islamic Republic of),Both,Age-standardized,All causes,Rate,2003,36045.332294167274,39234.95549175578,33060.341473857145
DALYs (Disability-Adjusted Life Years),Mali,Both,Age-standardized,All causes,Rate,2001,85726.0699106351,91926.1341516644,79874.63705797232
DALYs (Disability-Adjusted Life Years),South Africa,Both,Age-standardized,All causes,Rate,2003,87586.95013126665,92153.60521939566,83818.97527672556
DALYs (Disability-Adjusted Life Years),Cambodia,Both,Age-standardized,All causes,Rate,2002,60074.10192190118,65475.69139075631,55354.787519400685
DALYs (Disability-Adjusted Life Years),Mozambique,Both,Age-standardized,All causes,Rate,2002,90335.96671992478,97908.70777999015,83338.51039428276
DALYs (Disability-Adjusted Life Years),Uzbekistan,Both,Age-standardized,All causes,Rate,2002,40910.83403124741,44409.447302135,37809.993000198774
DALYs (Disability-Adjusted Life Years),Eswatini,Both,Age-standardized,All causes,Rate,2002,124907.23782423596,147567.9729538853,105117.03445338918
DALYs (Disability-Adjusted Life Years),Colombia,Both,Age-standardized,All causes,Rate,2002,32342.113809838473,35705.71188594355,29675.353359499473
DALYs (Disability-Adjusted Life Years),Barbados,Both,Age-standardized,All causes,Rate,2002,28871.227239074564,32195.881477278166,26195.388276034148
DALYs (Disability-Adjusted Life Years),Algeria,Both,Age-standardized,All causes,Rate,2002,34134.74127646397,38126.110342744774,30522.519130133325
DALYs (Disability-Adjusted Life Years),Democratic People's Republic of Korea,Both,Age-standardized,All causes,Rate,2003,35836.550360452595,41543.83177689554,30593.64172006016
DALYs (Disability-Adjusted Life Years),Timor-Leste,Both,Age-standardized,All causes,Rate,2003,47422.96018142933,52471.9803312794,42979.206593120885
DALYs (Disability-Adjusted Life Years),Qatar,Both,Age-standardized,All causes,Rate,2002,37204.25498792553,42410.654006650926,33063.04787188424
DALYs (Disability-Adjusted Life Years),Armenia,Both,Age-standardized,All causes,Rate,2003,32406.702318721207,35611.642592454074,29795.51233156734
DALYs (Disability-Adjusted Life Years),India,Both,Age-standardized,All causes,Rate,2002,52284.568062970124,56669.5397262309,48260.046495481685
DALYs (Disability-Adjusted Life Years),United States of America,Both,Age-standardized,All causes,Rate,2001,27285.104062325066,30699.709090272696,24348.377394248815
DALYs (Disability-Adjusted Life Years),Congo,Both,Age-standardized,All causes,Rate,2002,82676.39273716662,90233.2663763594,76172.7536347643
DALYs (Disability-Adjusted Life Years),Malawi,Both,Age-standardized,All causes,Rate,2002,113120.1924405814,124792.42979756284,101841.6150693918
DALYs (Disability-Adjusted Life Years),Germany,Both,Age-standardized,All causes,Rate,2003,23295.869573689048,26620.64490774929,20504.81151854082
DALYs (Disability-Adjusted Life Years),Sweden,Both,Age-standardized,All causes,Rate,2003,20456.952925576727,23495.969201929194,17863.70841333307
DALYs (Disability-Adjusted Life Years),San Marino,Both,Age-standardized,All causes,Rate,2002,19652.65525113216,22819.143818444256,16892.881300854457
DALYs (Disability-Adjusted Life Years),Albania,Both,Age-standardized,All causes,Rate,2003,28583.021578000513,31982.941718737256,25675.65568149707
DALYs (Disability-Adjusted Life Years),Singapore,Both,Age-standardized,All causes,Rate,2003,19812.759088135223,22591.152863455845,17554.64516610159
DALYs (Disability-Adjusted Life Years),Antigua and Barbuda,Both,Age-standardized,All causes,Rate,2003,28397.08252919791,31603.108630772593,25601.272389790385
DALYs (Disability-Adjusted Life Years),Cabo Verde,Both,Age-standardized,All causes,Rate,1997,41425.39657552359,46929.01965561162,36504.89581013697
DALYs (Disability-Adjusted Life Years),Mozambique,Both,Age-standardized,All causes,Rate,2003,90068.756801702,97691.89538769255,83430.91038687644
DALYs (Disability-Adjusted Life Years),Rwanda,Both,Age-standardized,All causes,Rate,1999,101991.6432267636,109888.15857644177,94114.37142606982
DALYs (Disability-Adjusted Life Years),Eswatini,Both,Age-standardized,All causes,Rate,2003,131735.89855027443,154767.95427700132,110976.10064672194
DALYs (Disability-Adjusted Life Years),Guinea-Bissau,Both,Age-standardized,All causes,Rate,2003,88822.80834167403,98646.3547911161,79010.14261608716
DALYs (Disability-Adjusted Life Years),Zimbabwe,Both,Age-standardized,All causes,Rate,1999,108051.43418162272,127769.0687913862,89012.82941403627
DALYs (Disability-Adjusted Life Years),Mauritania,Both,Age-standardized,All causes,Rate,2000,53030.57440084635,58601.57420300262,47781.55056069001
DALYs (Disability-Adjusted Life Years),Viet Nam,Both,Age-standardized,All causes,Rate,2001,32641.01021959627,37048.82230443065,29430.3333821508
DALYs (Disability-Adjusted Life Years),Samoa,Both,Age-standardized,All causes,Rate,2001,37779.2734875901,43336.21990350303,33085.88475640168
DALYs (Disability-Adjusted Life Years),Chad,Both,Age-standardized,All causes,Rate,2002,89238.69975692837,97471.28814159209,81577.50292734982
DALYs (Disability-Adjusted Life Years),Nigeria,Both,Age-standardized,All causes,Rate,2000,83715.77458195636,91315.97888418581,76641.12569774268
DALYs (Disability-Adjusted Life Years),Tajikistan,Both,Age-standardized,All causes,Rate,2003,43293.113363309305,46967.17255291479,39859.270030053354
DALYs (Disability-Adjusted Life Years),Poland,Both,Age-standardized,All causes,Rate,2003,28341.287728242463,31464.31370826901,25674.385982444797
DALYs (Disability-Adjusted Life Years),Lebanon,Both,Age-standardized,All causes,Rate,2001,28614.959288350183,32682.032921276128,25412.27902325573
DALYs (Disability-Adjusted Life Years),Somalia,Both,Age-standardized,All causes,Rate,2002,93450.16910503859,104845.03320619588,82600.98833041383
DALYs (Disability-Adjusted Life Years),Congo,Both,Age-standardized,All causes,Rate,2001,85055.80700984526,92996.17401138501,78312.6320300264
DALYs (Disability-Adjusted Life Years),Malawi,Both,Age-standardized,All causes,Rate,2001,115220.2347597557,127404.45839307804,103710.487954702
DALYs (Disability-Adjusted Life Years),Slovenia,Both,Age-standardized,All causes,Rate,2003,25461.237103134434,28705.700848489934,22652.602342805472
DALYs (Disability-Adjusted Life Years),Denmark,Both,Age-standardized,All causes,Rate,1999,25939.36248818921,29227.891380816865,23251.64643547978
DALYs (Disability-Adjusted Life Years),Cuba,Both,Age-standardized,All causes,Rate,1999,26222.31612333571,29383.22921132107,23570.654703432116
DALYs (Disability-Adjusted Life Years),Denmark,Both,Age-standardized,All causes,Rate,2000,25324.31924408002,28590.361023779777,22583.55745701291
DALYs (Disability-Adjusted Life Years),Thailand,Both,Age-standardized,All causes,Rate,2000,36286.261242652356,39840.16880543049,33078.60040917685
DALYs (Disability-Adjusted Life Years),Vanuatu,Both,Age-standardized,All causes,Rate,2000,50346.65963261942,57764.995696260194,43813.1468452697
DALYs (Disability-Adjusted Life Years),Israel,Both,Age-standardized,All causes,Rate,2000,22671.10960321164,25749.64127091399,20090.561167800515
DALYs (Disability-Adjusted Life Years),Argentina,Both,Age-standardized,All causes,Rate,2000,30597.996782527644,33754.5969936832,27927.893824278217
DALYs (Disability-Adjusted Life Years),Yemen,Both,Age-standardized,All causes,Rate,1999,59211.39539872222,67548.84038967398,51643.08724595899
DALYs (Disability-Adjusted Life Years),Sudan,Both,Age-standardized,All causes,Rate,2000,58523.065132576965,65831.61664328745,51840.58834425106
DALYs (Disability-Adjusted Life Years),Cuba,Both,Age-standardized,All causes,Rate,2000,25580.18883771297,28690.52097025928,22932.842090277238
DALYs (Disability-Adjusted Life Years),Turkmenistan,Both,Age-standardized,All causes,Rate,2000,47001.20170173915,50323.20566604974,44056.39179755606
DALYs (Disability-Adjusted Life Years),Guam,Both,Age-standardized,All causes,Rate,2003,25322.873637965047,28167.757688558144,22839.35655549797
DALYs (Disability-Adjusted Life Years),Tuvalu,Both,Age-standardized,All causes,Rate,2003,49305.25174421125,55785.04603187302,43674.0804033109
DALYs (Disability-Adjusted Life Years),Chad,Both,Age-standardized,All causes,Rate,2003,88547.46534916882,96744.96681730304,81241.57943724579
DALYs (Disability-Adjusted Life Years),Philippines,Both,Age-standardized,All causes,Rate,1997,38388.709150944786,42109.89051614329,35142.12194240097
DALYs (Disability-Adjusted Life Years),Cameroon,Both,Age-standardized,All causes,Rate,1994,74469.87703187678,81047.3427534418,68853.92340156285
DALYs (Disability-Adjusted Life Years),Bolivia (Plurinational State of),Both,Age-standardized,All causes,Rate,1998,50369.12703905813,54794.88942360879,46068.002557220425
DALYs (Disability-Adjusted Life Years),United States Virgin Islands,Both,Age-standardized,All causes,Rate,1999,31454.063166986845,35193.57624579271,27934.770582339992
DALYs (Disability-Adjusted Life Years),Central African Republic,Both,Age-standardized,All causes,Rate,1999,129381.20696375577,143591.788745855,115084.45223937706
DALYs (Disability-Adjusted Life Years),Tonga,Both,Age-standardized,All causes,Rate,1997,34353.277541725,38033.078545328994,30995.02702601067
DALYs (Disability-Adjusted Life Years),Bolivia (Plurinational State of),Both,Age-standardized,All causes,Rate,1999,49159.633620748915,53864.55233909069,45077.949256013075
DALYs (Disability-Adjusted Life Years),Gambia,Both,Age-standardized,All causes,Rate,1999,64217.45548224871,71416.31124125952,58136.339965697334
DALYs (Disability-Adjusted Life Years),San Marino,Both,Age-standardized,All causes,Rate,1997,20860.522967901197,24028.370124426936,18100.43597218806
DALYs (Disability-Adjusted Life Years),Somalia,Both,Age-standardized,All causes,Rate,2001,94823.53923760378,106766.08460018464,83910.22961560219
DALYs (Disability-Adjusted Life Years),Tuvalu,Both,Age-standardized,All causes,Rate,2001,51161.536001976536,57793.001045597215,45460.89182094169
DALYs (Disability-Adjusted Life Years),Estonia,Both,Age-standardized,All causes,Rate,2001,36325.38252539497,39584.05253903342,33534.61509911478
DALYs (Disability-Adjusted Life Years),India,Both,Age-standardized,All causes,Rate,2001,53603.27278929582,58104.087354105526,49976.38467800268
DALYs (Disability-Adjusted Life Years),Namibia,Both,Age-standardized,All causes,Rate,2001,86416.04501851773,98304.79686365573,77409.04147775112
DALYs (Disability-Adjusted Life Years),United States of America,Both,Age-standardized,All causes,Rate,2000,27306.365726675296,30687.394982151756,24334.322415284198
DALYs (Disability-Adjusted Life Years),Ukraine,Both,Age-standardized,All causes,Rate,2003,42665.02844416136,46052.19425659942,39827.42799229113
DALYs (Disability-Adjusted Life Years),Austria,Both,Age-standardized,All causes,Rate,2003,22863.86816906302,26062.10218864782,20070.29323773772
DALYs (Disability-Adjusted Life Years),Luxembourg,Both,Age-standardized,All causes,Rate,2003,23088.04110734574,26388.695171699306,20380.33668393229
DALYs (Disability-Adjusted Life Years),Timor-Leste,Both,Age-standardized,All causes,Rate,2001,50557.8553827058,55627.013518956766,45878.53561035677
DALYs (Disability-Adjusted Life Years),Uruguay,Both,Age-standardized,All causes,Rate,2003,29114.782360254416,32079.87012665069,26541.14535841846
DALYs (Disability-Adjusted Life Years),Turkmenistan,Both,Age-standardized,All causes,Rate,2002,46449.75954676659,49751.37831424802,43523.18902380677
DALYs (Disability-Adjusted Life Years),Dominican Republic,Both,Age-standardized,All causes,Rate,2003,34244.45017156167,37933.19284653229,31007.553637383444
DALYs (Disability-Adjusted Life Years),Peru,Both,Age-standardized,All causes,Rate,2003,29686.039883504094,33488.53068466202,26210.440277192753
DALYs (Disability-Adjusted Life Years),Saint Kitts and Nevis,Both,Age-standardized,All causes,Rate,1997,38807.71916876221,42899.744023652594,35261.66401453986
DALYs (Disability-Adjusted Life Years),Solomon Islands,Both,Age-standardized,All causes,Rate,2002,53501.94910331281,62355.53142426236,45820.822487332865
DALYs (Disability-Adjusted Life Years),Malta,Both,Age-standardized,All causes,Rate,2001,22174.350412015807,25184.335306817364,19570.76429096324
DALYs (Disability-Adjusted Life Years),Sri Lanka,Both,Age-standardized,All causes,Rate,1997,37512.10991357292,40616.91474000487,34764.40464859956
DALYs (Disability-Adjusted Life Years),Djibouti,Both,Age-standardized,All causes,Rate,2004,61534.69053531593,72386.93771055505,52277.576968665286
DALYs (Disability-Adjusted Life Years),Lesotho,Both,Age-standardized,All causes,Rate,1999,96776.28304761638,111763.27636561454,83254.28143343731
DALYs (Disability-Adjusted Life Years),Uganda,Both,Age-standardized,All causes,Rate,2004,86948.25657655044,94264.75948006977,80701.71191761937
DALYs (Disability-Adjusted Life Years),Brunei Darussalam,Both,Age-standardized,All causes,Rate,2000,28870.441845025678,32019.65178627874,26273.99215704164
DALYs (Disability-Adjusted Life Years),San Marino,Both,Age-standardized,All causes,Rate,1999,20323.38209557999,23396.565040076777,17549.79993163082
DALYs (Disability-Adjusted Life Years),Oman,Both,Age-standardized,All causes,Rate,2000,33899.51723776129,39120.55421893292,29312.934792612534
DALYs (Disability-Adjusted Life Years),El Salvador,Both,Age-standardized,All causes,Rate,2000,35334.31754231394,38910.43704225344,32587.755945067627
DALYs (Disability-Adjusted Life Years),Madagascar,Both,Age-standardized,All causes,Rate,1999,69216.96745075699,76083.62565091475,63166.093813956766
DALYs (Disability-Adjusted Life Years),Bhutan,Both,Age-standardized,All causes,Rate,2000,51309.44360911872,57505.25153147626,45746.270718419175
DALYs (Disability-Adjusted Life Years),Venezuela (Bolivarian Republic of),Both,Age-standardized,All causes,Rate,1998,32250.70132480955,35476.299012204574,29512.631100779563
DALYs (Disability-Adjusted Life Years),Seychelles,Both,Age-standardized,All causes,Rate,2000,32424.804182663796,35533.31836943075,29847.94570013156
DALYs (Disability-Adjusted Life Years),Lesotho,Both,Age-standardized,All causes,Rate,1998,88583.54036111053,103338.15803026123,75953.34750002969
DALYs (Disability-Adjusted Life Years),Canada,Both,Age-standardized,All causes,Rate,2005,21615.754778123923,24784.900393183278,19026.589064590193
DALYs (Disability-Adjusted Life Years),Croatia,Both,Age-standardized,All causes,Rate,2001,28002.545629550073,31026.07641762979,25300.54106105537
DALYs (Disability-Adjusted Life Years),Burkina Faso,Both,Age-standardized,All causes,Rate,2000,90023.03248389307,98087.52964148093,82778.50798583038
DALYs (Disability-Adjusted Life Years),Guinea,Both,Age-standardized,All causes,Rate,2000,84074.94620919929,91094.35343733824,76786.20708896036
DALYs (Disability-Adjusted Life Years),New Zealand,Both,Age-standardized,All causes,Rate,2001,24589.68336126976,27881.70572682428,21725.087021279884
DALYs (Disability-Adjusted Life Years),Finland,Both,Age-standardized,All causes,Rate,2001,24055.60532376506,27394.202092411462,21217.44939737742
DALYs (Disability-Adjusted Life Years),Greenland,Both,Age-standardized,All causes,Rate,2000,41730.26472823301,46092.07512110717,37892.88519576041
DALYs (Disability-Adjusted Life Years),Tokelau,Both,Age-standardized,All causes,Rate,2000,38511.65394056198,45290.760463355036,33204.4969885948
DALYs (Disability-Adjusted Life Years),Saint Kitts and Nevis,Both,Age-standardized,All causes,Rate,2001,35070.52300328898,38666.66680075991,31652.33755235205
DALYs (Disability-Adjusted Life Years),Romania,Both,Age-standardized,All causes,Rate,2002,35240.48595844679,38399.074919651364,32517.516372864902
DALYs (Disability-Adjusted Life Years),Monaco,Both,Age-standardized,All causes,Rate,2003,22927.079654187437,26670.22949000738,19470.72273618553
DALYs (Disability-Adjusted Life Years),Brunei Darussalam,Both,Age-standardized,All causes,Rate,2002,27993.02777664534,31164.434487822866,25247.814929790413
DALYs (Disability-Adjusted Life Years),Nigeria,Both,Age-standardized,All causes,Rate,2005,76318.31611756749,83464.75863427411,70271.69460449897
DALYs (Disability-Adjusted Life Years),Uzbekistan,Both,Age-standardized,All causes,Rate,1998,42087.08610657999,45764.09236718938,38969.08889521793
DALYs (Disability-Adjusted Life Years),Mauritania,Both,Age-standardized,All causes,Rate,1999,54053.349973982564,59380.55207155742,48908.95798709535
DALYs (Disability-Adjusted Life Years),Algeria,Both,Age-standardized,All causes,Rate,2000,35343.565302728835,39222.310966987396,31894.705520235202
DALYs (Disability-Adjusted Life Years),Vanuatu,Both,Age-standardized,All causes,Rate,1999,51768.36452785593,59264.40354276268,45244.62762195733
DALYs (Disability-Adjusted Life Years),Lao People's Democratic Republic,Both,Age-standardized,All causes,Rate,2001,67636.97017016483,74614.90385028861,61041.49318333427
DALYs (Disability-Adjusted Life Years),Slovakia,Both,Age-standardized,All causes,Rate,1999,31021.770082513576,34160.281686130336,28387.33692390193
DALYs (Disability-Adjusted Life Years),Togo,Both,Age-standardized,All causes,Rate,1999,75260.36984895162,82492.38668274494,68205.80904689811
DALYs (Disability-Adjusted Life Years),Cyprus,Both,Age-standardized,All causes,Rate,2003,25289.12845621577,28352.217674345327,22462.52092441079
DALYs (Disability-Adjusted Life Years),Costa Rica,Both,Age-standardized,All causes,Rate,2002,24540.141611356168,27726.4452388157,21806.834150235365
DALYs (Disability-Adjusted Life Years),Benin,Both,Age-standardized,All causes,Rate,2003,69146.18257546867,75805.96148926565,63706.789195338366
DALYs (Disability-Adjusted Life Years),Slovakia,Both,Age-standardized,All causes,Rate,1998,31598.68527877759,34722.156513093185,28927.210217070533
DALYs (Disability-Adjusted Life Years),Guinea,Both,Age-standardized,All causes,Rate,1998,84754.91893416013,92092.20039769851,77803.23461647001
DALYs (Disability-Adjusted Life Years),Thailand,Both,Age-standardized,All causes,Rate,1999,36694.25596966146,40769.737692781404,33027.89189379328
DALYs (Disability-Adjusted Life Years),Comoros,Both,Age-standardized,All causes,Rate,2000,61229.49569506334,68149.89703678055,54167.725577274825
DALYs (Disability-Adjusted Life Years),Bulgaria,Both,Age-standardized,All causes,Rate,2000,38091.6015769946,41371.77979369059,35336.2182703475
DALYs (Disability-Adjusted Life Years),Sweden,Both,Age-standardized,All causes,Rate,2000,21029.42789431128,24082.306761414897,18430.362104219952
DALYs (Disability-Adjusted Life Years),Germany,Both,Age-standardized,All causes,Rate,2000,23884.916179124943,27215.344823149047,21129.87744236586
DALYs (Disability-Adjusted Life Years),Saint Vincent and the Grenadines,Both,Age-standardized,All causes,Rate,2000,36610.06663227585,40108.786046450085,33550.025524312485
DALYs (Disability-Adjusted Life Years),Armenia,Both,Age-standardized,All causes,Rate,2001,33297.747745805114,36425.306993479855,30601.92160634938
DALYs (Disability-Adjusted Life Years),Antigua and Barbuda,Both,Age-standardized,All causes,Rate,2001,29164.106295309706,32482.638362799775,26413.30099217617
DALYs (Disability-Adjusted Life Years),Liberia,Both,Age-standardized,All causes,Rate,2003,84706.7333876058,91313.34318271013,78167.27068632163
DALYs (Disability-Adjusted Life Years),American Samoa,Both,Age-standardized,All causes,Rate,2003,37253.25421792715,41094.402024636125,34105.24671653799
DALYs (Disability-Adjusted Life Years),San Marino,Both,Age-standardized,All causes,Rate,2000,20113.683256552795,23208.786739338524,17400.522032342884
DALYs (Disability-Adjusted Life Years),Northern Mariana Islands,Both,Age-standardized,All causes,Rate,2003,30109.213753212778,34585.33351486609,26253.103471211747
DALYs (Disability-Adjusted Life Years),United States Virgin Islands,Both,Age-standardized,All causes,Rate,2003,31137.380851210517,35051.06214567016,27765.66626235398
DALYs (Disability-Adjusted Life Years),Palestine,Both,Age-standardized,All causes,Rate,2004,41458.86229282907,45271.961104016875,38271.12396422472
DALYs (Disability-Adjusted Life Years),Gabon,Both,Age-standardized,All causes,Rate,2004,65360.49631942701,73526.8267876286,57845.68314697454
DALYs (Disability-Adjusted Life Years),Rwanda,Both,Age-standardized,All causes,Rate,2004,77073.22859851738,83884.59401597868,70948.05049387347
DALYs (Disability-Adjusted Life Years),South Africa,Both,Age-standardized,All causes,Rate,2004,89855.1757995904,94496.85880923446,85923.17379725054
DALYs (Disability-Adjusted Life Years),Cambodia,Both,Age-standardized,All causes,Rate,2003,58210.72406536598,63363.64483897694,53225.562422398994
DALYs (Disability-Adjusted Life Years),Chad,Both,Age-standardized,All causes,Rate,2006,84833.8621343929,92909.25353732906,77840.79135580643
DALYs (Disability-Adjusted Life Years),Fiji,Both,Age-standardized,All causes,Rate,2003,46129.585341311824,49487.77778399512,43356.564939867014
DALYs (Disability-Adjusted Life Years),Armenia,Both,Age-standardized,All causes,Rate,2004,31969.386886061115,35128.535276898016,29369.510090427408
DALYs (Disability-Adjusted Life Years),Croatia,Both,Age-standardized,All causes,Rate,2003,27575.528723386276,30682.947953427676,24979.590509510785
DALYs (Disability-Adjusted Life Years),Belarus,Both,Age-standardized,All causes,Rate,2004,39419.64523140523,42540.93215624043,36794.586871718064
DALYs (Disability-Adjusted Life Years),Estonia,Both,Age-standardized,All causes,Rate,2003,33724.8916136364,37019.241005252734,30952.423851166554
DALYs (Disability-Adjusted Life Years),Japan,Both,Age-standardized,All causes,Rate,2003,18703.471176974952,21531.39636322014,16309.02201528413
DALYs (Disability-Adjusted Life Years),France,Both,Age-standardized,All causes,Rate,2002,23095.786952420385,26460.615551336075,20312.785271900982
DALYs (Disability-Adjusted Life Years),Singapore,Both,Age-standardized,All causes,Rate,2004,19502.88519927628,22341.855155513753,17210.119851719875
DALYs (Disability-Adjusted Life Years),Botswana,Both,Age-standardized,All causes,Rate,2003,104834.64206136577,122226.39484715852,91014.28910254345
DALYs (Disability-Adjusted Life Years),Slovenia,Both,Age-standardized,All causes,Rate,1999,26810.441894862706,30090.14537207956,24118.775911996767
DALYs (Disability-Adjusted Life Years),China,Both,Age-standardized,All causes,Rate,2003,33603.01405568595,36585.100309097215,30974.349668718325
DALYs (Disability-Adjusted Life Years),Thailand,Both,Age-standardized,All causes,Rate,2003,34311.1661647946,37945.75156154151,31034.565940695207
DALYs (Disability-Adjusted Life Years),Seychelles,Both,Age-standardized,All causes,Rate,2002,32544.390366283093,35727.98819310558,30049.426079905446
DALYs (Disability-Adjusted Life Years),Guinea,Both,Age-standardized,All causes,Rate,2002,82363.0467458476,90175.79744149379,74861.0139492165
DALYs (Disability-Adjusted Life Years),Oman,Both,Age-standardized,All causes,Rate,2002,32528.59896412983,37306.543980446935,28545.124800637677
DALYs (Disability-Adjusted Life Years),Bermuda,Both,Age-standardized,All causes,Rate,2002,22676.465316868795,25592.6690972059,19909.983746663467
DALYs (Disability-Adjusted Life Years),Vanuatu,Both,Age-standardized,All causes,Rate,2003,49945.131897788255,57207.48520422602,43760.10470762581
DALYs (Disability-Adjusted Life Years),Togo,Both,Age-standardized,All causes,Rate,2002,75452.58120454321,83171.13852527746,67854.03930503022
DALYs (Disability-Adjusted Life Years),Turkmenistan,Both,Age-standardized,All causes,Rate,1997,51717.831308820816,55265.20685669669,48651.952743792375
DALYs (Disability-Adjusted Life Years),Saint Kitts and Nevis,Both,Age-standardized,All causes,Rate,2002,34376.87310139616,37874.70933229001,31135.233884436177
DALYs (Disability-Adjusted Life Years),Sudan,Both,Age-standardized,All causes,Rate,2001,57193.87724704581,64946.01700400391,50465.860279995955
DALYs (Disability-Adjusted Life Years),Tonga,Both,Age-standardized,All causes,Rate,1998,35026.331630217435,38811.61212753618,31615.892221865353
DALYs (Disability-Adjusted Life Years),Syrian Arab Republic,Both,Age-standardized,All causes,Rate,2002,33540.97543132225,37506.33686256347,29731.570022890148
DALYs (Disability-Adjusted Life Years),Jamaica,Both,Age-standardized,All causes,Rate,2000,30291.704601948644,33260.73858810484,27572.80254113484
DALYs (Disability-Adjusted Life Years),Liberia,Both,Age-standardized,All causes,Rate,2004,76007.4295385716,82986.9503162458,69591.13589033538
DALYs (Disability-Adjusted Life Years),Bahrain,Both,Age-standardized,All causes,Rate,2002,37165.63356779761,40693.17515015743,34074.8730833109
DALYs (Disability-Adjusted Life Years),Bhutan,Both,Age-standardized,All causes,Rate,2002,46557.99389444105,52349.87486884784,41112.4833236762
DALYs (Disability-Adjusted Life Years),Bosnia and Herzegovina,Both,Age-standardized,All causes,Rate,2000,27742.952869865796,31080.293888932432,24989.22695496939
DALYs (Disability-Adjusted Life Years),Comoros,Both,Age-standardized,All causes,Rate,2002,57963.84092870561,65371.483210478895,51261.27260712986
DALYs (Disability-Adjusted Life Years),Spain,Both,Age-standardized,All causes,Rate,2000,22046.325058552386,25214.013260596625,19417.509019729434
DALYs (Disability-Adjusted Life Years),Burkina Faso,Both,Age-standardized,All causes,Rate,2002,86900.26506938726,94761.40071103704,79939.94979442726
DALYs (Disability-Adjusted Life Years),Togo,Both,Age-standardized,All causes,Rate,1997,75402.38762713148,82132.24794924361,68509.42344449613
DALYs (Disability-Adjusted Life Years),Guatemala,Both,Age-standardized,All causes,Rate,2000,47337.394534795676,51196.65331448501,44263.72841548307
DALYs (Disability-Adjusted Life Years),Democratic People's Republic of Korea,Both,Age-standardized,All causes,Rate,2004,35411.943786294556,40936.56395605261,30254.36619952776
DALYs (Disability-Adjusted Life Years),Maldives,Both,Age-standardized,All causes,Rate,2004,31055.300758925292,34811.908715678284,28447.429401633417
DALYs (Disability-Adjusted Life Years),Azerbaijan,Both,Age-standardized,All causes,Rate,2003,42764.33751473493,46173.082366754155,39456.2330868272
DALYs (Disability-Adjusted Life Years),Palestine,Both,Age-standardized,All causes,Rate,2000,39975.79685039222,44113.977770960984,36559.34152329566
DALYs (Disability-Adjusted Life Years),Germany,Both,Age-standardized,All causes,Rate,2004,22778.323070085553,26111.057519081114,19908.62040136072
DALYs (Disability-Adjusted Life Years),Bulgaria,Both,Age-standardized,All causes,Rate,2004,35784.21338566375,38918.567418526494,32958.33120253998
DALYs (Disability-Adjusted Life Years),Algeria,Both,Age-standardized,All causes,Rate,2003,33942.47208814833,37793.4337726596,30292.770864431495
DALYs (Disability-Adjusted Life Years),Sweden,Both,Age-standardized,All causes,Rate,2004,20325.204115071265,23376.90237050461,17704.21138847158
DALYs (Disability-Adjusted Life Years),Saint Vincent and the Grenadines,Both,Age-standardized,All causes,Rate,2004,34538.65763475091,37877.66902888765,31655.824185823745
DALYs (Disability-Adjusted Life Years),Spain,Both,Age-standardized,All causes,Rate,2002,21483.234050784165,24605.830228117742,18915.086386138886
DALYs (Disability-Adjusted Life Years),Bahamas,Both,Age-standardized,All causes,Rate,2002,35011.16712439165,38317.09203025947,32015.89049752317
DALYs (Disability-Adjusted Life Years),Qatar,Both,Age-standardized,All causes,Rate,2003,36659.24086792533,41868.86998349643,32369.590962931637
DALYs (Disability-Adjusted Life Years),Saint Lucia,Both,Age-standardized,All causes,Rate,2002,32643.52501791595,36096.885439366844,29874.840147314786
DALYs (Disability-Adjusted Life Years),Honduras,Both,Age-standardized,All causes,Rate,2004,38539.5916683121,45033.40360357102,32678.550606089448
DALYs (Disability-Adjusted Life Years),India,Both,Age-standardized,All causes,Rate,2003,51293.16144468854,55773.93575707512,47574.793461109795
DALYs (Disability-Adjusted Life Years),Burundi,Both,Age-standardized,All causes,Rate,2003,102697.75801462015,111345.07622521136,93593.33599980743
DALYs (Disability-Adjusted Life Years),Mali,Both,Age-standardized,All causes,Rate,2004,79830.34966728765,86154.83881241034,74064.81284363939
DALYs (Disability-Adjusted Life Years),Mauritania,Both,Age-standardized,All causes,Rate,2003,49863.18913883324,55010.17426403617,44729.25226740585
DALYs (Disability-Adjusted Life Years),Pakistan,Both,Age-standardized,All causes,Rate,2000,58186.03228125729,63179.84223192028,53525.22068608275
DALYs (Disability-Adjusted Life Years),Gabon,Both,Age-standardized,All causes,Rate,2002,66957.54706489935,75177.25846776945,58857.966875018275
DALYs (Disability-Adjusted Life Years),Albania,Both,Age-standardized,All causes,Rate,2001,28898.177186171088,32259.864648224502,25720.26230120305
DALYs (Disability-Adjusted Life Years),Rwanda,Both,Age-standardized,All causes,Rate,2002,87983.77736957515,94948.06143673067,80754.46740412855
DALYs (Disability-Adjusted Life Years),Bolivia (Plurinational State of),Both,Age-standardized,All causes,Rate,2000,47906.14450039188,52850.78375711856,43569.46003170185
DALYs (Disability-Adjusted Life Years),Grenada,Both,Age-standardized,All causes,Rate,2001,34099.80687205283,37455.769347169575,31281.405149044065
DALYs (Disability-Adjusted Life Years),Venezuela (Bolivarian Republic of),Both,Age-standardized,All causes,Rate,2000,32272.540086372737,35561.352363183076,29551.123362188802
DALYs (Disability-Adjusted Life Years),Egypt,Both,Age-standardized,All causes,Rate,2001,45011.15924579637,48506.74995135645,41983.92008652255
DALYs (Disability-Adjusted Life Years),Belarus,Both,Age-standardized,All causes,Rate,2002,41609.152774049886,44727.374415530205,38946.06547065223
DALYs (Disability-Adjusted Life Years),Nigeria,Both,Age-standardized,All causes,Rate,2003,80175.43603278541,87467.95566192918,74394.85317856216
DALYs (Disability-Adjusted Life Years),Taiwan (Province of China),Both,Age-standardized,All causes,Rate,2004,23060.11998052036,25757.73372806153,20789.380330722302
DALYs (Disability-Adjusted Life Years),Viet Nam,Both,Age-standardized,All causes,Rate,2004,31981.0618055865,36410.08601581581,28687.20428262146
DALYs (Disability-Adjusted Life Years),Democratic Republic of the Congo,Both,Age-standardized,All causes,Rate,2004,81966.55669361088,89814.5875885536,74932.45597004407
DALYs (Disability-Adjusted Life Years),Papua New Guinea,Both,Age-standardized,All causes,Rate,2004,54326.478649733544,61255.83570206678,47984.34233719303
DALYs (Disability-Adjusted Life Years),Niger,Both,Age-standardized,All causes,Rate,2003,84913.03364010846,92453.63057025486,77220.77965494493
DALYs (Disability-Adjusted Life Years),Antigua and Barbuda,Both,Age-standardized,All causes,Rate,2004,28190.752019939842,31355.643285359645,25326.711282650034
DALYs (Disability-Adjusted Life Years),Egypt,Both,Age-standardized,All causes,Rate,2004,44265.062869276095,47605.0544467878,41150.846732507416
DALYs (Disability-Adjusted Life Years),Netherlands,Both,Age-standardized,All causes,Rate,2003,22359.711331198418,25366.087478874284,19764.138318791534
DALYs (Disability-Adjusted Life Years),Syrian Arab Republic,Both,Age-standardized,All causes,Rate,2004,31441.469503961634,35072.25243327333,28095.15987044479
DALYs (Disability-Adjusted Life Years),Norway,Both,Age-standardized,All causes,Rate,1999,23402.814020547026,26669.355692789864,20658.02573834853
DALYs (Disability-Adjusted Life Years),Tokelau,Both,Age-standardized,All causes,Rate,1999,38904.76825438703,45709.907829035736,33420.646958289406
DALYs (Disability-Adjusted Life Years),Guinea-Bissau,Both,Age-standardized,All causes,Rate,2004,87711.95149748499,97003.99787301083,78346.2581654126
DALYs (Disability-Adjusted Life Years),Poland,Both,Age-standardized,All causes,Rate,1999,31294.466750812066,34460.55469493958,28577.889540503875
DALYs (Disability-Adjusted Life Years),Guam,Both,Age-standardized,All causes,Rate,2004,25202.61010180032,28167.022446198454,22672.637498459597
DALYs (Disability-Adjusted Life Years),Palau,Both,Age-standardized,All causes,Rate,2004,42797.12535454229,49276.48039958631,37742.17620568311
DALYs (Disability-Adjusted Life Years),Saint Lucia,Both,Age-standardized,All causes,Rate,2000,33105.206484845396,36406.33406115705,30141.411247278338
DALYs (Disability-Adjusted Life Years),Portugal,Both,Age-standardized,All causes,Rate,1999,27489.53316073014,30834.99415575348,24534.993704506687
DALYs (Disability-Adjusted Life Years),Fiji,Both,Age-standardized,All causes,Rate,2001,46874.521637524216,50629.204369208644,43995.319587179896
DALYs (Disability-Adjusted Life Years),Liberia,Both,Age-standardized,All causes,Rate,2000,85196.1305225663,92003.1441904508,78486.41527733934
DALYs (Disability-Adjusted Life Years),Ukraine,Both,Age-standardized,All causes,Rate,2001,42905.26799769706,46302.11296969431,40044.247376376006
DALYs (Disability-Adjusted Life Years),France,Both,Age-standardized,All causes,Rate,2001,23357.524815239696,26719.707132437754,20568.479411658784
DALYs (Disability-Adjusted Life Years),Azerbaijan,Both,Age-standardized,All causes,Rate,2001,43254.4448722395,46929.63930657085,40121.20680279453
DALYs (Disability-Adjusted Life Years),Spain,Both,Age-standardized,All causes,Rate,2001,21651.442534895814,24846.666217218568,19046.77653273491
DALYs (Disability-Adjusted Life Years),Portugal,Both,Age-standardized,All causes,Rate,2001,26337.513811479723,29714.474899181987,23490.675245972132
DALYs (Disability-Adjusted Life Years),Bahamas,Both,Age-standardized,All causes,Rate,2001,35845.75186682148,39205.50196462138,32949.93422328714
DALYs (Disability-Adjusted Life Years),Jamaica,Both,Age-standardized,All causes,Rate,2001,30320.387693234014,33430.311138381854,27665.265263272227
DALYs (Disability-Adjusted Life Years),Mauritius,Both,Age-standardized,All causes,Rate,2001,32849.93362764269,36061.69709717843,30068.212234343773
DALYs (Disability-Adjusted Life Years),South Africa,Both,Age-standardized,All causes,Rate,2001,78144.97241839903,82441.28203335211,74501.96386296979
DALYs (Disability-Adjusted Life Years),El Salvador,Both,Age-standardized,All causes,Rate,2001,35318.857341283336,38932.41532032181,32544.818764071966
DALYs (Disability-Adjusted Life Years),Côte d'Ivoire,Both,Age-standardized,All causes,Rate,2001,90513.88433493295,99249.41414767793,81764.08660655223
DALYs (Disability-Adjusted Life Years),Sierra Leone,Both,Age-standardized,All causes,Rate,2001,92713.20937596844,100758.1171620994,86141.51847686987
DALYs (Disability-Adjusted Life Years),Puerto Rico,Both,Age-standardized,All causes,Rate,2001,27606.823140974084,30892.214747336555,24927.396470501488
DALYs (Disability-Adjusted Life Years),Slovenia,Both,Age-standardized,All causes,Rate,2001,26163.541009060344,29342.992256430633,23493.334838002418
DALYs (Disability-Adjusted Life Years),Andorra,Both,Age-standardized,All causes,Rate,2002,20307.409297229344,23987.944490134254,17041.59317205371
DALYs (Disability-Adjusted Life Years),Kyrgyzstan,Both,Age-standardized,All causes,Rate,2004,43580.54420167052,47246.49043351019,40457.16334040005
DALYs (Disability-Adjusted Life Years),Bosnia and Herzegovina,Both,Age-standardized,All causes,Rate,2004,25825.298456594483,28941.987893871206,23212.359357965095
DALYs (Disability-Adjusted Life Years),Costa Rica,Both,Age-standardized,All causes,Rate,2001,25007.658149202605,28141.66748330869,22260.96892875758
DALYs (Disability-Adjusted Life Years),Bhutan,Both,Age-standardized,All causes,Rate,2001,48041.39897230133,54010.124619556474,42462.05563237082
DALYs (Disability-Adjusted Life Years),Seychelles,Both,Age-standardized,All causes,Rate,2001,32239.26856932508,35249.842531476796,29771.531429876984
DALYs (Disability-Adjusted Life Years),Burkina Faso,Both,Age-standardized,All causes,Rate,2001,88744.3923761528,96303.68556199447,81412.4716858617
DALYs (Disability-Adjusted Life Years),Haiti,Both,Age-standardized,All causes,Rate,2001,73143.42698529623,80373.37085731709,66150.1788527722
DALYs (Disability-Adjusted Life Years),Guinea,Both,Age-standardized,All causes,Rate,2001,83255.6483625009,90915.36796996293,76332.20679370864
DALYs (Disability-Adjusted Life Years),Oman,Both,Age-standardized,All causes,Rate,1999,34552.60914747366,39884.74884345591,29842.590508782374
DALYs (Disability-Adjusted Life Years),Republic of Moldova,Both,Age-standardized,All causes,Rate,2004,38029.63700278515,40948.885539810115,35316.968414352814
DALYs (Disability-Adjusted Life Years),Comoros,Both,Age-standardized,All causes,Rate,2001,58877.79804485675,66197.10724947644,52071.544802215256
DALYs (Disability-Adjusted Life Years),Republic of Korea,Both,Age-standardized,All causes,Rate,2004,23030.288927225225,25944.695967774995,20549.3730457498
DALYs (Disability-Adjusted Life Years),Syrian Arab Republic,Both,Age-standardized,All causes,Rate,2000,35267.94752713087,39484.532168884725,31714.590738618932
DALYs (Disability-Adjusted Life Years),Honduras,Both,Age-standardized,All causes,Rate,2001,39612.77352405713,46035.40505953325,34461.57649206953
DALYs (Disability-Adjusted Life Years),Burundi,Both,Age-standardized,All causes,Rate,1999,119007.41490698894,129518.19111892271,107965.09998851782
DALYs (Disability-Adjusted Life Years),Qatar,Both,Age-standardized,All causes,Rate,2000,36965.17421050605,42099.74768111182,32851.42230619197
DALYs (Disability-Adjusted Life Years),Rwanda,Both,Age-standardized,All causes,Rate,2000,97614.62834195844,105245.94322181717,90359.29068992168
DALYs (Disability-Adjusted Life Years),Burundi,Both,Age-standardized,All causes,Rate,2000,116889.3333814027,126864.2285671032,105959.85767416484
DALYs (Disability-Adjusted Life Years),Zimbabwe,Both,Age-standardized,All causes,Rate,2000,113003.081215197,131436.74360512453,94083.10412618567
DALYs (Disability-Adjusted Life Years),Saint Lucia,Both,Age-standardized,All causes,Rate,2001,32857.04139004722,36207.36058313039,30019.6703410182
DALYs (Disability-Adjusted Life Years),Mauritania,Both,Age-standardized,All causes,Rate,2001,51981.28186502187,57674.9649079483,46725.52788343417
DALYs (Disability-Adjusted Life Years),Palestine,Both,Age-standardized,All causes,Rate,2001,41491.93103152348,45566.015346875254,38282.968141897196
DALYs (Disability-Adjusted Life Years),Gabon,Both,Age-standardized,All causes,Rate,2001,67922.11268403435,76268.98338823646,59771.82872532267
DALYs (Disability-Adjusted Life Years),Bermuda,Both,Age-standardized,All causes,Rate,2003,22620.41654000599,25429.8597432692,19805.8283860845
DALYs (Disability-Adjusted Life Years),Uganda,Both,Age-standardized,All causes,Rate,2000,100722.37020438034,109113.03015325435,92289.44387416345
DALYs (Disability-Adjusted Life Years),Canada,Both,Age-standardized,All causes,Rate,2006,21342.165473600737,24538.32973116143,18686.66290069544
DALYs (Disability-Adjusted Life Years),Tajikistan,Both,Age-standardized,All causes,Rate,2002,44401.19790377304,48141.948529069756,40751.1909704367
DALYs (Disability-Adjusted Life Years),Denmark,Both,Age-standardized,All causes,Rate,2003,24399.572696380674,27617.899069941588,21753.22267498556
DALYs (Disability-Adjusted Life Years),Norway,Both,Age-standardized,All causes,Rate,2003,22155.25815946341,25389.898565983072,19408.98940695135
DALYs (Disability-Adjusted Life Years),Brunei Darussalam,Both,Age-standardized,All causes,Rate,2003,27897.085802569876,31207.98164502795,25146.909148697116
DALYs (Disability-Adjusted Life Years),France,Both,Age-standardized,All causes,Rate,2004,22227.45784386042,25625.890950051617,19419.06883254046
DALYs (Disability-Adjusted Life Years),Sudan,Both,Age-standardized,All causes,Rate,2002,56599.9090303382,64479.22281068098,49850.37560991128
DALYs (Disability-Adjusted Life Years),Syrian Arab Republic,Both,Age-standardized,All causes,Rate,2001,33934.638285975525,37896.512731013645,30295.418102582673
DALYs (Disability-Adjusted Life Years),Slovakia,Both,Age-standardized,All causes,Rate,2003,29332.873926897035,32549.94465521691,26578.847504625202
DALYs (Disability-Adjusted Life Years),Spain,Both,Age-standardized,All causes,Rate,2004,21033.19232327081,24153.256088683094,18419.67423856247
DALYs (Disability-Adjusted Life Years),Jamaica,Both,Age-standardized,All causes,Rate,2002,29042.939802946134,32154.53395049552,26377.67413233505
DALYs (Disability-Adjusted Life Years),Nigeria,Both,Age-standardized,All causes,Rate,2001,83031.33843720084,90110.49631026987,76127.35519163092
DALYs (Disability-Adjusted Life Years),Oman,Both,Age-standardized,All causes,Rate,2003,31997.435292767266,36808.94008745209,28141.482634126445
DALYs (Disability-Adjusted Life Years),Colombia,Both,Age-standardized,All causes,Rate,2003,30632.007013133494,33946.41815061286,27879.965702682184
DALYs (Disability-Adjusted Life Years),Seychelles,Both,Age-standardized,All causes,Rate,2003,32798.60071164715,35903.18206649724,30191.906734895296
DALYs (Disability-Adjusted Life Years),Pakistan,Both,Age-standardized,All causes,Rate,2002,57157.55121799254,61698.49964160538,52799.56806806893
DALYs (Disability-Adjusted Life Years),Bahrain,Both,Age-standardized,All causes,Rate,2003,37254.47705504146,40759.59071006289,34158.843385629065
DALYs (Disability-Adjusted Life Years),Cook Islands,Both,Age-standardized,All causes,Rate,2003,30624.52697993811,34290.87580796765,27557.211149849838
DALYs (Disability-Adjusted Life Years),Bhutan,Both,Age-standardized,All causes,Rate,2003,45280.37746753243,50722.708224435395,39844.12411083945
DALYs (Disability-Adjusted Life Years),Peru,Both,Age-standardized,All causes,Rate,1999,32869.06660011425,36586.66596975919,29509.810448703334
DALYs (Disability-Adjusted Life Years),Comoros,Both,Age-standardized,All causes,Rate,2003,55793.27505979375,63036.792094335906,48974.68966973505
DALYs (Disability-Adjusted Life Years),Benin,Both,Age-standardized,All causes,Rate,2004,68046.10135395521,74007.16516470011,62268.742354685826
DALYs (Disability-Adjusted Life Years),Guatemala,Both,Age-standardized,All causes,Rate,2001,46129.8517980118,50033.78580406395,42935.194581439326
DALYs (Disability-Adjusted Life Years),Pakistan,Both,Age-standardized,All causes,Rate,2004,56013.57109768382,60943.582712358315,51922.108242577284
DALYs (Disability-Adjusted Life Years),Mauritania,Both,Age-standardized,All causes,Rate,2004,48909.082182234306,54138.34812764823,43704.63480023306
DALYs (Disability-Adjusted Life Years),Saint Vincent and the Grenadines,Both,Age-standardized,All causes,Rate,2005,34270.903475019266,37526.63895602812,31511.673076750725
DALYs (Disability-Adjusted Life Years),Czechia,Both,Age-standardized,All causes,Rate,2003,26990.116989041013,30144.487285376155,24293.920810019248
DALYs (Disability-Adjusted Life Years),Costa Rica,Both,Age-standardized,All causes,Rate,2003,24456.823778768245,27642.447822473747,21784.664553812043
DALYs (Disability-Adjusted Life Years),Honduras,Both,Age-standardized,All causes,Rate,2005,38106.11206808428,44618.492976494825,32264.738841713213
DALYs (Disability-Adjusted Life Years),Mexico,Both,Age-standardized,All causes,Rate,2001,31527.12615650525,34755.06988716337,28830.00784236294
DALYs (Disability-Adjusted Life Years),Nigeria,Both,Age-standardized,All causes,Rate,2004,78493.06271030143,85607.02341462187,71764.87251182637
DALYs (Disability-Adjusted Life Years),Bahamas,Both,Age-standardized,All causes,Rate,2004,33981.93184054421,37466.86646471412,31021.76016093371
DALYs (Disability-Adjusted Life Years),Saint Lucia,Both,Age-standardized,All causes,Rate,2004,31935.647002623296,35639.612700111524,29066.169028996897
DALYs (Disability-Adjusted Life Years),Guatemala,Both,Age-standardized,All causes,Rate,2004,43342.55309923995,47147.52497695235,40177.5587779115
DALYs (Disability-Adjusted Life Years),Saint Vincent and the Grenadines,Both,Age-standardized,All causes,Rate,2002,35770.89110123264,39201.76854398144,32957.82140014414
DALYs (Disability-Adjusted Life Years),Djibouti,Both,Age-standardized,All causes,Rate,2002,62173.33907080783,73049.97848941956,53104.79895263218
DALYs (Disability-Adjusted Life Years),Iran (Islamic Republic of),Both,Age-standardized,All causes,Rate,2004,33127.29234597999,36340.202219361985,30174.21581376494
DALYs (Disability-Adjusted Life Years),Benin,Both,Age-standardized,All causes,Rate,2000,72220.4601666301,78475.94973411929,66485.64099004873
DALYs (Disability-Adjusted Life Years),Monaco,Both,Age-standardized,All causes,Rate,2001,23086.127513993226,27021.849343992744,19470.68497466257
DALYs (Disability-Adjusted Life Years),Mali,Both,Age-standardized,All causes,Rate,2002,84212.12652725421,90992.94938186098,78269.91562071432
DALYs (Disability-Adjusted Life Years),Barbados,Both,Age-standardized,All causes,Rate,2003,29951.079453056802,33033.067891775194,27048.396408140685
DALYs (Disability-Adjusted Life Years),Fiji,Both,Age-standardized,All causes,Rate,2002,45913.90811736863,49552.59724631057,43049.07055250071
DALYs (Disability-Adjusted Life Years),Haiti,Both,Age-standardized,All causes,Rate,2003,70753.13258268872,78044.75854062902,63722.120004287164
DALYs (Disability-Adjusted Life Years),United States Virgin Islands,Both,Age-standardized,All causes,Rate,2004,30866.47163222228,34778.06172911371,27466.426208483448
DALYs (Disability-Adjusted Life Years),Burkina Faso,Both,Age-standardized,All causes,Rate,2003,84832.51067882014,93284.93550745219,77673.38300937033
DALYs (Disability-Adjusted Life Years),Northern Mariana Islands,Both,Age-standardized,All causes,Rate,2004,30394.786728454008,34725.367073553425,26561.51604020093
DALYs (Disability-Adjusted Life Years),Greenland,Both,Age-standardized,All causes,Rate,2003,39107.71612100641,43002.73854661459,35563.52221802732
DALYs (Disability-Adjusted Life Years),Tokelau,Both,Age-standardized,All causes,Rate,2003,37613.30478782566,44281.24339462048,32238.244595030475
DALYs (Disability-Adjusted Life Years),Ecuador,Both,Age-standardized,All causes,Rate,2003,33219.33092636289,37054.28064434126,29922.95066240076
DALYs (Disability-Adjusted Life Years),Paraguay,Both,Age-standardized,All causes,Rate,2003,30656.010772404286,34460.627999870296,27325.532440382925
DALYs (Disability-Adjusted Life Years),Azerbaijan,Both,Age-standardized,All causes,Rate,2002,42793.192487216395,46565.29153164955,39657.312475577135
DALYs (Disability-Adjusted Life Years),Iraq,Both,Age-standardized,All causes,Rate,2003,44160.91214845535,50246.631167707754,38902.613419969304
DALYs (Disability-Adjusted Life Years),Pakistan,Both,Age-standardized,All causes,Rate,2003,56776.55495332376,61257.17751538284,52082.435864488296
DALYs (Disability-Adjusted Life Years),Mexico,Both,Age-standardized,All causes,Rate,2004,30591.273271937447,33686.18440983754,27796.92100516721
DALYs (Disability-Adjusted Life Years),Liberia,Both,Age-standardized,All causes,Rate,1999,86619.67903171468,94317.47886833844,79587.92418965428
DALYs (Disability-Adjusted Life Years),Djibouti,Both,Age-standardized,All causes,Rate,2003,61619.315607121236,72347.05488621493,52619.43387331158
DALYs (Disability-Adjusted Life Years),United States Virgin Islands,Both,Age-standardized,All causes,Rate,2000,31544.569686788032,35361.89461441344,28010.442455021657
DALYs (Disability-Adjusted Life Years),Guyana,Both,Age-standardized,All causes,Rate,2003,51169.42990980321,55785.60182473065,47247.43997689901
DALYs (Disability-Adjusted Life Years),Norway,Both,Age-standardized,All causes,Rate,2001,22878.9035841672,26033.356966566014,20087.0090012586
DALYs (Disability-Adjusted Life Years),Türkiye,Both,Age-standardized,All causes,Rate,2003,30932.088171412925,34453.717684161034,27531.256397990466
DALYs (Disability-Adjusted Life Years),Cambodia,Both,Age-standardized,All causes,Rate,2004,56287.6568010346,61449.498149734616,51656.450749499825
DALYs (Disability-Adjusted Life Years),Maldives,Both,Age-standardized,All causes,Rate,2005,27464.88469663673,31099.717077185407,24789.006218130533
DALYs (Disability-Adjusted Life Years),Fiji,Both,Age-standardized,All causes,Rate,2004,44738.43134904986,48209.57134134593,41920.190825435624
DALYs (Disability-Adjusted Life Years),United States Virgin Islands,Both,Age-standardized,All causes,Rate,2002,31262.78475682066,35142.25142713506,27877.89360935986
DALYs (Disability-Adjusted Life Years),Papua New Guinea,Both,Age-standardized,All causes,Rate,2005,54236.6711861868,61524.165618414605,48459.76410888014
DALYs (Disability-Adjusted Life Years),Mongolia,Both,Age-standardized,All causes,Rate,2005,48927.89393957206,52920.744104143734,45615.518956383035
DALYs (Disability-Adjusted Life Years),Montenegro,Both,Age-standardized,All causes,Rate,2005,28525.9772134003,31594.578075088342,25876.123510414385
DALYs (Disability-Adjusted Life Years),Russian Federation,Both,Age-standardized,All causes,Rate,2005,49364.38839802267,52782.2541459911,46489.31540034433
DALYs (Disability-Adjusted Life Years),Germany,Both,Age-standardized,All causes,Rate,2005,22423.63342858949,25788.39126836157,19577.664947949004
DALYs (Disability-Adjusted Life Years),Thailand,Both,Age-standardized,All causes,Rate,2002,35066.502807889556,38581.86813270381,31736.992524642275
DALYs (Disability-Adjusted Life Years),Sweden,Both,Age-standardized,All causes,Rate,2005,19951.74407989324,22983.749516826498,17320.63161564093
DALYs (Disability-Adjusted Life Years),Antigua and Barbuda,Both,Age-standardized,All causes,Rate,2005,27921.439975952988,31027.63965747592,25044.77192149895
DALYs (Disability-Adjusted Life Years),Brazil,Both,Age-standardized,All causes,Rate,2004,35697.91160859675,39649.489953003496,32399.313437524124
DALYs (Disability-Adjusted Life Years),Palestine,Both,Age-standardized,All causes,Rate,2003,40971.4522296281,44796.825339358504,37817.374947775395
DALYs (Disability-Adjusted Life Years),Gabon,Both,Age-standardized,All causes,Rate,2003,66645.5540666568,75019.73689250645,58904.950026759085
DALYs (Disability-Adjusted Life Years),Egypt,Both,Age-standardized,All causes,Rate,2005,43466.413572056146,46793.06667127617,40439.55855151179
DALYs (Disability-Adjusted Life Years),Syrian Arab Republic,Both,Age-standardized,All causes,Rate,2005,31081.746048975845,34932.742813016164,27737.52111170844
DALYs (Disability-Adjusted Life Years),Senegal,Both,Age-standardized,All causes,Rate,2005,57121.38283266568,62030.50851171764,52941.280367809326
DALYs (Disability-Adjusted Life Years),Rwanda,Both,Age-standardized,All causes,Rate,2003,83191.85740009573,90033.82186972041,76787.58234708082
DALYs (Disability-Adjusted Life Years),Palau,Both,Age-standardized,All causes,Rate,2005,42991.85529416309,49474.1247644723,37900.215664427895
DALYs (Disability-Adjusted Life Years),American Samoa,Both,Age-standardized,All causes,Rate,2004,36624.485327228314,40573.81731012852,33437.55626210505
DALYs (Disability-Adjusted Life Years),Belize,Both,Age-standardized,All causes,Rate,2003,35862.09510176336,39136.16941039355,32986.54042147543
DALYs (Disability-Adjusted Life Years),Azerbaijan,Both,Age-standardized,All causes,Rate,2004,42424.66556536037,45790.00974623784,39210.2332561583
DALYs (Disability-Adjusted Life Years),Croatia,Both,Age-standardized,All causes,Rate,2004,26704.383727575303,29674.41993229188,24127.121853715445
DALYs (Disability-Adjusted Life Years),Germany,Both,Age-standardized,All causes,Rate,2001,23566.924321230978,26862.17397912269,20829.63770887657
DALYs (Disability-Adjusted Life Years),Samoa,Both,Age-standardized,All causes,Rate,1999,38396.55131694245,43885.697426129525,33482.217769842726
DALYs (Disability-Adjusted Life Years),Malaysia,Both,Age-standardized,All causes,Rate,2003,29695.80047629023,32814.14966995167,27104.349358594605
DALYs (Disability-Adjusted Life Years),Germany,Both,Age-standardized,All causes,Rate,2002,23448.821097263397,26773.784571521297,20699.184714873958
DALYs (Disability-Adjusted Life Years),Micronesia (Federated States of),Both,Age-standardized,All causes,Rate,2003,48574.522711422855,55368.53442117515,43299.95647699211
DALYs (Disability-Adjusted Life Years),Sweden,Both,Age-standardized,All causes,Rate,2002,20671.61267679086,23723.72447391608,18059.452903216094
DALYs (Disability-Adjusted Life Years),Dominica,Both,Age-standardized,All causes,Rate,2002,31609.956615376155,35017.094931185165,28688.443053955405
DALYs (Disability-Adjusted Life Years),Bulgaria,Both,Age-standardized,All causes,Rate,2002,36941.12383771242,40149.8889674943,34098.95551153471
DALYs (Disability-Adjusted Life Years),Poland,Both,Age-standardized,All causes,Rate,2002,28801.85547055118,31915.256376858448,26097.585832555058
DALYs (Disability-Adjusted Life Years),Ukraine,Both,Age-standardized,All causes,Rate,2002,43075.54849856703,46431.711934158426,40216.641216683594
DALYs (Disability-Adjusted Life Years),Oman,Both,Age-standardized,All causes,Rate,2001,32987.32379714229,37938.68676550043,28802.919405509285
DALYs (Disability-Adjusted Life Years),Bahrain,Both,Age-standardized,All causes,Rate,2001,37858.02286388928,41483.535834040194,34763.7714796655
DALYs (Disability-Adjusted Life Years),Democratic People's Republic of Korea,Both,Age-standardized,All causes,Rate,2005,35017.528190910816,40478.811040695065,29948.129769009312
DALYs (Disability-Adjusted Life Years),Estonia,Both,Age-standardized,All causes,Rate,2004,32875.130980444264,36330.93295219495,30180.91545074614
DALYs (Disability-Adjusted Life Years),Andorra,Both,Age-standardized,All causes,Rate,2005,19909.575710655743,23761.948368152836,16843.289041622073
DALYs (Disability-Adjusted Life Years),Myanmar,Both,Age-standardized,All causes,Rate,2003,63433.01407964949,70390.02085776947,57116.818512335456
DALYs (Disability-Adjusted Life Years),Indonesia,Both,Age-standardized,All causes,Rate,2002,43390.524623761004,47318.83483313089,40061.74623052623
DALYs (Disability-Adjusted Life Years),New Zealand,Both,Age-standardized,All causes,Rate,2004,23483.434546668297,26840.66066082834,20603.809050452
DALYs (Disability-Adjusted Life Years),Pakistan,Both,Age-standardized,All causes,Rate,2005,57982.29881474046,62670.712744179815,53510.096509669806
DALYs (Disability-Adjusted Life Years),Finland,Both,Age-standardized,All causes,Rate,2004,23497.211318221576,26924.627986318494,20729.280550430103
DALYs (Disability-Adjusted Life Years),Djibouti,Both,Age-standardized,All causes,Rate,2005,60486.952612552355,71437.40556357779,51241.542526773395
DALYs (Disability-Adjusted Life Years),Spain,Both,Age-standardized,All causes,Rate,2005,20747.667387808167,23893.65719044,18145.59545219503
DALYs (Disability-Adjusted Life Years),Jamaica,Both,Age-standardized,All causes,Rate,2004,27263.623753702082,30427.704973696513,24675.36024875776
DALYs (Disability-Adjusted Life Years),Bahamas,Both,Age-standardized,All causes,Rate,2005,32998.94318308297,36490.729452438965,30020.454568307676
DALYs (Disability-Adjusted Life Years),Guam,Both,Age-standardized,All causes,Rate,2005,25309.354033280502,28217.201769758492,22776.8743689887
DALYs (Disability-Adjusted Life Years),El Salvador,Both,Age-standardized,All causes,Rate,2004,33634.16243789043,37096.69089842974,30590.045300642156
DALYs (Disability-Adjusted Life Years),Algeria,Both,Age-standardized,All causes,Rate,2004,32909.22261083543,36609.431726209914,29537.724786201536
DALYs (Disability-Adjusted Life Years),Saint Lucia,Both,Age-standardized,All causes,Rate,2005,31497.853672392735,35298.67601918462,28574.84920882651
DALYs (Disability-Adjusted Life Years),Qatar,Both,Age-standardized,All causes,Rate,2004,36074.69975643547,40974.33943902619,32139.170107859216
DALYs (Disability-Adjusted Life Years),Guatemala,Both,Age-standardized,All causes,Rate,2005,43855.65031358496,47583.00201322708,40643.982905143384
DALYs (Disability-Adjusted Life Years),India,Both,Age-standardized,All causes,Rate,2004,50569.631381132975,55251.45596542837,46996.25128624779
DALYs (Disability-Adjusted Life Years),Burundi,Both,Age-standardized,All causes,Rate,2004,97252.67280403148,105350.87524573608,88593.21356031919
DALYs (Disability-Adjusted Life Years),Botswana,Both,Age-standardized,All causes,Rate,2004,94216.54045791329,108002.44685421578,83332.51580677625
DALYs (Disability-Adjusted Life Years),Zimbabwe,Both,Age-standardized,All causes,Rate,2005,116533.5331772196,128842.16474316976,104071.77436776174
DALYs (Disability-Adjusted Life Years),Cook Islands,Both,Age-standardized,All causes,Rate,2004,30170.323392747945,33937.16526993271,27016.703678921305
DALYs (Disability-Adjusted Life Years),Monaco,Both,Age-standardized,All causes,Rate,2004,22840.008568165744,26540.865160015524,19624.925286072616
DALYs (Disability-Adjusted Life Years),Zimbabwe,Both,Age-standardized,All causes,Rate,2003,119714.33718072985,135334.61316764145,103413.44154632765
DALYs (Disability-Adjusted Life Years),Zambia,Both,Age-standardized,All causes,Rate,2005,100187.15871626553,109719.33205291549,91863.21417932429
DALYs (Disability-Adjusted Life Years),Mexico,Both,Age-standardized,All causes,Rate,2005,30583.192273249715,33691.04995779118,27896.658589208113
DALYs (Disability-Adjusted Life Years),Bosnia and Herzegovina,Both,Age-standardized,All causes,Rate,2001,26993.538433686692,30275.680981790265,24058.227442427335
DALYs (Disability-Adjusted Life Years),Lao People's Democratic Republic,Both,Age-standardized,All causes,Rate,2002,65345.54018430226,72190.26421455614,59081.14394282093
DALYs (Disability-Adjusted Life Years),Micronesia (Federated States of),Both,Age-standardized,All causes,Rate,2002,51802.115488341464,58088.187927653955,46312.826670490984
DALYs (Disability-Adjusted Life Years),Greenland,Both,Age-standardized,All causes,Rate,2001,40829.04398361806,44958.963668088545,37184.30856756975
DALYs (Disability-Adjusted Life Years),Finland,Both,Age-standardized,All causes,Rate,2002,23818.923765362975,27138.58757923797,20936.554867307124
DALYs (Disability-Adjusted Life Years),Croatia,Both,Age-standardized,All causes,Rate,2002,27700.79049643897,30823.569115719307,25087.190766726908
DALYs (Disability-Adjusted Life Years),Zimbabwe,Both,Age-standardized,All causes,Rate,2002,118326.28391218896,134807.19619442613,100667.62619014383
DALYs (Disability-Adjusted Life Years),Cuba,Both,Age-standardized,All causes,Rate,2002,24365.37311647718,27506.68064886234,21824.023731752386
DALYs (Disability-Adjusted Life Years),Liberia,Both,Age-standardized,All causes,Rate,2002,85071.26420660329,91695.1726883761,78591.62841857932
DALYs (Disability-Adjusted Life Years),Trinidad and Tobago,Both,Age-standardized,All causes,Rate,2002,36504.45911491234,39811.362134186835,33558.248937074975
DALYs (Disability-Adjusted Life Years),Iceland,Both,Age-standardized,All causes,Rate,2002,20659.26399683269,23845.078976274002,18052.110541353148
DALYs (Disability-Adjusted Life Years),Uganda,Both,Age-standardized,All causes,Rate,2005,81616.71338731365,88774.52655380193,75081.8375787276
DALYs (Disability-Adjusted Life Years),United Kingdom,Both,Age-standardized,All causes,Rate,2002,23947.507712483402,27291.849767025815,21115.709837049988
DALYs (Disability-Adjusted Life Years),Barbados,Both,Age-standardized,All causes,Rate,2001,28285.461578307935,31585.59354744323,25451.316969043724
DALYs (Disability-Adjusted Life Years),Democratic Republic of the Congo,Both,Age-standardized,All causes,Rate,2005,79958.10571725521,87605.09867641587,73168.48371030318
DALYs (Disability-Adjusted Life Years),Eritrea,Both,Age-standardized,All causes,Rate,2005,72037.29049839878,83458.41758700422,61567.86440949711
DALYs (Disability-Adjusted Life Years),Norway,Both,Age-standardized,All causes,Rate,2000,23200.489960931813,26375.05133629773,20420.194521993897
DALYs (Disability-Adjusted Life Years),Ethiopia,Both,Age-standardized,All causes,Rate,2001,84698.79186494704,90145.60962557387,79709.08497119171
DALYs (Disability-Adjusted Life Years),Senegal,Both,Age-standardized,All causes,Rate,2001,63323.36325926801,68256.08434541445,58854.65008166193
DALYs (Disability-Adjusted Life Years),Maldives,Both,Age-standardized,All causes,Rate,2002,30856.012773305745,34596.10792768029,28112.51866634888
DALYs (Disability-Adjusted Life Years),Haiti,Both,Age-standardized,All causes,Rate,2000,74453.0252160318,81801.97028216974,67193.07930137462
DALYs (Disability-Adjusted Life Years),Papua New Guinea,Both,Age-standardized,All causes,Rate,2002,54534.41506607107,61836.90418493844,48246.26922934817
DALYs (Disability-Adjusted Life Years),Mongolia,Both,Age-standardized,All causes,Rate,2002,51509.286208219506,55914.35902600781,47757.403097592935
DALYs (Disability-Adjusted Life Years),Nepal,Both,Age-standardized,All causes,Rate,2000,52382.15588304779,57775.64602096854,47815.967534089395
DALYs (Disability-Adjusted Life Years),Egypt,Both,Age-standardized,All causes,Rate,2002,45081.34612752428,48500.301354174946,42104.885764921484
DALYs (Disability-Adjusted Life Years),Uganda,Both,Age-standardized,All causes,Rate,2002,94898.24113600132,102894.68346368663,87518.11280605073
DALYs (Disability-Adjusted Life Years),Guatemala,Both,Age-standardized,All causes,Rate,2002,44506.09533855046,48408.59309980522,41358.55526237939
DALYs (Disability-Adjusted Life Years),Kiribati,Both,Age-standardized,All causes,Rate,2000,62847.917351040116,70303.2022248904,55834.610798356545
DALYs (Disability-Adjusted Life Years),Palau,Both,Age-standardized,All causes,Rate,2002,42879.19928906665,48862.06183908744,37639.47420156197
DALYs (Disability-Adjusted Life Years),Palestine,Both,Age-standardized,All causes,Rate,2002,43378.72710282368,47501.65015205598,40244.41021093863
DALYs (Disability-Adjusted Life Years),Vanuatu,Both,Age-standardized,All causes,Rate,2001,50294.18834208709,57828.307788129976,43874.30169034221
DALYs (Disability-Adjusted Life Years),Thailand,Both,Age-standardized,All causes,Rate,2001,35154.39249867606,38894.44653542553,31894.496699426643
DALYs (Disability-Adjusted Life Years),Northern Mariana Islands,Both,Age-standardized,All causes,Rate,2002,30205.033630220853,34753.4307349464,26261.30156601684
DALYs (Disability-Adjusted Life Years),Fiji,Both,Age-standardized,All causes,Rate,2000,48104.61577124786,51707.76887480921,45237.95326813748
DALYs (Disability-Adjusted Life Years),Bulgaria,Both,Age-standardized,All causes,Rate,2003,36207.764434038705,39410.54759030857,33377.16304632862
DALYs (Disability-Adjusted Life Years),Portugal,Both,Age-standardized,All causes,Rate,2000,26886.29159653231,30214.31309204665,23927.05513867712
DALYs (Disability-Adjusted Life Years),Belarus,Both,Age-standardized,All causes,Rate,2003,40420.01809795739,43586.009359368836,37702.96994756675
DALYs (Disability-Adjusted Life Years),New Zealand,Both,Age-standardized,All causes,Rate,2002,24266.330472604364,27592.69678789541,21430.58816500043
DALYs (Disability-Adjusted Life Years),Brazil,Both,Age-standardized,All causes,Rate,2005,34913.9455483563,38829.84527428474,31534.06431589606
DALYs (Disability-Adjusted Life Years),Portugal,Both,Age-standardized,All causes,Rate,2002,25901.650530684215,29286.628348189737,23086.352075590155
DALYs (Disability-Adjusted Life Years),Mexico,Both,Age-standardized,All causes,Rate,2002,31362.087472360457,34637.47382405238,28559.16951864505
DALYs (Disability-Adjusted Life Years),Estonia,Both,Age-standardized,All causes,Rate,2002,34973.14161887721,38271.78458138063,32035.68597449833
DALYs (Disability-Adjusted Life Years),Saudi Arabia,Both,Age-standardized,All causes,Rate,2000,38015.415237818015,42935.629261843475,34085.958484399336
DALYs (Disability-Adjusted Life Years),United Republic of Tanzania,Both,Age-standardized,All causes,Rate,2000,86053.01086063316,94649.30237747762,77871.2359369721
DALYs (Disability-Adjusted Life Years),Malaysia,Both,Age-standardized,All causes,Rate,2002,29399.25052543372,32538.825097915607,26748.30725391377
DALYs (Disability-Adjusted Life Years),Tokelau,Both,Age-standardized,All causes,Rate,2001,38160.19662945101,44845.13704691997,33060.50852326383
DALYs (Disability-Adjusted Life Years),Benin,Both,Age-standardized,All causes,Rate,2002,70185.94085700475,76917.75507340988,64638.64009143121
DALYs (Disability-Adjusted Life Years),Portugal,Both,Age-standardized,All causes,Rate,2004,24537.325876755902,27982.062457436386,21720.013434871682
DALYs (Disability-Adjusted Life Years),Belize,Both,Age-standardized,All causes,Rate,2004,35396.290301529094,38679.03866952102,32580.424875469984
DALYs (Disability-Adjusted Life Years),Czechia,Both,Age-standardized,All causes,Rate,2001,27124.310829675986,30223.602738925125,24362.236771544092
DALYs (Disability-Adjusted Life Years),Slovakia,Both,Age-standardized,All causes,Rate,2001,29773.920882698407,32974.93612456584,27079.75387377456
DALYs (Disability-Adjusted Life Years),Taiwan (Province of China),Both,Age-standardized,All causes,Rate,2005,23048.35796837213,25702.368143544794,20752.639246572002
DALYs (Disability-Adjusted Life Years),Mexico,Both,Age-standardized,All causes,Rate,2007,29821.625715599144,32850.54347689996,27230.900272145518
DALYs (Disability-Adjusted Life Years),Viet Nam,Both,Age-standardized,All causes,Rate,2005,31828.059747527222,36117.58067194333,28555.563812721375
DALYs (Disability-Adjusted Life Years),Ethiopia,Both,Age-standardized,All causes,Rate,2004,75382.43039433521,80564.98421000717,70676.6108759163
DALYs (Disability-Adjusted Life Years),Bosnia and Herzegovina,Both,Age-standardized,All causes,Rate,2005,25923.394955820506,29135.203961335264,23245.569184892913
DALYs (Disability-Adjusted Life Years),Republic of Korea,Both,Age-standardized,All causes,Rate,2005,22335.181843163136,25266.14304462732,19880.9586965535
DALYs (Disability-Adjusted Life Years),Azerbaijan,Both,Age-standardized,All causes,Rate,2000,44730.660012404136,48634.14584769307,41471.125790542486
DALYs (Disability-Adjusted Life Years),France,Both,Age-standardized,All causes,Rate,2005,21957.546025550408,25374.08220350058,19128.978295538072
DALYs (Disability-Adjusted Life Years),Guinea-Bissau,Both,Age-standardized,All causes,Rate,2005,87336.30123890248,96546.72954757819,78022.19126405103
DALYs (Disability-Adjusted Life Years),Croatia,Both,Age-standardized,All causes,Rate,2000,28577.326126026488,31612.09534519591,25807.089526964242
DALYs (Disability-Adjusted Life Years),Finland,Both,Age-standardized,All causes,Rate,2000,24491.09018548983,27921.008563088446,21661.07145654914
DALYs (Disability-Adjusted Life Years),Lithuania,Both,Age-standardized,All causes,Rate,2001,34605.314373807356,37830.91592672162,31888.92069100312
DALYs (Disability-Adjusted Life Years),Qatar,Both,Age-standardized,All causes,Rate,2001,37138.55369996575,42250.04842066118,33100.955065603164
DALYs (Disability-Adjusted Life Years),Oman,Both,Age-standardized,All causes,Rate,2004,31378.67466944723,36054.17917022761,27756.833290808747
DALYs (Disability-Adjusted Life Years),Bhutan,Both,Age-standardized,All causes,Rate,2004,44021.89506779816,49342.12122966477,38763.763146246056
DALYs (Disability-Adjusted Life Years),Burundi,Both,Age-standardized,All causes,Rate,2001,111890.15779210714,121434.05376776632,101417.71910175237
DALYs (Disability-Adjusted Life Years),Benin,Both,Age-standardized,All causes,Rate,2001,71359.27900806081,77409.97030046601,65842.45635718988
DALYs (Disability-Adjusted Life Years),Mauritania,Both,Age-standardized,All causes,Rate,2002,50869.07193754787,56319.246624521234,45648.7341210862
DALYs (Disability-Adjusted Life Years),Monaco,Both,Age-standardized,All causes,Rate,2002,23001.148084211836,26732.417444105173,19412.760734252028
DALYs (Disability-Adjusted Life Years),Eswatini,Both,Age-standardized,All causes,Rate,2004,137046.58499158616,158830.4258079577,116537.90366859111
DALYs (Disability-Adjusted Life Years),Belize,Both,Age-standardized,All causes,Rate,2005,34774.18360548929,37989.7340202279,31888.597929735453
DALYs (Disability-Adjusted Life Years),Nigeria,Both,Age-standardized,All causes,Rate,2002,81870.466525836,89087.66318753643,75245.11476479909
DALYs (Disability-Adjusted Life Years),Brazil,Both,Age-standardized,All causes,Rate,2007,34020.1904059459,37986.48431610577,30634.934981966177
DALYs (Disability-Adjusted Life Years),Niger,Both,Age-standardized,All causes,Rate,2000,91880.45478287658,99024.66177995256,84749.8552590354
DALYs (Disability-Adjusted Life Years),Belarus,Both,Age-standardized,All causes,Rate,2000,39867.97475865937,42798.26874165382,37035.00631838191
DALYs (Disability-Adjusted Life Years),Sweden,Both,Age-standardized,All causes,Rate,2001,20884.598690041774,23912.031452819232,18289.90518390772
DALYs (Disability-Adjusted Life Years),Angola,Both,Age-standardized,All causes,Rate,2005,77025.83689031383,84303.74556884916,70721.1321567373
DALYs (Disability-Adjusted Life Years),Kenya,Both,Age-standardized,All causes,Rate,2005,74439.52420578014,80294.67340045617,69198.80557727566
DALYs (Disability-Adjusted Life Years),Kyrgyzstan,Both,Age-standardized,All causes,Rate,2005,43437.76975493822,46989.65237999203,40315.43746129421
DALYs (Disability-Adjusted Life Years),Nauru,Both,Age-standardized,All causes,Rate,2000,70736.16074434291,78862.64396987481,63477.0029769374
DALYs (Disability-Adjusted Life Years),South Sudan,Both,Age-standardized,All causes,Rate,2000,82533.05458230722,94179.76876169744,72636.46984472664
DALYs (Disability-Adjusted Life Years),Republic of Moldova,Both,Age-standardized,All causes,Rate,2005,39102.757602895384,42126.117949627,36474.20136570847
DALYs (Disability-Adjusted Life Years),Liberia,Both,Age-standardized,All causes,Rate,2005,72482.26313653946,79596.26611350461,66063.61821218776
DALYs (Disability-Adjusted Life Years),Estonia,Both,Age-standardized,All causes,Rate,2000,35830.29595011188,39276.62833481007,33044.4194533457
DALYs (Disability-Adjusted Life Years),Australia,Both,Age-standardized,All causes,Rate,2001,22904.976192015412,26243.936352364595,20039.630476420614
DALYs (Disability-Adjusted Life Years),Vanuatu,Both,Age-standardized,All causes,Rate,2002,50159.29919057307,57424.19735195047,43898.58135890279
DALYs (Disability-Adjusted Life Years),Hungary,Both,Age-standardized,All causes,Rate,2001,32659.4018694482,35889.961783236446,29981.00299678893
DALYs (Disability-Adjusted Life Years),Ireland,Both,Age-standardized,All causes,Rate,2001,25229.114819096325,28521.020735667014,22467.542457883676
DALYs (Disability-Adjusted Life Years),Kiribati,Both,Age-standardized,All causes,Rate,2003,60590.98655308738,68476.35570643557,52691.76899287873
DALYs (Disability-Adjusted Life Years),Dominica,Both,Age-standardized,All causes,Rate,2003,31711.26069689365,35050.43517226436,28823.33392079841
DALYs (Disability-Adjusted Life Years),Sudan,Both,Age-standardized,All causes,Rate,2003,55398.70733291007,62766.46837699042,48737.49689270257
DALYs (Disability-Adjusted Life Years),Niue,Both,Age-standardized,All causes,Rate,2003,40301.91585525188,46186.379465280625,34645.65504359368
DALYs (Disability-Adjusted Life Years),Canada,Both,Age-standardized,All causes,Rate,2004,21750.32697560554,24886.278544559776,19110.872058708635
DALYs (Disability-Adjusted Life Years),Cambodia,Both,Age-standardized,All causes,Rate,2005,54204.00954435988,59090.832618187014,49469.65378799161
DALYs (Disability-Adjusted Life Years),Azerbaijan,Both,Age-standardized,All causes,Rate,2005,42065.632761605135,45553.76731799523,38956.155425222336
DALYs (Disability-Adjusted Life Years),Andorra,Both,Age-standardized,All causes,Rate,2003,20231.66954455107,23927.398170392804,17114.6751919273
DALYs (Disability-Adjusted Life Years),Canada,Both,Age-standardized,All causes,Rate,2007,21219.230145263453,24381.31585883776,18564.75454318743
DALYs (Disability-Adjusted Life Years),Italy,Both,Age-standardized,All causes,Rate,2003,21576.842494242963,24883.98466193032,18781.995598098565
DALYs (Disability-Adjusted Life Years),Chile,Both,Age-standardized,All causes,Rate,2003,25931.123722919037,29216.272921656866,23123.68152413086
DALYs (Disability-Adjusted Life Years),Zimbabwe,Both,Age-standardized,All causes,Rate,2004,119433.65601648006,133514.309432136,104737.57040828209
DALYs (Disability-Adjusted Life Years),Ethiopia,Both,Age-standardized,All causes,Rate,2006,68222.23264048669,73075.1634977796,63622.13920442446
DALYs (Disability-Adjusted Life Years),Eswatini,Both,Age-standardized,All causes,Rate,2006,133753.96510043554,153089.3254537105,118010.8274213699
DALYs (Disability-Adjusted Life Years),Iran (Islamic Republic of),Both,Age-standardized,All causes,Rate,2005,32579.456046607425,35709.07233929133,29554.90058475941
DALYs (Disability-Adjusted Life Years),Tunisia,Both,Age-standardized,All causes,Rate,2005,29435.919880555106,34440.14423613758,24949.34848334489
DALYs (Disability-Adjusted Life Years),Palau,Both,Age-standardized,All causes,Rate,2006,43097.293696401284,49843.35489092419,37952.303530259574
DALYs (Disability-Adjusted Life Years),Guinea,Both,Age-standardized,All causes,Rate,1999,84121.21011640596,91620.32081975906,77007.14892057065
DALYs (Disability-Adjusted Life Years),American Samoa,Both,Age-standardized,All causes,Rate,2005,36591.14113163669,40621.57733680756,33432.67948969686
DALYs (Disability-Adjusted Life Years),El Salvador,Both,Age-standardized,All causes,Rate,2002,33192.48070053204,36663.1309146299,30220.185519877097
DALYs (Disability-Adjusted Life Years),Iceland,Both,Age-standardized,All causes,Rate,2001,20895.426503824383,24138.862117048808,18276.899249714996
DALYs (Disability-Adjusted Life Years),Northern Mariana Islands,Both,Age-standardized,All causes,Rate,2005,30050.712236322302,34479.3664681806,26291.217856381754
DALYs (Disability-Adjusted Life Years),United Arab Emirates,Both,Age-standardized,All causes,Rate,2002,34159.29860706594,38745.33122204493,30099.647204021017
DALYs (Disability-Adjusted Life Years),Burundi,Both,Age-standardized,All causes,Rate,2002,107072.23360360332,116324.3166943209,97691.93833815915
DALYs (Disability-Adjusted Life Years),United States Virgin Islands,Both,Age-standardized,All causes,Rate,2005,30355.13599065147,34311.852990403,27059.328488115036
DALYs (Disability-Adjusted Life Years),Maldives,Both,Age-standardized,All causes,Rate,2003,29549.497803946168,33172.78506753618,26875.221531815667
DALYs (Disability-Adjusted Life Years),Papua New Guinea,Both,Age-standardized,All causes,Rate,2003,54369.37834099431,61377.58032529863,47916.328854519255
DALYs (Disability-Adjusted Life Years),Mongolia,Both,Age-standardized,All causes,Rate,2003,50784.6469116723,54645.834236112976,46973.22285337735
DALYs (Disability-Adjusted Life Years),Uganda,Both,Age-standardized,All causes,Rate,2003,91507.9193068531,99253.71077219142,84428.55614421128
DALYs (Disability-Adjusted Life Years),Mali,Both,Age-standardized,All causes,Rate,2003,82204.25580568315,88708.77544067499,76217.03427760303
DALYs (Disability-Adjusted Life Years),Palau,Both,Age-standardized,All causes,Rate,2003,42619.02692181865,49043.71649113859,37442.397251638795
DALYs (Disability-Adjusted Life Years),Côte d'Ivoire,Both,Age-standardized,All causes,Rate,1997,92204.98123763411,102465.16683155444,82220.51828278403
DALYs (Disability-Adjusted Life Years),Republic of Korea,Both,Age-standardized,All causes,Rate,2000,25673.299773288665,28632.769499325845,23234.141918529698
DALYs (Disability-Adjusted Life Years),Croatia,Both,Age-standardized,All causes,Rate,2005,26615.58503182532,29629.91808595048,24011.15289817081
DALYs (Disability-Adjusted Life Years),Estonia,Both,Age-standardized,All causes,Rate,2005,32005.67266521705,35135.62195979736,29255.887644053648
DALYs (Disability-Adjusted Life Years),Greece,Both,Age-standardized,All causes,Rate,2002,23295.801688421012,26568.914578276603,20499.120913206814
DALYs (Disability-Adjusted Life Years),Switzerland,Both,Age-standardized,All causes,Rate,2002,21565.232038774073,24920.055939771897,18786.264629557525
DALYs (Disability-Adjusted Life Years),New Zealand,Both,Age-standardized,All causes,Rate,2005,23038.10935751007,26384.642328595888,20148.115995252552
DALYs (Disability-Adjusted Life Years),Suriname,Both,Age-standardized,All causes,Rate,2002,40320.14417990581,43942.49853179237,37244.05668747135
DALYs (Disability-Adjusted Life Years),Ireland,Both,Age-standardized,All causes,Rate,2005,23006.329917601888,26369.758486386185,20213.671189157376
DALYs (Disability-Adjusted Life Years),Panama,Both,Age-standardized,All causes,Rate,2005,26160.745072100104,29442.6871928577,23359.631141213245
DALYs (Disability-Adjusted Life Years),Eritrea,Both,Age-standardized,All causes,Rate,2002,76192.16532267333,86262.32999775467,65733.54622283303
DALYs (Disability-Adjusted Life Years),Jordan,Both,Age-standardized,All causes,Rate,2005,30979.49541650854,34449.64752496526,27840.036110068097
DALYs (Disability-Adjusted Life Years),Costa Rica,Both,Age-standardized,All causes,Rate,1999,25847.202955387973,28969.241423751326,23175.254943550357
DALYs (Disability-Adjusted Life Years),Republic of Moldova,Both,Age-standardized,All causes,Rate,2003,38632.87909246807,41778.4674857605,35866.33293888128
DALYs (Disability-Adjusted Life Years),Bhutan,Both,Age-standardized,All causes,Rate,1999,50710.586550219596,56999.50027773133,45181.653934906
DALYs (Disability-Adjusted Life Years),Haiti,Both,Age-standardized,All causes,Rate,1999,75980.18717059666,83404.80097057008,68693.77575967489
DALYs (Disability-Adjusted Life Years),Tunisia,Both,Age-standardized,All causes,Rate,2004,29851.269265691782,34809.54260603672,25690.053656099226
DALYs (Disability-Adjusted Life Years),Georgia,Both,Age-standardized,All causes,Rate,2003,34841.457591815575,37838.64855027627,32125.611763652458
DALYs (Disability-Adjusted Life Years),Guam,Both,Age-standardized,All causes,Rate,2006,25283.292080581134,28141.482325499772,22769.115393484677
DALYs (Disability-Adjusted Life Years),Eritrea,Both,Age-standardized,All causes,Rate,2004,73256.66082810971,84140.70410710033,62709.105939852874
DALYs (Disability-Adjusted Life Years),Zambia,Both,Age-standardized,All causes,Rate,2004,105601.83043498774,115250.8956814362,97061.28789603361
DALYs (Disability-Adjusted Life Years),Bangladesh,Both,Age-standardized,All causes,Rate,2005,46816.67839294604,50740.517734534566,42921.72386345113
DALYs (Disability-Adjusted Life Years),Jordan,Both,Age-standardized,All causes,Rate,2002,32260.580575933956,36161.2893424763,28614.541939496285
DALYs (Disability-Adjusted Life Years),Kiribati,Both,Age-standardized,All causes,Rate,2004,60055.008055709244,68142.47457341674,52278.8198578392
DALYs (Disability-Adjusted Life Years),Indonesia,Both,Age-standardized,All causes,Rate,2003,42905.07483529959,47195.74222820414,39474.3628024593
DALYs (Disability-Adjusted Life Years),Angola,Both,Age-standardized,All causes,Rate,2002,83662.25139029477,91167.69005733235,77004.70796830581
DALYs (Disability-Adjusted Life Years),Botswana,Both,Age-standardized,All causes,Rate,2002,111287.37264925255,131295.33499073944,94107.30833449123
DALYs (Disability-Adjusted Life Years),Marshall Islands,Both,Age-standardized,All causes,Rate,2003,56643.239250386294,62439.837560818436,51327.66979806399
DALYs (Disability-Adjusted Life Years),Fiji,Both,Age-standardized,All causes,Rate,2005,44409.99164991761,47818.67607374209,41586.982072954845
DALYs (Disability-Adjusted Life Years),Maldives,Both,Age-standardized,All causes,Rate,2006,26614.12278225981,30309.72357109959,23870.713006152077
DALYs (Disability-Adjusted Life Years),Colombia,Both,Age-standardized,All causes,Rate,2005,29031.22208490938,32227.879515561875,26161.771883055284
DALYs (Disability-Adjusted Life Years),United Arab Emirates,Both,Age-standardized,All causes,Rate,2005,34930.22026613884,39222.21251443214,30992.775925460064
DALYs (Disability-Adjusted Life Years),Türkiye,Both,Age-standardized,All causes,Rate,2002,31751.937833825566,35043.06634676647,28337.265191203398
DALYs (Disability-Adjusted Life Years),Bosnia and Herzegovina,Both,Age-standardized,All causes,Rate,2003,26286.46894942554,29470.76396973537,23553.519871631222
DALYs (Disability-Adjusted Life Years),Republic of Korea,Both,Age-standardized,All causes,Rate,2003,23761.07887719183,26693.895512702715,21296.911116377098
DALYs (Disability-Adjusted Life Years),France,Both,Age-standardized,All causes,Rate,2003,22843.401614831026,26221.09093524908,20048.441764221858
DALYs (Disability-Adjusted Life Years),Saint Lucia,Both,Age-standardized,All causes,Rate,2003,32281.99589686456,35827.84667464278,29428.7849424987
DALYs (Disability-Adjusted Life Years),Indonesia,Both,Age-standardized,All causes,Rate,2004,47004.00165783106,50819.674633178314,43629.47203385791
DALYs (Disability-Adjusted Life Years),Kazakhstan,Both,Age-standardized,All causes,Rate,2003,49655.11106587639,53079.39305558594,46503.58175615078
DALYs (Disability-Adjusted Life Years),Guatemala,Both,Age-standardized,All causes,Rate,2003,44087.88349801486,47858.29365601623,40789.4167638034
DALYs (Disability-Adjusted Life Years),Sao Tome and Principe,Both,Age-standardized,All causes,Rate,2004,47374.27928290659,52309.12889779001,42866.53099573449
DALYs (Disability-Adjusted Life Years),Kyrgyzstan,Both,Age-standardized,All causes,Rate,2006,43160.65842577583,46850.39688388107,40008.2440046897
DALYs (Disability-Adjusted Life Years),Mongolia,Both,Age-standardized,All causes,Rate,2006,47701.344439753935,51338.92347595077,44318.20061037547
DALYs (Disability-Adjusted Life Years),Montenegro,Both,Age-standardized,All causes,Rate,2006,28239.36859806981,31354.46509818036,25695.18366126154
DALYs (Disability-Adjusted Life Years),Türkiye,Both,Age-standardized,All causes,Rate,2006,28564.306012486755,32048.208776201736,25455.784103684276
DALYs (Disability-Adjusted Life Years),Mexico,Both,Age-standardized,All causes,Rate,2003,31166.98840229894,34353.522062469114,28349.075062256255
DALYs (Disability-Adjusted Life Years),Finland,Both,Age-standardized,All causes,Rate,2003,23622.219183097535,27022.323822639242,20794.06880547335
DALYs (Disability-Adjusted Life Years),Cameroon,Both,Age-standardized,All causes,Rate,2003,82177.08287429644,90292.21461666087,74104.46249492126
DALYs (Disability-Adjusted Life Years),Botswana,Both,Age-standardized,All causes,Rate,2005,84472.2284960059,96276.94986386607,74963.0697458573
DALYs (Disability-Adjusted Life Years),Cameroon,Both,Age-standardized,All causes,Rate,2005,78882.82280905906,86764.82453710024,70838.95797074416
DALYs (Disability-Adjusted Life Years),Russian Federation,Both,Age-standardized,All causes,Rate,2002,48808.43041726205,52257.172786003284,45871.936770687425
DALYs (Disability-Adjusted Life Years),Niue,Both,Age-standardized,All causes,Rate,2005,39708.2716008686,45346.99865346109,34232.79941106956
DALYs (Disability-Adjusted Life Years),Cook Islands,Both,Age-standardized,All causes,Rate,2005,29723.662817928747,33456.04564442365,26472.880150065903
DALYs (Disability-Adjusted Life Years),Georgia,Both,Age-standardized,All causes,Rate,2004,34227.685623863865,37296.599632425095,31587.90829141774
DALYs (Disability-Adjusted Life Years),Iceland,Both,Age-standardized,All causes,Rate,2004,20227.049020074923,23351.977279337094,17624.174681678833
DALYs (Disability-Adjusted Life Years),Czechia,Both,Age-standardized,All causes,Rate,2002,26853.108665309548,29983.208735614986,24175.3569827621
DALYs (Disability-Adjusted Life Years),Slovakia,Both,Age-standardized,All causes,Rate,2002,29520.237715286363,32762.879493918783,26877.802116251525
DALYs (Disability-Adjusted Life Years),Togo,Both,Age-standardized,All causes,Rate,2003,75051.49998952985,82590.57630651287,67858.6085935733
DALYs (Disability-Adjusted Life Years),Australia,Both,Age-standardized,All causes,Rate,2004,22061.97053165698,25390.074108456385,19212.403946586914
DALYs (Disability-Adjusted Life Years),Latvia,Both,Age-standardized,All causes,Rate,2004,35002.932414134106,38054.744931720976,32371.748503540897
DALYs (Disability-Adjusted Life Years),Barbados,Both,Age-standardized,All causes,Rate,2004,29188.487577449163,32344.456929999553,26241.8596115338
DALYs (Disability-Adjusted Life Years),Australia,Both,Age-standardized,All causes,Rate,2002,22662.61914827266,25988.605079629368,19802.413565678773
DALYs (Disability-Adjusted Life Years),Bahrain,Both,Age-standardized,All causes,Rate,2000,39605.4077098606,43261.532135597416,36478.976007714584
DALYs (Disability-Adjusted Life Years),Czechia,Both,Age-standardized,All causes,Rate,2004,26205.08227060813,29344.395925073142,23494.376591476434
DALYs (Disability-Adjusted Life Years),Costa Rica,Both,Age-standardized,All causes,Rate,2000,24986.474554929926,28185.205798261435,22281.8978884043
DALYs (Disability-Adjusted Life Years),Nicaragua,Both,Age-standardized,All causes,Rate,2002,30651.18902670551,34048.33023702188,27702.281876309786
DALYs (Disability-Adjusted Life Years),Democratic People's Republic of Korea,Both,Age-standardized,All causes,Rate,2006,34870.7625229369,40525.05096696336,29906.07962215181
DALYs (Disability-Adjusted Life Years),United Republic of Tanzania,Both,Age-standardized,All causes,Rate,2001,84041.69551174567,92338.90871702979,76123.86386690575
DALYs (Disability-Adjusted Life Years),Namibia,Both,Age-standardized,All causes,Rate,2003,90531.34866972217,101855.51831299413,80404.26800258471
DALYs (Disability-Adjusted Life Years),Zambia,Both,Age-standardized,All causes,Rate,2002,116524.646377384,128167.68931673752,105164.28055337364
DALYs (Disability-Adjusted Life Years),Papua New Guinea,Both,Age-standardized,All causes,Rate,2006,54026.17309771996,60937.04668050255,48148.99505126143
DALYs (Disability-Adjusted Life Years),Russian Federation,Both,Age-standardized,All causes,Rate,2006,45953.61459584149,49304.016102723144,43138.84643811251
DALYs (Disability-Adjusted Life Years),Spain,Both,Age-standardized,All causes,Rate,2003,21381.37612226207,24494.525782941135,18756.179863039135
DALYs (Disability-Adjusted Life Years),Greenland,Both,Age-standardized,All causes,Rate,2002,40204.46669130693,44200.55259577287,36644.085506966025
DALYs (Disability-Adjusted Life Years),Bahamas,Both,Age-standardized,All causes,Rate,2003,34203.162802864084,37468.11760708851,31338.865249019054
DALYs (Disability-Adjusted Life Years),Bahrain,Both,Age-standardized,All causes,Rate,2004,36989.77504862339,40266.63285891963,33901.17283324612
DALYs (Disability-Adjusted Life Years),Ireland,Both,Age-standardized,All causes,Rate,2006,22699.533441458654,26061.254188684074,19877.83582186817
DALYs (Disability-Adjusted Life Years),Andorra,Both,Age-standardized,All causes,Rate,2006,19738.7964224006,23636.568450973653,16796.518232052786
DALYs (Disability-Adjusted Life Years),Italy,Both,Age-standardized,All causes,Rate,2006,20465.859447459054,23788.003851676447,17715.370755332355
DALYs (Disability-Adjusted Life Years),Trinidad and Tobago,Both,Age-standardized,All causes,Rate,2004,35836.41903203109,39050.16744608596,33086.536079663405
DALYs (Disability-Adjusted Life Years),Panama,Both,Age-standardized,All causes,Rate,2006,26260.096667826925,29580.33790318682,23474.07774757318
DALYs (Disability-Adjusted Life Years),Chile,Both,Age-standardized,All causes,Rate,2006,24976.00818068229,28296.91442456207,22186.466109965055
DALYs (Disability-Adjusted Life Years),Puerto Rico,Both,Age-standardized,All causes,Rate,2003,26064.759644529466,29435.434480102864,23379.483691826816
DALYs (Disability-Adjusted Life Years),Nicaragua,Both,Age-standardized,All causes,Rate,2004,30262.39158775183,33566.706414126245,27227.933134203042
DALYs (Disability-Adjusted Life Years),Tokelau,Both,Age-standardized,All causes,Rate,2002,37879.44252299758,44623.1001425527,32647.716435153463
DALYs (Disability-Adjusted Life Years),China,Both,Age-standardized,All causes,Rate,2004,33046.032786888376,35894.27580251052,30420.99048618938
DALYs (Disability-Adjusted Life Years),Mongolia,Both,Age-standardized,All causes,Rate,2004,49959.17140696448,54125.92902875948,46331.51881936206
DALYs (Disability-Adjusted Life Years),Jordan,Both,Age-standardized,All causes,Rate,2006,30153.836595342047,33650.519523537034,27136.54661991533
DALYs (Disability-Adjusted Life Years),Russian Federation,Both,Age-standardized,All causes,Rate,2004,48277.90769626485,51679.89879500744,45406.07388367735
DALYs (Disability-Adjusted Life Years),United Arab Emirates,Both,Age-standardized,All causes,Rate,2006,34863.24574514811,39436.70970600372,31177.934083898374
DALYs (Disability-Adjusted Life Years),Seychelles,Both,Age-standardized,All causes,Rate,2004,32636.55941001733,35684.352438195565,30063.19268472286
DALYs (Disability-Adjusted Life Years),Burkina Faso,Both,Age-standardized,All causes,Rate,2004,82633.25382338422,90684.5689052208,75428.00914261915
DALYs (Disability-Adjusted Life Years),Dominica,Both,Age-standardized,All causes,Rate,2006,31285.992380637377,34729.00180471325,28264.102792451824
DALYs (Disability-Adjusted Life Years),Lao People's Democratic Republic,Both,Age-standardized,All causes,Rate,2003,63402.79792984175,69995.47758815698,57185.965246525986
DALYs (Disability-Adjusted Life Years),North Macedonia,Both,Age-standardized,All causes,Rate,2006,34024.32235960909,37196.43305743887,31383.089259072603
DALYs (Disability-Adjusted Life Years),Sao Tome and Principe,Both,Age-standardized,All causes,Rate,2003,48263.53712021958,53547.45691855334,43775.282197548535
DALYs (Disability-Adjusted Life Years),Ecuador,Both,Age-standardized,All causes,Rate,2006,33109.25492487069,36844.24895347258,29931.50576459555
DALYs (Disability-Adjusted Life Years),Niger,Both,Age-standardized,All causes,Rate,2001,90231.34921385546,97511.20231789291,82724.8592085177
DALYs (Disability-Adjusted Life Years),American Samoa,Both,Age-standardized,All causes,Rate,2006,36552.06567983973,40526.15457110346,33405.70812276922
DALYs (Disability-Adjusted Life Years),Northern Mariana Islands,Both,Age-standardized,All causes,Rate,2006,29824.62097043594,34254.910293804045,26060.34117054942
DALYs (Disability-Adjusted Life Years),Nauru,Both,Age-standardized,All causes,Rate,2004,71924.48930284427,80758.28774463668,63693.475936725765
DALYs (Disability-Adjusted Life Years),Paraguay,Both,Age-standardized,All causes,Rate,2006,30548.063852946594,34238.60608521367,27174.484653756892
DALYs (Disability-Adjusted Life Years),Hungary,Both,Age-standardized,All causes,Rate,2003,32080.595971296483,35278.22229998302,29354.790944379787
DALYs (Disability-Adjusted Life Years),Saudi Arabia,Both,Age-standardized,All causes,Rate,2002,37085.242906970816,41318.492952088825,33637.96609136643
DALYs (Disability-Adjusted Life Years),United Republic of Tanzania,Both,Age-standardized,All causes,Rate,2002,82021.53967388264,90153.39652152771,74380.3715831627
DALYs (Disability-Adjusted Life Years),South Sudan,Both,Age-standardized,All causes,Rate,2004,76930.66406531478,87715.4033780107,66421.66306531527
DALYs (Disability-Adjusted Life Years),Lithuania,Both,Age-standardized,All causes,Rate,2003,33947.834587005585,37228.071167036425,31263.662214646494
DALYs (Disability-Adjusted Life Years),Iraq,Both,Age-standardized,All causes,Rate,2006,47264.88240082808,53957.524704131065,41805.12280452471
DALYs (Disability-Adjusted Life Years),Bosnia and Herzegovina,Both,Age-standardized,All causes,Rate,2002,26840.59934411942,30235.602004199376,23591.043205880273
DALYs (Disability-Adjusted Life Years),Equatorial Guinea,Both,Age-standardized,All causes,Rate,2006,61782.85138042404,72761.55168185521,52101.41762458762
DALYs (Disability-Adjusted Life Years),New Zealand,Both,Age-standardized,All causes,Rate,2003,23821.360863760303,27125.1187070763,20891.56699192108
DALYs (Disability-Adjusted Life Years),Guinea-Bissau,Both,Age-standardized,All causes,Rate,2006,84239.97082217268,92531.68614274231,75392.86978598738
DALYs (Disability-Adjusted Life Years),Senegal,Both,Age-standardized,All causes,Rate,2006,55602.62646912083,60338.585328485016,51614.69424358677
DALYs (Disability-Adjusted Life Years),Malaysia,Both,Age-standardized,All causes,Rate,2004,29378.569255741233,32478.669277097495,26739.094057704482
DALYs (Disability-Adjusted Life Years),United Kingdom,Both,Age-standardized,All causes,Rate,2004,23206.203439790916,26573.752120993468,20412.492192756847
DALYs (Disability-Adjusted Life Years),Bermuda,Both,Age-standardized,All causes,Rate,2004,21970.151916301707,24915.52746647317,19231.852405815545
DALYs (Disability-Adjusted Life Years),Niger,Both,Age-standardized,All causes,Rate,2002,86687.38096853653,94399.43169679274,79042.47472279212
DALYs (Disability-Adjusted Life Years),Niger,Both,Age-standardized,All causes,Rate,2004,80002.63534355139,87526.3106901079,72214.92134790997
DALYs (Disability-Adjusted Life Years),Nepal,Both,Age-standardized,All causes,Rate,2001,50580.90948664691,55941.21742757906,46200.731341296254
DALYs (Disability-Adjusted Life Years),Nicaragua,Both,Age-standardized,All causes,Rate,2001,30691.20321998421,34236.25033012788,27866.21138011327
DALYs (Disability-Adjusted Life Years),Myanmar,Both,Age-standardized,All causes,Rate,2004,61903.65541475726,68266.08526757336,56031.27069745846
DALYs (Disability-Adjusted Life Years),Andorra,Both,Age-standardized,All causes,Rate,2004,20145.46197438353,23930.490235305362,17132.287776718542
DALYs (Disability-Adjusted Life Years),Italy,Both,Age-standardized,All causes,Rate,2004,21087.044806594575,24418.81080836792,18316.729312367668
DALYs (Disability-Adjusted Life Years),Micronesia (Federated States of),Both,Age-standardized,All causes,Rate,2004,48386.30187249616,55144.07586795025,43043.250747426384
DALYs (Disability-Adjusted Life Years),Chile,Both,Age-standardized,All causes,Rate,2004,25807.705668208964,29162.67211716604,22944.05995671573
DALYs (Disability-Adjusted Life Years),Seychelles,Both,Age-standardized,All causes,Rate,1999,33049.61499486292,36259.53515433366,30423.463817637963
DALYs (Disability-Adjusted Life Years),Micronesia (Federated States of),Both,Age-standardized,All causes,Rate,2006,47735.85457654587,54305.1920599906,42319.83906919855
DALYs (Disability-Adjusted Life Years),Republic of Moldova,Both,Age-standardized,All causes,Rate,2006,38183.85268934594,41226.081934471695,35545.533193011914
DALYs (Disability-Adjusted Life Years),Senegal,Both,Age-standardized,All causes,Rate,2004,58569.85556982161,63285.94850754388,54575.16332326566
DALYs (Disability-Adjusted Life Years),Trinidad and Tobago,Both,Age-standardized,All causes,Rate,2001,37545.15951111198,41015.156409580275,34579.242456600754
DALYs (Disability-Adjusted Life Years),Greece,Both,Age-standardized,All causes,Rate,2006,22424.20530926505,25694.892938258894,19614.53554928185
DALYs (Disability-Adjusted Life Years),Spain,Both,Age-standardized,All causes,Rate,2006,20355.688063075228,23506.154253245673,17716.7602958197
DALYs (Disability-Adjusted Life Years),Bahamas,Both,Age-standardized,All causes,Rate,2006,33114.187099955714,36577.75084601377,29995.215153894882
DALYs (Disability-Adjusted Life Years),Angola,Both,Age-standardized,All causes,Rate,2006,74853.66961391245,82252.89422463438,68122.33476873774
DALYs (Disability-Adjusted Life Years),Saint Lucia,Both,Age-standardized,All causes,Rate,2006,30908.718240517974,34606.59707241384,28007.467173341993
DALYs (Disability-Adjusted Life Years),Ecuador,Both,Age-standardized,All causes,Rate,2005,33415.08005365079,37264.954748462485,29994.03997045954
DALYs (Disability-Adjusted Life Years),Kuwait,Both,Age-standardized,All causes,Rate,2002,24347.55465718682,27531.04635012449,21661.18799627056
DALYs (Disability-Adjusted Life Years),Kenya,Both,Age-standardized,All causes,Rate,2006,71413.04039779102,76221.56765806024,66803.0605168116
DALYs (Disability-Adjusted Life Years),Botswana,Both,Age-standardized,All causes,Rate,2006,80002.19989034762,90447.44355197651,71540.0712766834
DALYs (Disability-Adjusted Life Years),Nepal,Both,Age-standardized,All causes,Rate,2002,50172.846111497645,55395.466944185246,45696.36578123697
DALYs (Disability-Adjusted Life Years),Comoros,Both,Age-standardized,All causes,Rate,2004,54477.22564735298,61720.99095454998,47906.5040701701
DALYs (Disability-Adjusted Life Years),Paraguay,Both,Age-standardized,All causes,Rate,2005,30632.82597468866,34457.11079234847,27259.361453191534
DALYs (Disability-Adjusted Life Years),Cameroon,Both,Age-standardized,All causes,Rate,2000,81771.8849792058,89427.84960501654,74807.52743253091
DALYs (Disability-Adjusted Life Years),Brazil,Both,Age-standardized,All causes,Rate,2008,33598.12247729037,37122.855999269865,30244.44288014993
DALYs (Disability-Adjusted Life Years),Cameroon,Both,Age-standardized,All causes,Rate,2004,80631.95625325167,88624.19278960794,72449.64371641757
DALYs (Disability-Adjusted Life Years),Kazakhstan,Both,Age-standardized,All causes,Rate,2006,48693.16942784471,52007.379758923526,45586.924495731924
DALYs (Disability-Adjusted Life Years),Hungary,Both,Age-standardized,All causes,Rate,2006,30503.992362200443,33635.848964420715,27813.86503926977
DALYs (Disability-Adjusted Life Years),Timor-Leste,Both,Age-standardized,All causes,Rate,2004,45877.732263703016,50711.656180456455,41491.17433547026
DALYs (Disability-Adjusted Life Years),Montenegro,Both,Age-standardized,All causes,Rate,2004,28952.548629805467,32111.754734285114,26164.60547875576
DALYs (Disability-Adjusted Life Years),Malaysia,Both,Age-standardized,All causes,Rate,2006,28469.898012164696,31643.453666796984,25875.271382923125
DALYs (Disability-Adjusted Life Years),Bangladesh,Both,Age-standardized,All causes,Rate,2008,43752.87566515237,47636.48795406325,40381.644169600164
DALYs (Disability-Adjusted Life Years),Marshall Islands,Both,Age-standardized,All causes,Rate,2002,56615.66124332041,62758.98766576786,51174.71875027574
DALYs (Disability-Adjusted Life Years),Kazakhstan,Both,Age-standardized,All causes,Rate,2002,49341.76857768116,52889.09496518247,45968.55617729301
DALYs (Disability-Adjusted Life Years),Taiwan (Province of China),Both,Age-standardized,All causes,Rate,2006,22468.45388324253,25166.388383806436,20168.381538265236
DALYs (Disability-Adjusted Life Years),Myanmar,Both,Age-standardized,All causes,Rate,2006,58254.09112341985,65210.07307206735,52260.5649718819
DALYs (Disability-Adjusted Life Years),Austria,Both,Age-standardized,All causes,Rate,2006,21741.339738938153,24955.411920097817,18962.750319628496
DALYs (Disability-Adjusted Life Years),Guatemala,Both,Age-standardized,All causes,Rate,2006,42931.59336322562,46677.53598323601,39624.468185312595
DALYs (Disability-Adjusted Life Years),Tunisia,Both,Age-standardized,All causes,Rate,2006,29025.627146370964,34093.05737557677,24320.840963509327
DALYs (Disability-Adjusted Life Years),Morocco,Both,Age-standardized,All causes,Rate,2003,38588.75006991425,43989.59310387638,33809.44189107467
DALYs (Disability-Adjusted Life Years),Ethiopia,Both,Age-standardized,All causes,Rate,2003,78549.73807986791,83593.86024400685,73347.84354224369
DALYs (Disability-Adjusted Life Years),Ecuador,Both,Age-standardized,All causes,Rate,2004,33217.32077984451,36687.66430809534,29804.90893338388
DALYs (Disability-Adjusted Life Years),Paraguay,Both,Age-standardized,All causes,Rate,2004,31405.525436483094,35482.48235117875,27974.455973731492
DALYs (Disability-Adjusted Life Years),Tajikistan,Both,Age-standardized,All causes,Rate,2004,42547.769663768326,46490.17169022655,38883.49605745083
DALYs (Disability-Adjusted Life Years),Tuvalu,Both,Age-standardized,All causes,Rate,2004,48556.452193260906,54423.78128750818,43098.15524391745
DALYs (Disability-Adjusted Life Years),Ukraine,Both,Age-standardized,All causes,Rate,2004,42879.10739537207,46246.179906108795,40002.01034290052
DALYs (Disability-Adjusted Life Years),Mexico,Both,Age-standardized,All causes,Rate,2006,30129.087569698997,33176.732732876044,27532.529595190295
DALYs (Disability-Adjusted Life Years),Ecuador,Both,Age-standardized,All causes,Rate,2002,33503.83727182331,37293.486891608845,30335.312853238873
DALYs (Disability-Adjusted Life Years),Ethiopia,Both,Age-standardized,All causes,Rate,2002,81478.82892635759,87085.87193586376,75956.66939196183
DALYs (Disability-Adjusted Life Years),Senegal,Both,Age-standardized,All causes,Rate,2002,62355.60405702558,67063.51666381885,58159.11492749952
DALYs (Disability-Adjusted Life Years),Greece,Both,Age-standardized,All causes,Rate,2001,23519.57910595062,26785.89997002997,20770.81921413114
DALYs (Disability-Adjusted Life Years),Madagascar,Both,Age-standardized,All causes,Rate,2002,66735.18616044482,74232.19881381297,60521.86194746458
DALYs (Disability-Adjusted Life Years),Gambia,Both,Age-standardized,All causes,Rate,2002,62674.09394805167,69751.16581930034,55963.77560156498
DALYs (Disability-Adjusted Life Years),Switzerland,Both,Age-standardized,All causes,Rate,2001,21968.94421300547,25258.009766435684,19166.938487015937
DALYs (Disability-Adjusted Life Years),Lao People's Democratic Republic,Both,Age-standardized,All causes,Rate,2006,57878.17355432343,64138.983610989955,52257.68937078909
DALYs (Disability-Adjusted Life Years),Marshall Islands,Both,Age-standardized,All causes,Rate,2006,56615.98816815382,62056.545535537865,51995.1340250282
DALYs (Disability-Adjusted Life Years),Suriname,Both,Age-standardized,All causes,Rate,2001,40205.130383599775,43698.523770361535,37107.99436783969
DALYs (Disability-Adjusted Life Years),Rwanda,Both,Age-standardized,All causes,Rate,2001,94035.862830339,101791.68196861188,86447.62377001678
DALYs (Disability-Adjusted Life Years),Lithuania,Both,Age-standardized,All causes,Rate,2006,35816.03232514252,39076.48032351992,33091.23752881155
DALYs (Disability-Adjusted Life Years),Iraq,Both,Age-standardized,All causes,Rate,2001,41853.026310308385,48000.74448693523,36637.337618282094
DALYs (Disability-Adjusted Life Years),Zimbabwe,Both,Age-standardized,All causes,Rate,2001,115546.47405097129,133046.57700724728,97191.80598336604
DALYs (Disability-Adjusted Life Years),Liberia,Both,Age-standardized,All causes,Rate,2001,83766.37353173914,90593.02577603194,77431.00139343162
DALYs (Disability-Adjusted Life Years),United Kingdom,Both,Age-standardized,All causes,Rate,2001,24177.129320632288,27534.58032658921,21322.70938779119
DALYs (Disability-Adjusted Life Years),Marshall Islands,Both,Age-standardized,All causes,Rate,2001,56611.91999768753,62945.3822854328,51082.601283887045
DALYs (Disability-Adjusted Life Years),Kazakhstan,Both,Age-standardized,All causes,Rate,2001,49895.24782807724,53571.97130759354,46785.75925591033
DALYs (Disability-Adjusted Life Years),Brazil,Both,Age-standardized,All causes,Rate,2006,34477.536597225946,38390.813817784976,30998.772296001454
DALYs (Disability-Adjusted Life Years),Dominica,Both,Age-standardized,All causes,Rate,2004,31511.593368174097,34867.328810411804,28649.83198488239
DALYs (Disability-Adjusted Life Years),Kiribati,Both,Age-standardized,All causes,Rate,2002,61296.818173986234,69163.10277060453,53748.56814933078
DALYs (Disability-Adjusted Life Years),Panama,Both,Age-standardized,All causes,Rate,2001,26533.210549880903,29723.49785167227,23811.57081209292
DALYs (Disability-Adjusted Life Years),Bangladesh,Both,Age-standardized,All causes,Rate,2006,45905.016387863696,49871.98788810635,42364.86425635998
DALYs (Disability-Adjusted Life Years),Iraq,Both,Age-standardized,All causes,Rate,2004,43763.77774987025,50137.67675694722,38483.423652114856
DALYs (Disability-Adjusted Life Years),Türkiye,Both,Age-standardized,All causes,Rate,2004,30039.82873050546,33603.61706001718,26572.62380169573
DALYs (Disability-Adjusted Life Years),Portugal,Both,Age-standardized,All causes,Rate,2003,25314.969306941603,28742.203049975113,22446.577102186002
DALYs (Disability-Adjusted Life Years),Saudi Arabia,Both,Age-standardized,All causes,Rate,2001,37522.06391865894,42061.29754600714,34009.783486752574
DALYs (Disability-Adjusted Life Years),Kiribati,Both,Age-standardized,All causes,Rate,2005,59479.61516007527,67687.859265907,52084.53999134701
DALYs (Disability-Adjusted Life Years),Saint Vincent and the Grenadines,Both,Age-standardized,All causes,Rate,2001,35806.40267137016,39173.685421239956,32762.9520061977
DALYs (Disability-Adjusted Life Years),Türkiye,Both,Age-standardized,All causes,Rate,2001,32857.050123800276,36208.51538954024,29540.159882724605
DALYs (Disability-Adjusted Life Years),Sudan,Both,Age-standardized,All causes,Rate,2004,55421.73870564894,62478.085055856965,48807.27767695907
DALYs (Disability-Adjusted Life Years),Georgia,Both,Age-standardized,All causes,Rate,2005,32846.43013838159,35684.52905132011,30163.873892324576
DALYs (Disability-Adjusted Life Years),New Zealand,Both,Age-standardized,All causes,Rate,2006,22760.223994773918,26016.531319636837,19936.231406127925
DALYs (Disability-Adjusted Life Years),Belize,Both,Age-standardized,All causes,Rate,2006,34243.24837447829,37526.15721161442,31431.144709913562
DALYs (Disability-Adjusted Life Years),Saudi Arabia,Both,Age-standardized,All causes,Rate,2003,36819.82982220874,40764.51615629208,33392.92581613449
DALYs (Disability-Adjusted Life Years),Ghana,Both,Age-standardized,All causes,Rate,2006,63623.31878398427,70457.87019166762,58082.19202167941
DALYs (Disability-Adjusted Life Years),Canada,Both,Age-standardized,All causes,Rate,2008,21053.805905141216,24241.226811464956,18412.034555210786
DALYs (Disability-Adjusted Life Years),Indonesia,Both,Age-standardized,All causes,Rate,2005,41872.91037088267,45733.86861100248,38217.18380603877
DALYs (Disability-Adjusted Life Years),Tuvalu,Both,Age-standardized,All causes,Rate,2005,47861.84717348634,53598.78604575103,42213.030813113735
DALYs (Disability-Adjusted Life Years),Czechia,Both,Age-standardized,All causes,Rate,2005,25793.607408569867,28936.5063436356,23074.55684545371
DALYs (Disability-Adjusted Life Years),Latvia,Both,Age-standardized,All causes,Rate,2005,35556.28367614384,38850.475592717936,32760.61306389416
DALYs (Disability-Adjusted Life Years),United States Virgin Islands,Both,Age-standardized,All causes,Rate,2001,31620.037173259392,35477.21747798668,28127.52467724593
DALYs (Disability-Adjusted Life Years),Samoa,Both,Age-standardized,All causes,Rate,2003,37049.612311645484,42433.62189250759,32538.39064223685
DALYs (Disability-Adjusted Life Years),Eritrea,Both,Age-standardized,All causes,Rate,2003,74770.36186017383,85403.85788665064,64286.0432263167
DALYs (Disability-Adjusted Life Years),Austria,Both,Age-standardized,All causes,Rate,2004,22475.891056327073,25686.124277123177,19677.340219096663
DALYs (Disability-Adjusted Life Years),Cabo Verde,Both,Age-standardized,All causes,Rate,2006,34533.74641500164,39563.697588807045,30307.713574899713
DALYs (Disability-Adjusted Life Years),Tunisia,Both,Age-standardized,All causes,Rate,2003,30344.676328717436,35072.003361037416,26277.162663327137
DALYs (Disability-Adjusted Life Years),Sao Tome and Principe,Both,Age-standardized,All causes,Rate,2006,45402.27527592663,50397.80556334632,40918.964359386046
DALYs (Disability-Adjusted Life Years),Switzerland,Both,Age-standardized,All causes,Rate,2005,20477.614638044462,23769.440363645437,17701.20177076426
DALYs (Disability-Adjusted Life Years),Switzerland,Both,Age-standardized,All causes,Rate,2004,20802.767171597647,24091.005303298312,18004.380548434456
DALYs (Disability-Adjusted Life Years),Suriname,Both,Age-standardized,All causes,Rate,2005,38752.445868721414,42272.52905124117,35642.545391044754
DALYs (Disability-Adjusted Life Years),Cabo Verde,Both,Age-standardized,All causes,Rate,2005,36198.341077498655,41696.17385952378,31742.434783468176
DALYs (Disability-Adjusted Life Years),Zambia,Both,Age-standardized,All causes,Rate,2003,111829.9595989462,122695.94873513788,101920.24860447741
DALYs (Disability-Adjusted Life Years),Eritrea,Both,Age-standardized,All causes,Rate,2006,70370.77792844483,81969.99507579936,59991.21404315824
DALYs (Disability-Adjusted Life Years),Greece,Both,Age-standardized,All causes,Rate,2004,22986.61719547717,26281.9666833794,20229.04777446639
DALYs (Disability-Adjusted Life Years),Puerto Rico,Both,Age-standardized,All causes,Rate,2004,25864.081116359434,29137.790237123605,23072.96723331368
DALYs (Disability-Adjusted Life Years),Dominican Republic,Both,Age-standardized,All causes,Rate,2005,34901.27005375383,39474.30996825018,31266.823338166687
DALYs (Disability-Adjusted Life Years),North Macedonia,Both,Age-standardized,All causes,Rate,2004,34029.81682518868,37256.94523559255,31364.732116710282
DALYs (Disability-Adjusted Life Years),Democratic Republic of the Congo,Both,Age-standardized,All causes,Rate,2006,78166.66718714617,86222.20582014888,71235.07476996312
DALYs (Disability-Adjusted Life Years),Iran (Islamic Republic of),Both,Age-standardized,All causes,Rate,2006,32059.181476890273,35231.686158979704,28976.510635861763
DALYs (Disability-Adjusted Life Years),Republic of Korea,Both,Age-standardized,All causes,Rate,2001,24932.47655789247,27879.508770134624,22481.44421718868
DALYs (Disability-Adjusted Life Years),Tuvalu,Both,Age-standardized,All causes,Rate,2007,46729.584269320156,53128.279859068716,41224.47387748732
DALYs (Disability-Adjusted Life Years),Hungary,Both,Age-standardized,All causes,Rate,2002,32286.525504082965,35482.610908264774,29577.080731002035
DALYs (Disability-Adjusted Life Years),Angola,Both,Age-standardized,All causes,Rate,2003,81503.73470409772,88455.43588110045,74993.05635181362
DALYs (Disability-Adjusted Life Years),Eswatini,Both,Age-standardized,All causes,Rate,2007,129874.67808080184,147925.87261984954,114908.61958274643
DALYs (Disability-Adjusted Life Years),Guinea-Bissau,Both,Age-standardized,All causes,Rate,2007,81765.42591649784,90543.39340999737,73650.97266732456
DALYs (Disability-Adjusted Life Years),Iceland,Both,Age-standardized,All causes,Rate,2003,20419.455725640248,23554.95045861721,17829.358700432673
DALYs (Disability-Adjusted Life Years),Kenya,Both,Age-standardized,All causes,Rate,2003,78393.36653678998,85682.80740410375,72081.48498196945
DALYs (Disability-Adjusted Life Years),Bulgaria,Both,Age-standardized,All causes,Rate,2001,37576.467678199464,40844.90395394828,34697.86569868984
DALYs (Disability-Adjusted Life Years),Nepal,Both,Age-standardized,All causes,Rate,2003,48019.499483744155,53192.13278606118,43585.57064111614
DALYs (Disability-Adjusted Life Years),Belarus,Both,Age-standardized,All causes,Rate,2001,40696.42846741601,43783.121641999955,37886.88016662096
DALYs (Disability-Adjusted Life Years),Myanmar,Both,Age-standardized,All causes,Rate,2009,52852.80118274598,59763.164566770545,46975.46900905638
DALYs (Disability-Adjusted Life Years),United Republic of Tanzania,Both,Age-standardized,All causes,Rate,2003,79928.82241325121,88098.96907822671,73010.16875750832
DALYs (Disability-Adjusted Life Years),Equatorial Guinea,Both,Age-standardized,All causes,Rate,2004,65726.25257859415,77127.02106452922,55996.38995746912
DALYs (Disability-Adjusted Life Years),Australia,Both,Age-standardized,All causes,Rate,2005,21804.670278440513,25214.901213471887,18899.919525565205
DALYs (Disability-Adjusted Life Years),Argentina,Both,Age-standardized,All causes,Rate,2002,30621.522361854746,33774.548472233844,27940.126057407288
DALYs (Disability-Adjusted Life Years),Timor-Leste,Both,Age-standardized,All causes,Rate,2005,44779.33046556338,49396.819757733196,40404.274294636234
DALYs (Disability-Adjusted Life Years),Cabo Verde,Both,Age-standardized,All causes,Rate,2003,37812.27251210545,43445.756238511945,32853.8397395609
DALYs (Disability-Adjusted Life Years),Bolivia (Plurinational State of),Both,Age-standardized,All causes,Rate,2002,45535.70216591119,50503.37952926771,41025.208316756354
DALYs (Disability-Adjusted Life Years),Albania,Both,Age-standardized,All causes,Rate,2005,27458.721056548842,30526.335728317044,24628.261600739548
DALYs (Disability-Adjusted Life Years),Nauru,Both,Age-standardized,All causes,Rate,2001,71546.82577805819,80079.3888191482,64310.83538726698
DALYs (Disability-Adjusted Life Years),Chile,Both,Age-standardized,All causes,Rate,2005,25380.127774641463,28712.008050198223,22582.73259419507
DALYs (Disability-Adjusted Life Years),Iraq,Both,Age-standardized,All causes,Rate,2005,44747.20385713735,51278.080950723815,39434.452254596916
DALYs (Disability-Adjusted Life Years),North Macedonia,Both,Age-standardized,All causes,Rate,2007,33969.799774504536,37211.55735493813,31294.56389632946
DALYs (Disability-Adjusted Life Years),Türkiye,Both,Age-standardized,All causes,Rate,2005,29316.591937375193,32875.59214674903,26170.013357360516
DALYs (Disability-Adjusted Life Years),Latvia,Both,Age-standardized,All causes,Rate,2003,35692.79672691236,39073.35141076484,32898.45188316203
DALYs (Disability-Adjusted Life Years),Romania,Both,Age-standardized,All causes,Rate,2003,34655.73486405763,37874.078492678556,31984.95218414279
DALYs (Disability-Adjusted Life Years),Micronesia (Federated States of),Both,Age-standardized,All causes,Rate,2007,47452.317926628,53647.09557170641,41861.62910982979
DALYs (Disability-Adjusted Life Years),Greece,Both,Age-standardized,All causes,Rate,2007,22511.35836902675,25793.970156055217,19700.525497674316
DALYs (Disability-Adjusted Life Years),Kuwait,Both,Age-standardized,All causes,Rate,2003,23825.35538477288,26980.603554317233,21221.84279223784
DALYs (Disability-Adjusted Life Years),Madagascar,Both,Age-standardized,All causes,Rate,2003,66068.97810687931,73873.88787343595,59502.35742559167
DALYs (Disability-Adjusted Life Years),China,Both,Age-standardized,All causes,Rate,2005,31953.159630651524,34836.9275346828,29439.838034578202
DALYs (Disability-Adjusted Life Years),Ireland,Both,Age-standardized,All causes,Rate,2004,23546.963280330776,26884.929903249038,20741.526056121507
DALYs (Disability-Adjusted Life Years),Mongolia,Both,Age-standardized,All causes,Rate,2007,46370.413073826036,50153.71556343151,42977.55316217275
DALYs (Disability-Adjusted Life Years),Iceland,Both,Age-standardized,All causes,Rate,2005,19978.098811880875,23037.067219248507,17324.745731601033
DALYs (Disability-Adjusted Life Years),Papua New Guinea,Both,Age-standardized,All causes,Rate,2007,53375.219425067735,60128.86245577922,47530.31397434847
DALYs (Disability-Adjusted Life Years),United Kingdom,Both,Age-standardized,All causes,Rate,2005,22904.214437953775,26241.030529524727,20124.845697514727
DALYs (Disability-Adjusted Life Years),Niue,Both,Age-standardized,All causes,Rate,2004,42872.36281850069,48731.91399979323,37407.35202343936
DALYs (Disability-Adjusted Life Years),Guam,Both,Age-standardized,All causes,Rate,2007,25103.65105690246,28008.00717022327,22656.514851177795
DALYs (Disability-Adjusted Life Years),Dominican Republic,Both,Age-standardized,All causes,Rate,2004,35212.8314431433,39223.774780927764,31612.889972453184
DALYs (Disability-Adjusted Life Years),Barbados,Both,Age-standardized,All causes,Rate,2005,28819.975546919817,32001.94840203962,25925.89549023917
DALYs (Disability-Adjusted Life Years),Trinidad and Tobago,Both,Age-standardized,All causes,Rate,2005,35238.97328138241,38668.02506641479,32567.46258519825
DALYs (Disability-Adjusted Life Years),Saudi Arabia,Both,Age-standardized,All causes,Rate,2005,36440.079215037265,40325.532814527956,33192.091368789224
DALYs (Disability-Adjusted Life Years),Libya,Both,Age-standardized,All causes,Rate,2004,31607.011327646556,35246.11753756915,28432.098971510444
DALYs (Disability-Adjusted Life Years),Kyrgyzstan,Both,Age-standardized,All causes,Rate,2007,42049.14128838176,45460.59276821477,38961.42259680433
DALYs (Disability-Adjusted Life Years),Nepal,Both,Age-standardized,All causes,Rate,2005,46029.629007217125,51329.00772363324,41711.97586695838
DALYs (Disability-Adjusted Life Years),Zambia,Both,Age-standardized,All causes,Rate,2006,94871.81893596695,104252.99652107642,87107.9810372267
DALYs (Disability-Adjusted Life Years),Suriname,Both,Age-standardized,All causes,Rate,2004,39553.73256855898,43129.266507792556,36478.33458072101
DALYs (Disability-Adjusted Life Years),Nauru,Both,Age-standardized,All causes,Rate,2005,71697.83712156783,80601.88728450988,63325.00350453603
DALYs (Disability-Adjusted Life Years),Gabon,Both,Age-standardized,All causes,Rate,2005,62607.957598171524,70443.42811310518,55382.82294750059
DALYs (Disability-Adjusted Life Years),Chad,Both,Age-standardized,All causes,Rate,2007,81746.08926492873,89164.41194996309,74902.06827754804
DALYs (Disability-Adjusted Life Years),Armenia,Both,Age-standardized,All causes,Rate,2005,31737.563012869385,34842.661388308996,29002.251397036984
DALYs (Disability-Adjusted Life Years),Mauritius,Both,Age-standardized,All causes,Rate,2005,32071.169353372963,35482.60894622934,29334.550012118703
DALYs (Disability-Adjusted Life Years),Jordan,Both,Age-standardized,All causes,Rate,2003,31373.555216516663,35036.985281526504,27909.696475961908
DALYs (Disability-Adjusted Life Years),Slovenia,Both,Age-standardized,All causes,Rate,2005,23891.190602109546,27154.237455375373,21179.873737092737
DALYs (Disability-Adjusted Life Years),South Africa,Both,Age-standardized,All causes,Rate,2005,90160.67260193202,94657.8149631033,86233.1136395673
DALYs (Disability-Adjusted Life Years),United Arab Emirates,Both,Age-standardized,All causes,Rate,2003,33453.47345353133,37796.954313102324,29626.210301174135
DALYs (Disability-Adjusted Life Years),Brazil,Both,Age-standardized,All causes,Rate,2009,33260.92229983051,36767.410505486994,30068.742974330886
DALYs (Disability-Adjusted Life Years),Singapore,Both,Age-standardized,All causes,Rate,2005,18942.27929297546,21775.967934105865,16622.6048711462
DALYs (Disability-Adjusted Life Years),Italy,Both,Age-standardized,All causes,Rate,2005,20791.578099507355,24131.652413027226,17995.12528678407
DALYs (Disability-Adjusted Life Years),Cambodia,Both,Age-standardized,All causes,Rate,2006,52128.010627182644,57275.62013011869,47541.96310468281
DALYs (Disability-Adjusted Life Years),Dominica,Both,Age-standardized,All causes,Rate,2005,31302.950503842236,34674.2836355891,28415.940164389587
DALYs (Disability-Adjusted Life Years),Colombia,Both,Age-standardized,All causes,Rate,2006,28702.469452787114,31924.404637432828,25835.68083064772
DALYs (Disability-Adjusted Life Years),United Kingdom,Both,Age-standardized,All causes,Rate,2003,23719.476665501752,27025.255053181518,20927.756227002494
DALYs (Disability-Adjusted Life Years),Bangladesh,Both,Age-standardized,All causes,Rate,2009,42424.71392723916,46316.99839026991,39015.730040950446
DALYs (Disability-Adjusted Life Years),Cuba,Both,Age-standardized,All causes,Rate,2003,24352.149418834913,27440.07155464222,21739.566853653723
DALYs (Disability-Adjusted Life Years),Israel,Both,Age-standardized,All causes,Rate,2002,23186.388353339535,26255.29062894757,20559.004667761583
DALYs (Disability-Adjusted Life Years),Trinidad and Tobago,Both,Age-standardized,All causes,Rate,2003,36586.23815691518,39793.50616037334,33960.287560875746
DALYs (Disability-Adjusted Life Years),Nicaragua,Both,Age-standardized,All causes,Rate,2003,30523.352696047325,33859.46589252604,27592.45879131223
DALYs (Disability-Adjusted Life Years),Somalia,Both,Age-standardized,All causes,Rate,2008,86392.62492124307,98614.78239620714,74469.88196372517
DALYs (Disability-Adjusted Life Years),Republic of Moldova,Both,Age-standardized,All causes,Rate,2007,37489.939262000174,40450.32530629106,34897.10827142973
DALYs (Disability-Adjusted Life Years),Cook Islands,Both,Age-standardized,All causes,Rate,2006,29191.495711244053,32875.23559894434,25943.499259621494
DALYs (Disability-Adjusted Life Years),Gambia,Both,Age-standardized,All causes,Rate,2003,62118.91326449287,69271.19713837402,55300.88914452903
DALYs (Disability-Adjusted Life Years),Nauru,Both,Age-standardized,All causes,Rate,2003,71892.740280902,80551.80452915805,64144.09254116577
DALYs (Disability-Adjusted Life Years),San Marino,Both,Age-standardized,All causes,Rate,2006,18844.029306696753,22031.840602291984,15945.87048103307
DALYs (Disability-Adjusted Life Years),South Sudan,Both,Age-standardized,All causes,Rate,2003,78350.87060959944,89490.340382073,67923.74371685353
DALYs (Disability-Adjusted Life Years),Niue,Both,Age-standardized,All causes,Rate,2001,40849.57074944439,46686.13039767833,35189.528206518415
DALYs (Disability-Adjusted Life Years),Nicaragua,Both,Age-standardized,All causes,Rate,2005,30325.439766891344,33681.667056419334,27371.587798968412
DALYs (Disability-Adjusted Life Years),Kuwait,Both,Age-standardized,All causes,Rate,2005,24294.253244335578,27466.65973512792,21650.45123750841
DALYs (Disability-Adjusted Life Years),Belgium,Both,Age-standardized,All causes,Rate,2005,22891.21923594238,26242.901725176493,20002.870547093215
DALYs (Disability-Adjusted Life Years),Ethiopia,Both,Age-standardized,All causes,Rate,2005,71794.19837367258,76588.42807882492,67448.55525785038
DALYs (Disability-Adjusted Life Years),South Sudan,Both,Age-standardized,All causes,Rate,2005,75960.79615197719,86521.10010067647,64835.46336867928
DALYs (Disability-Adjusted Life Years),Austria,Both,Age-standardized,All causes,Rate,2007,21502.149846891476,24720.193661496487,18744.788577970918
DALYs (Disability-Adjusted Life Years),Montenegro,Both,Age-standardized,All causes,Rate,2007,27322.46278376503,30589.05125330026,24751.21354781133
DALYs (Disability-Adjusted Life Years),Maldives,Both,Age-standardized,All causes,Rate,2007,25816.281508602056,29333.851985193425,23107.231587558523
DALYs (Disability-Adjusted Life Years),Morocco,Both,Age-standardized,All causes,Rate,2007,36727.25393446915,42445.86620796379,31607.285912982887
DALYs (Disability-Adjusted Life Years),Republic of Korea,Both,Age-standardized,All causes,Rate,2002,24315.767858183874,27322.60769030662,21854.64606238375
DALYs (Disability-Adjusted Life Years),Sao Tome and Principe,Both,Age-standardized,All causes,Rate,2007,44279.9949996851,49219.99327975676,39848.3424376592
DALYs (Disability-Adjusted Life Years),Montenegro,Both,Age-standardized,All causes,Rate,2003,29461.451948963924,32592.4715112354,26811.167909592947
DALYs (Disability-Adjusted Life Years),Russian Federation,Both,Age-standardized,All causes,Rate,2003,49154.264175257,52589.28606509331,46244.374171412615
DALYs (Disability-Adjusted Life Years),Mozambique,Both,Age-standardized,All causes,Rate,2004,89896.29254767169,97395.01787887028,82837.81614516099
DALYs (Disability-Adjusted Life Years),Sao Tome and Principe,Both,Age-standardized,All causes,Rate,2002,49244.99411983932,54404.67869936252,44819.90983524487
DALYs (Disability-Adjusted Life Years),Cameroon,Both,Age-standardized,All causes,Rate,2001,82223.60057304586,89862.26433879146,74472.98144060033
DALYs (Disability-Adjusted Life Years),Cabo Verde,Both,Age-standardized,All causes,Rate,2004,37067.05865036986,42527.84029243384,32259.81149517423
DALYs (Disability-Adjusted Life Years),Andorra,Both,Age-standardized,All causes,Rate,2007,19558.333327454362,23454.007451223464,16703.175582411783
DALYs (Disability-Adjusted Life Years),Lao People's Democratic Republic,Both,Age-standardized,All causes,Rate,2004,61451.78880667148,67839.97843527453,55598.42288133896
DALYs (Disability-Adjusted Life Years),Australia,Both,Age-standardized,All causes,Rate,2003,22363.320649794816,25670.23869199981,19503.347439583773
DALYs (Disability-Adjusted Life Years),Democratic People's Republic of Korea,Both,Age-standardized,All causes,Rate,2007,34942.00163921702,40399.79995755794,30067.55016217206
DALYs (Disability-Adjusted Life Years),American Samoa,Both,Age-standardized,All causes,Rate,2007,36369.93971996181,40240.630587933,33339.047027453824
DALYs (Disability-Adjusted Life Years),Italy,Both,Age-standardized,All causes,Rate,2007,20228.044615857132,23496.729215238374,17461.437345878316
DALYs (Disability-Adjusted Life Years),Marshall Islands,Both,Age-standardized,All causes,Rate,2004,56676.42708564132,62415.47632519604,51448.21766890357
DALYs (Disability-Adjusted Life Years),Kazakhstan,Both,Age-standardized,All causes,Rate,2004,49288.11239038738,52877.19665766761,46265.95024012699
DALYs (Disability-Adjusted Life Years),Chile,Both,Age-standardized,All causes,Rate,2007,24702.3492564004,27944.326615626913,21941.16734710496
DALYs (Disability-Adjusted Life Years),Hungary,Both,Age-standardized,All causes,Rate,2004,31405.104502223803,34633.98831470171,28788.216273884354
DALYs (Disability-Adjusted Life Years),Dominica,Both,Age-standardized,All causes,Rate,2007,31734.112737156822,35116.35088966654,28694.099927306128
DALYs (Disability-Adjusted Life Years),Afghanistan,Both,Age-standardized,All causes,Rate,2007,74024.99845506028,84120.3856766352,65105.33243937676
DALYs (Disability-Adjusted Life Years),Kenya,Both,Age-standardized,All causes,Rate,2004,76852.34398343119,83682.40800224325,70816.8099757906
DALYs (Disability-Adjusted Life Years),Equatorial Guinea,Both,Age-standardized,All causes,Rate,2007,59855.90834026443,70251.41068579664,50136.78921306634
DALYs (Disability-Adjusted Life Years),Namibia,Both,Age-standardized,All causes,Rate,2004,89295.68378392624,99606.43168953009,80085.78921248668
DALYs (Disability-Adjusted Life Years),Mozambique,Both,Age-standardized,All causes,Rate,2007,88015.12169381959,95766.87980142105,80802.90757340554
DALYs (Disability-Adjusted Life Years),Cabo Verde,Both,Age-standardized,All causes,Rate,2002,38551.63558839436,44454.210425067446,33413.78209377911
DALYs (Disability-Adjusted Life Years),Saudi Arabia,Both,Age-standardized,All causes,Rate,2004,36420.34406862556,40254.8185759485,33167.95114381171
DALYs (Disability-Adjusted Life Years),Switzerland,Both,Age-standardized,All causes,Rate,2007,19983.122133237583,23362.17445762247,17169.649184500347
DALYs (Disability-Adjusted Life Years),Iran (Islamic Republic of),Both,Age-standardized,All causes,Rate,2007,31568.72758922837,34754.163260975016,28512.952015259292
DALYs (Disability-Adjusted Life Years),Ireland,Both,Age-standardized,All causes,Rate,2002,24610.13712526079,27954.352777221153,21783.77744368218
DALYs (Disability-Adjusted Life Years),Equatorial Guinea,Both,Age-standardized,All causes,Rate,2005,64611.45708631465,75618.22423724837,54995.22641429881
DALYs (Disability-Adjusted Life Years),Eswatini,Both,Age-standardized,All causes,Rate,2005,137618.6678588693,157584.24172160722,119085.02100923007
DALYs (Disability-Adjusted Life Years),Cyprus,Both,Age-standardized,All causes,Rate,2004,24417.0789869925,27444.9177419723,21645.589558493277
DALYs (Disability-Adjusted Life Years),Bahamas,Both,Age-standardized,All causes,Rate,2007,32530.70760453961,36039.47189020691,29379.396708913442
DALYs (Disability-Adjusted Life Years),Tunisia,Both,Age-standardized,All causes,Rate,2007,28687.52834191422,33836.79606343214,24062.284371463495
DALYs (Disability-Adjusted Life Years),Congo,Both,Age-standardized,All causes,Rate,2005,74920.6765959279,82243.13969463109,68557.46442436159
DALYs (Disability-Adjusted Life Years),Malawi,Both,Age-standardized,All causes,Rate,2005,102644.5297210676,112390.99943234873,93737.22942984008
DALYs (Disability-Adjusted Life Years),Russian Federation,Both,Age-standardized,All causes,Rate,2007,43617.811635375,46953.01069085278,40839.66695348929
DALYs (Disability-Adjusted Life Years),Ecuador,Both,Age-standardized,All causes,Rate,2007,32674.249550788554,36300.03424462084,29588.088745042325
DALYs (Disability-Adjusted Life Years),Paraguay,Both,Age-standardized,All causes,Rate,2007,30154.08756709052,33777.35112304158,26864.445107151143
DALYs (Disability-Adjusted Life Years),Eritrea,Both,Age-standardized,All causes,Rate,2007,68953.57647810277,80351.73658615626,58895.20637132304
DALYs (Disability-Adjusted Life Years),Zambia,Both,Age-standardized,All causes,Rate,2007,88093.54170830514,96626.89144419272,80625.71607865559
DALYs (Disability-Adjusted Life Years),Montenegro,Both,Age-standardized,All causes,Rate,2002,29548.422416107907,32704.656200707406,26901.236583300884
DALYs (Disability-Adjusted Life Years),Nepal,Both,Age-standardized,All causes,Rate,2004,47255.9865995088,52667.23815060036,42925.44572633759
DALYs (Disability-Adjusted Life Years),Comoros,Both,Age-standardized,All causes,Rate,2005,53526.479562181994,60606.82453662045,46998.1240715635
DALYs (Disability-Adjusted Life Years),United Republic of Tanzania,Both,Age-standardized,All causes,Rate,2005,75451.6739135819,82818.31215363462,69123.7859002464
DALYs (Disability-Adjusted Life Years),South Sudan,Both,Age-standardized,All causes,Rate,2001,80433.35522541321,92028.42122751033,70213.57374442754
DALYs (Disability-Adjusted Life Years),Cabo Verde,Both,Age-standardized,All causes,Rate,2007,34152.61603609833,38925.4291962094,30114.562833500735
DALYs (Disability-Adjusted Life Years),Solomon Islands,Both,Age-standardized,All causes,Rate,2003,53260.643994468,62343.34210166264,45718.54481064825
DALYs (Disability-Adjusted Life Years),Mozambique,Both,Age-standardized,All causes,Rate,2006,89109.88441790776,97378.96734798573,81721.06726081758
DALYs (Disability-Adjusted Life Years),Lithuania,Both,Age-standardized,All causes,Rate,2004,33904.08848666992,37082.665762015735,31187.292501324417
DALYs (Disability-Adjusted Life Years),Tuvalu,Both,Age-standardized,All causes,Rate,2006,47331.05696409304,53502.692963585076,41670.4733932616
DALYs (Disability-Adjusted Life Years),Timor-Leste,Both,Age-standardized,All causes,Rate,2008,42148.76498892534,46696.824411534966,38015.77201518873
DALYs (Disability-Adjusted Life Years),Armenia,Both,Age-standardized,All causes,Rate,2008,30604.3529347844,33564.17318471796,27987.490343023335
DALYs (Disability-Adjusted Life Years),Somalia,Both,Age-standardized,All causes,Rate,2005,88978.27429755188,100808.2303096111,77596.60472737599
DALYs (Disability-Adjusted Life Years),Malaysia,Both,Age-standardized,All causes,Rate,2007,28258.3511982479,31305.76010258325,25663.50572342539
DALYs (Disability-Adjusted Life Years),Albania,Both,Age-standardized,All causes,Rate,2008,25100.943006310765,28133.134394256133,22455.838530908688
DALYs (Disability-Adjusted Life Years),Bangladesh,Both,Age-standardized,All causes,Rate,2007,45125.115764158785,49011.33113121086,41772.00985959999
DALYs (Disability-Adjusted Life Years),Niger,Both,Age-standardized,All causes,Rate,2005,77748.70978995253,84922.85850910205,70008.36425504713
DALYs (Disability-Adjusted Life Years),Italy,Both,Age-standardized,All causes,Rate,2002,21806.85276340109,25118.07532581395,19037.10465217218
DALYs (Disability-Adjusted Life Years),Turkmenistan,Both,Age-standardized,All causes,Rate,2003,46422.03574066517,49676.18484043097,43533.42537790312
DALYs (Disability-Adjusted Life Years),Burkina Faso,Both,Age-standardized,All causes,Rate,2005,80408.02251135807,88395.20414831332,73438.45680447605
DALYs (Disability-Adjusted Life Years),Chile,Both,Age-standardized,All causes,Rate,2002,26034.24583006752,29297.530472942057,23229.461600047794
DALYs (Disability-Adjusted Life Years),Philippines,Both,Age-standardized,All causes,Rate,2003,37613.90141170282,41181.67902142523,34397.58185778109
DALYs (Disability-Adjusted Life Years),Australia,Both,Age-standardized,All causes,Rate,2006,21548.613469413816,24976.354318100846,18629.669119684582
DALYs (Disability-Adjusted Life Years),San Marino,Both,Age-standardized,All causes,Rate,2003,19437.46472862844,22653.48666274945,16567.970782240947
DALYs (Disability-Adjusted Life Years),Greece,Both,Age-standardized,All causes,Rate,2005,22779.842030431915,26049.224483985457,19972.856812613238
DALYs (Disability-Adjusted Life Years),Mali,Both,Age-standardized,All causes,Rate,2005,78225.4422987285,84299.91476605386,72475.59082566782
DALYs (Disability-Adjusted Life Years),Kazakhstan,Both,Age-standardized,All causes,Rate,2005,49313.99772447964,52754.326377320656,46148.52711905083
DALYs (Disability-Adjusted Life Years),Myanmar,Both,Age-standardized,All causes,Rate,2007,56304.62630909553,63066.75630334272,50403.868221408884
DALYs (Disability-Adjusted Life Years),Guyana,Both,Age-standardized,All causes,Rate,2005,50732.709582681266,55592.04797586159,46650.78378267514
DALYs (Disability-Adjusted Life Years),Malaysia,Both,Age-standardized,All causes,Rate,2005,28957.98911683771,32053.691711699918,26341.477523075886
DALYs (Disability-Adjusted Life Years),Micronesia (Federated States of),Both,Age-standardized,All causes,Rate,2005,48039.494494626066,54692.60818709259,42639.68163874566
DALYs (Disability-Adjusted Life Years),Colombia,Both,Age-standardized,All causes,Rate,2007,27852.10832925049,31012.596678397786,25046.051905626166
DALYs (Disability-Adjusted Life Years),Tajikistan,Both,Age-standardized,All causes,Rate,2005,42242.958187132106,46081.20561599928,38519.68955256585
DALYs (Disability-Adjusted Life Years),North Macedonia,Both,Age-standardized,All causes,Rate,2005,33444.44710562481,36498.54848739915,30644.86957357494
DALYs (Disability-Adjusted Life Years),Slovenia,Both,Age-standardized,All causes,Rate,2008,22681.22496265524,25888.483631293202,20003.94393115104
DALYs (Disability-Adjusted Life Years),Algeria,Both,Age-standardized,All causes,Rate,2007,31363.32184917145,34892.174823505055,28217.597870305
DALYs (Disability-Adjusted Life Years),Austria,Both,Age-standardized,All causes,Rate,2005,22158.017851826597,25396.61900487059,19384.993577873825
DALYs (Disability-Adjusted Life Years),Lithuania,Both,Age-standardized,All causes,Rate,2002,34030.00382693798,37159.68773077811,31232.529542613986
DALYs (Disability-Adjusted Life Years),Myanmar,Both,Age-standardized,All causes,Rate,2005,60023.03584087067,66599.26386875057,54168.35246710738
DALYs (Disability-Adjusted Life Years),Taiwan (Province of China),Both,Age-standardized,All causes,Rate,2007,22066.773386394616,24752.027009522477,19770.424078509797
DALYs (Disability-Adjusted Life Years),Cameroon,Both,Age-standardized,All causes,Rate,2002,82468.45117954245,90515.21511389526,74758.18336565836
DALYs (Disability-Adjusted Life Years),Tunisia,Both,Age-standardized,All causes,Rate,2002,30723.415589265252,35040.994091977154,26849.945818197375
DALYs (Disability-Adjusted Life Years),Chad,Both,Age-standardized,All causes,Rate,2010,76382.85222481778,83894.52569624607,69559.83507871804
DALYs (Disability-Adjusted Life Years),Mauritius,Both,Age-standardized,All causes,Rate,2004,32055.03479591893,35393.630961353585,29292.3178818694
DALYs (Disability-Adjusted Life Years),Sri Lanka,Both,Age-standardized,All causes,Rate,2007,30283.25162557643,33381.82822051806,27592.25770179592
DALYs (Disability-Adjusted Life Years),Brazil,Both,Age-standardized,All causes,Rate,2010,32894.674980176416,36199.610158123294,29896.061516672835
DALYs (Disability-Adjusted Life Years),Sierra Leone,Both,Age-standardized,All causes,Rate,2004,89017.28972385173,96182.31548764647,82759.94494148428
DALYs (Disability-Adjusted Life Years),Uzbekistan,Both,Age-standardized,All causes,Rate,2007,38815.387876709945,43028.81155399429,35275.43251442064
DALYs (Disability-Adjusted Life Years),Bermuda,Both,Age-standardized,All causes,Rate,2005,21689.808442538244,24724.64762925378,18936.785303837434
DALYs (Disability-Adjusted Life Years),Latvia,Both,Age-standardized,All causes,Rate,2006,36330.05207772592,39647.11395213929,33696.44375749104
DALYs (Disability-Adjusted Life Years),China,Both,Age-standardized,All causes,Rate,2006,30231.853102918045,33065.367997549125,27731.676018793318
DALYs (Disability-Adjusted Life Years),Guinea-Bissau,Both,Age-standardized,All causes,Rate,2008,79882.67280614084,88945.68211264107,71717.74671382408
DALYs (Disability-Adjusted Life Years),Tajikistan,Both,Age-standardized,All causes,Rate,2006,41774.375767155914,45751.22827716938,37822.57372636157
DALYs (Disability-Adjusted Life Years),Niue,Both,Age-standardized,All causes,Rate,2002,40607.91326209237,46406.70810173305,34938.77029177494
DALYs (Disability-Adjusted Life Years),Tonga,Both,Age-standardized,All causes,Rate,2003,34733.92929061083,38476.725593961615,30940.949062845924
DALYs (Disability-Adjusted Life Years),Madagascar,Both,Age-standardized,All causes,Rate,2006,62623.38610010152,69954.98981480405,55693.302962523005
DALYs (Disability-Adjusted Life Years),Bangladesh,Both,Age-standardized,All causes,Rate,2010,41414.12820801069,45377.41405958917,37927.4514973712
DALYs (Disability-Adjusted Life Years),Suriname,Both,Age-standardized,All causes,Rate,2007,37150.218040607804,40612.31057744081,34014.018375846004
DALYs (Disability-Adjusted Life Years),Democratic Republic of the Congo,Both,Age-standardized,All causes,Rate,2007,76418.13303653919,84345.54782104994,69215.32317698761
DALYs (Disability-Adjusted Life Years),Marshall Islands,Both,Age-standardized,All causes,Rate,2005,56631.87031361122,62291.07738618461,51953.09280359088
DALYs (Disability-Adjusted Life Years),Ukraine,Both,Age-standardized,All causes,Rate,2005,42914.04880652598,46268.72541957382,40134.1094763863
DALYs (Disability-Adjusted Life Years),Libya,Both,Age-standardized,All causes,Rate,2005,31296.971390642986,34917.53732696685,28183.2611516747
DALYs (Disability-Adjusted Life Years),Cambodia,Both,Age-standardized,All causes,Rate,2007,50385.78696087912,55289.955144517444,45923.73072544616
DALYs (Disability-Adjusted Life Years),Tonga,Both,Age-standardized,All causes,Rate,2007,33398.46455590223,38192.4947627089,28875.5539062721
DALYs (Disability-Adjusted Life Years),Sao Tome and Principe,Both,Age-standardized,All causes,Rate,2005,46919.44377057642,51961.658544740785,42581.281885161516
DALYs (Disability-Adjusted Life Years),Puerto Rico,Both,Age-standardized,All causes,Rate,2005,25777.823512381605,29024.706312222715,23002.08679909014
DALYs (Disability-Adjusted Life Years),Yemen,Both,Age-standardized,All causes,Rate,2006,50088.56754997039,57907.22207941839,42599.620339724395
DALYs (Disability-Adjusted Life Years),Iraq,Both,Age-standardized,All causes,Rate,2002,41256.42855596122,47229.33603376587,35945.02213758305
DALYs (Disability-Adjusted Life Years),Guyana,Both,Age-standardized,All causes,Rate,2004,50997.62577475828,55688.03897512209,46952.8247873975
DALYs (Disability-Adjusted Life Years),Colombia,Both,Age-standardized,All causes,Rate,2004,30050.479795066774,33367.822335931836,27162.76041345056
DALYs (Disability-Adjusted Life Years),Malta,Both,Age-standardized,All causes,Rate,2003,21845.941170691018,24884.76887670733,19261.00030058509
DALYs (Disability-Adjusted Life Years),Panama,Both,Age-standardized,All causes,Rate,2004,26196.006745164734,29258.458120977553,23450.488358085073
DALYs (Disability-Adjusted Life Years),Belgium,Both,Age-standardized,All causes,Rate,2003,23619.43936076024,26983.57363194861,20747.38651440304
DALYs (Disability-Adjusted Life Years),Jordan,Both,Age-standardized,All causes,Rate,2004,31066.935606758892,34564.44132605556,27729.87538002465
DALYs (Disability-Adjusted Life Years),Grenada,Both,Age-standardized,All causes,Rate,2003,34765.81400645037,38286.2055917403,31745.430982325983
DALYs (Disability-Adjusted Life Years),Lesotho,Both,Age-standardized,All causes,Rate,2006,135189.03804637797,153333.78811188313,118185.35471030782
DALYs (Disability-Adjusted Life Years),United Arab Emirates,Both,Age-standardized,All causes,Rate,2004,34328.39593904902,38373.08739241008,30531.238589613808
DALYs (Disability-Adjusted Life Years),Gambia,Both,Age-standardized,All causes,Rate,2006,59735.3803343135,67359.91919418846,53051.31525175304
DALYs (Disability-Adjusted Life Years),Angola,Both,Age-standardized,All causes,Rate,2004,79867.15709534305,86771.27808820024,73594.46985535602
DALYs (Disability-Adjusted Life Years),Lao People's Democratic Republic,Both,Age-standardized,All causes,Rate,2005,59663.432600267064,66013.71137769983,53834.77205896097
DALYs (Disability-Adjusted Life Years),Togo,Both,Age-standardized,All causes,Rate,2006,71903.79047324236,79623.69291364147,65165.34117067603
DALYs (Disability-Adjusted Life Years),Serbia,Both,Age-standardized,All causes,Rate,2007,30728.262468568268,33731.15086043505,28302.032135793754
DALYs (Disability-Adjusted Life Years),Lebanon,Both,Age-standardized,All causes,Rate,2007,26696.708101269232,30200.813460807774,23486.63997593724
DALYs (Disability-Adjusted Life Years),Cook Islands,Both,Age-standardized,All causes,Rate,2007,28740.895274620347,32451.29043883092,25498.64429372671
DALYs (Disability-Adjusted Life Years),Uzbekistan,Both,Age-standardized,All causes,Rate,2003,40749.732438485895,44347.46745570336,37719.80851969109
DALYs (Disability-Adjusted Life Years),Poland,Both,Age-standardized,All causes,Rate,2006,27677.239206359016,30827.61069819,24972.530108204526
DALYs (Disability-Adjusted Life Years),Central African Republic,Both,Age-standardized,All causes,Rate,2006,118652.26004674974,133526.37699146132,103291.12651009629
DALYs (Disability-Adjusted Life Years),Democratic People's Republic of Korea,Both,Age-standardized,All causes,Rate,2008,34926.8321523565,40388.097184857754,30039.206724313804
DALYs (Disability-Adjusted Life Years),Kiribati,Both,Age-standardized,All causes,Rate,2001,61977.8005358116,69356.43477070521,54830.64977171069
DALYs (Disability-Adjusted Life Years),Georgia,Both,Age-standardized,All causes,Rate,2001,37176.63242183945,40447.912294176014,34095.07057907695
DALYs (Disability-Adjusted Life Years),Georgia,Both,Age-standardized,All causes,Rate,2002,36171.9430643248,39160.63816370289,33466.32026776248
DALYs (Disability-Adjusted Life Years),Latvia,Both,Age-standardized,All causes,Rate,2001,37542.29373968695,40840.419960762134,34748.11390196778
DALYs (Disability-Adjusted Life Years),Jamaica,Both,Age-standardized,All causes,Rate,2003,28013.082131464467,31262.703963782646,25395.818661257752
DALYs (Disability-Adjusted Life Years),El Salvador,Both,Age-standardized,All causes,Rate,2003,33498.68925490465,36914.13029072244,30479.21315432962
DALYs (Disability-Adjusted Life Years),Hungary,Both,Age-standardized,All causes,Rate,2005,31290.279238895848,34456.40780194087,28687.618265109595
DALYs (Disability-Adjusted Life Years),San Marino,Both,Age-standardized,All causes,Rate,2005,18974.432148137745,22124.680964744148,16094.268721489892
DALYs (Disability-Adjusted Life Years),Netherlands,Both,Age-standardized,All causes,Rate,2006,21056.33739270655,24068.43857489176,18481.22962426377
DALYs (Disability-Adjusted Life Years),Japan,Both,Age-standardized,All causes,Rate,2007,18076.02465084207,20889.470628654304,15676.567760120113
DALYs (Disability-Adjusted Life Years),Cyprus,Both,Age-standardized,All causes,Rate,2007,22965.45068863039,26123.74585926427,20394.794163711627
DALYs (Disability-Adjusted Life Years),Guyana,Both,Age-standardized,All causes,Rate,2007,48838.12680483376,53405.50063015224,45152.570890501
DALYs (Disability-Adjusted Life Years),India,Both,Age-standardized,All causes,Rate,2007,48644.437596574186,53186.414581954785,45164.340536118965
DALYs (Disability-Adjusted Life Years),Paraguay,Both,Age-standardized,All causes,Rate,2008,30052.13124280485,33770.06322645318,26803.98031127589
DALYs (Disability-Adjusted Life Years),Congo,Both,Age-standardized,All causes,Rate,2007,69985.34565478352,76627.45035346826,63800.942051163576
DALYs (Disability-Adjusted Life Years),Morocco,Both,Age-standardized,All causes,Rate,2008,36224.43763489181,42211.28670194312,31165.321533382485
DALYs (Disability-Adjusted Life Years),Kenya,Both,Age-standardized,All causes,Rate,2007,68214.37835002085,72978.22463227206,64251.69500423551
DALYs (Disability-Adjusted Life Years),San Marino,Both,Age-standardized,All causes,Rate,2007,18707.80394011932,21892.27193697749,15884.78386253489
DALYs (Disability-Adjusted Life Years),Botswana,Both,Age-standardized,All causes,Rate,2007,75624.52622236215,85609.95641484126,67264.18209194696
DALYs (Disability-Adjusted Life Years),Canada,Both,Age-standardized,All causes,Rate,2009,20816.964136400045,23981.541494615703,18156.158229584784
DALYs (Disability-Adjusted Life Years),Lithuania,Both,Age-standardized,All causes,Rate,2005,35222.077267339824,38465.12944491622,32575.44572089067
DALYs (Disability-Adjusted Life Years),Cyprus,Both,Age-standardized,All causes,Rate,2005,24081.811488433443,27135.03444104693,21407.27322257506
DALYs (Disability-Adjusted Life Years),Netherlands,Both,Age-standardized,All causes,Rate,2005,21466.412261020694,24467.38966050115,18879.07085907842
DALYs (Disability-Adjusted Life Years),Lebanon,Both,Age-standardized,All causes,Rate,2005,27097.374133921654,30792.112138360546,23981.821099759836
DALYs (Disability-Adjusted Life Years),Equatorial Guinea,Both,Age-standardized,All causes,Rate,2008,58672.64961274741,69174.50157033994,49109.137281541545
DALYs (Disability-Adjusted Life Years),Algeria,Both,Age-standardized,All causes,Rate,2006,31821.018112375586,35461.67428090726,28572.71259847581
DALYs (Disability-Adjusted Life Years),Lebanon,Both,Age-standardized,All causes,Rate,2006,28028.925693457757,31639.37031947687,24834.50127824522
DALYs (Disability-Adjusted Life Years),Albania,Both,Age-standardized,All causes,Rate,2006,26563.297412199772,29676.81989645875,23849.81610919052
DALYs (Disability-Adjusted Life Years),Congo,Both,Age-standardized,All causes,Rate,2006,71952.8149915135,79148.9566614331,65700.48941817573
DALYs (Disability-Adjusted Life Years),Slovenia,Both,Age-standardized,All causes,Rate,2006,23661.306750544773,26774.663008109477,20977.155251823428
DALYs (Disability-Adjusted Life Years),Netherlands,Both,Age-standardized,All causes,Rate,2007,20637.825573932674,23619.865515626836,18068.974670878073
DALYs (Disability-Adjusted Life Years),Puerto Rico,Both,Age-standardized,All causes,Rate,2006,25271.30506205179,28544.981369147914,22619.10931640303
DALYs (Disability-Adjusted Life Years),Belize,Both,Age-standardized,All causes,Rate,2007,33459.41901958184,36689.68368555735,30576.325524006435
DALYs (Disability-Adjusted Life Years),Afghanistan,Both,Age-standardized,All causes,Rate,2006,75343.84954163803,85374.24718418156,66491.79952454887
DALYs (Disability-Adjusted Life Years),Ghana,Both,Age-standardized,All causes,Rate,2007,62745.511611344016,69087.65421702476,57406.15884383493
DALYs (Disability-Adjusted Life Years),Panama,Both,Age-standardized,All causes,Rate,2002,26453.967409522855,29560.691130452688,23652.052303578737
DALYs (Disability-Adjusted Life Years),Kenya,Both,Age-standardized,All causes,Rate,2002,78997.88546036514,87329.28229586247,71646.48731166257
DALYs (Disability-Adjusted Life Years),Afghanistan,Both,Age-standardized,All causes,Rate,2008,72073.17528796903,81623.1750791995,63687.95975214519
DALYs (Disability-Adjusted Life Years),Mozambique,Both,Age-standardized,All causes,Rate,2008,86743.03953192075,94179.03449330416,79650.47861308906
DALYs (Disability-Adjusted Life Years),Belgium,Both,Age-standardized,All causes,Rate,2008,22357.721559591027,25784.189242183475,19449.459990197327
DALYs (Disability-Adjusted Life Years),Iceland,Both,Age-standardized,All causes,Rate,2006,19802.292693062067,22901.58332834532,17103.6438680984
DALYs (Disability-Adjusted Life Years),Malta,Both,Age-standardized,All causes,Rate,2008,20700.525580808775,23888.600631812755,18159.615634858557
DALYs (Disability-Adjusted Life Years),Grenada,Both,Age-standardized,All causes,Rate,2008,33900.172910677145,37365.66954935987,31056.2380955546
DALYs (Disability-Adjusted Life Years),Somalia,Both,Age-standardized,All causes,Rate,2009,85472.11077342533,97749.54513522352,73668.62490242772
DALYs (Disability-Adjusted Life Years),Eswatini,Both,Age-standardized,All causes,Rate,2008,125990.50654032147,142308.56963525084,111307.1100670228
DALYs (Disability-Adjusted Life Years),Solomon Islands,Both,Age-standardized,All causes,Rate,2004,53002.10920742044,61770.94561898548,45211.46002856115
DALYs (Disability-Adjusted Life Years),Guam,Both,Age-standardized,All causes,Rate,2008,25429.165564743118,28304.684521628555,23022.923735023367
DALYs (Disability-Adjusted Life Years),Ghana,Both,Age-standardized,All causes,Rate,2003,65630.20050969633,72818.08601128693,60019.549184637675
DALYs (Disability-Adjusted Life Years),El Salvador,Both,Age-standardized,All causes,Rate,2005,33599.48766940167,37132.61717375158,30621.811787234354
DALYs (Disability-Adjusted Life Years),Algeria,Both,Age-standardized,All causes,Rate,2005,32319.003649413895,36027.12155562248,28985.87841041933
DALYs (Disability-Adjusted Life Years),Singapore,Both,Age-standardized,All causes,Rate,2008,17946.35780282082,20690.459344244016,15686.962660890564
DALYs (Disability-Adjusted Life Years),Antigua and Barbuda,Both,Age-standardized,All causes,Rate,2008,28302.581307909913,31623.941320431513,25301.447290497083
DALYs (Disability-Adjusted Life Years),Suriname,Both,Age-standardized,All causes,Rate,2003,40107.994930363166,43767.75157007764,37067.52122079139
DALYs (Disability-Adjusted Life Years),Honduras,Both,Age-standardized,All causes,Rate,2008,37035.03574726998,43267.68330171382,31745.505961456234
DALYs (Disability-Adjusted Life Years),India,Both,Age-standardized,All causes,Rate,2006,49089.18935822114,53502.91475794655,45441.17247661324
DALYs (Disability-Adjusted Life Years),Malawi,Both,Age-standardized,All causes,Rate,2006,96407.7941749347,105350.35674430155,88738.97191194062
DALYs (Disability-Adjusted Life Years),Tuvalu,Both,Age-standardized,All causes,Rate,2008,46067.369345830266,52412.45318724372,40572.405143021264
DALYs (Disability-Adjusted Life Years),Namibia,Both,Age-standardized,All causes,Rate,2006,78786.70789307906,86813.66515081064,71087.44964278286
DALYs (Disability-Adjusted Life Years),United States of America,Both,Age-standardized,All causes,Rate,2008,25837.770231696984,29254.181816687153,22860.659228350367
DALYs (Disability-Adjusted Life Years),North Macedonia,Both,Age-standardized,All causes,Rate,2003,35439.562634967966,38747.65255675414,32769.801064362495
DALYs (Disability-Adjusted Life Years),Greece,Both,Age-standardized,All causes,Rate,2003,23085.234748325212,26325.143582537956,20299.16032993377
DALYs (Disability-Adjusted Life Years),Switzerland,Both,Age-standardized,All causes,Rate,2003,21201.37374737844,24500.845039594325,18403.06566608596
DALYs (Disability-Adjusted Life Years),Lebanon,Both,Age-standardized,All causes,Rate,2002,28025.603147347134,31973.443775612446,24727.70569803961
DALYs (Disability-Adjusted Life Years),Chad,Both,Age-standardized,All causes,Rate,2008,80396.55750877493,87624.51627508969,73172.36140673773
DALYs (Disability-Adjusted Life Years),Samoa,Both,Age-standardized,All causes,Rate,2004,36743.878003886915,41831.178121375946,32275.11047557672
DALYs (Disability-Adjusted Life Years),Ireland,Both,Age-standardized,All causes,Rate,2003,24005.025628718304,27377.84994259292,21242.874533091144
DALYs (Disability-Adjusted Life Years),Switzerland,Both,Age-standardized,All causes,Rate,2006,20222.56806713901,23594.72667741834,17438.730178778653
DALYs (Disability-Adjusted Life Years),Sudan,Both,Age-standardized,All causes,Rate,2005,52211.41938360444,59457.42865912567,45752.374601856136
DALYs (Disability-Adjusted Life Years),Israel,Both,Age-standardized,All causes,Rate,2004,21756.924757261782,24911.658820762637,19092.120957293926
DALYs (Disability-Adjusted Life Years),Philippines,Both,Age-standardized,All causes,Rate,2006,37502.7469949417,40815.841487859725,34562.14783537802
DALYs (Disability-Adjusted Life Years),Turkmenistan,Both,Age-standardized,All causes,Rate,2006,47036.09141252814,50199.625015834594,44310.36464327081
DALYs (Disability-Adjusted Life Years),Philippines,Both,Age-standardized,All causes,Rate,2004,37409.10798647105,40883.791686798424,34454.955884150564
DALYs (Disability-Adjusted Life Years),Solomon Islands,Both,Age-standardized,All causes,Rate,2006,52367.050702801265,60952.81086963753,44462.25683390065
DALYs (Disability-Adjusted Life Years),Romania,Both,Age-standardized,All causes,Rate,2004,33783.239179789234,36933.31985514474,31146.46770332107
DALYs (Disability-Adjusted Life Years),Romania,Both,Age-standardized,All causes,Rate,2006,32013.955988883397,35079.1114880547,29382.44195387722
DALYs (Disability-Adjusted Life Years),Barbados,Both,Age-standardized,All causes,Rate,2006,28679.701046022656,31887.555503438914,25792.70497372644
DALYs (Disability-Adjusted Life Years),Turkmenistan,Both,Age-standardized,All causes,Rate,2004,47060.69903718473,50283.07280337387,44198.691843746674
DALYs (Disability-Adjusted Life Years),Venezuela (Bolivarian Republic of),Both,Age-standardized,All causes,Rate,2002,32079.522301844932,35345.51880261149,29362.781874958255
DALYs (Disability-Adjusted Life Years),Northern Mariana Islands,Both,Age-standardized,All causes,Rate,2007,29768.156789827404,34220.48767778237,26005.89917690254
DALYs (Disability-Adjusted Life Years),Kuwait,Both,Age-standardized,All causes,Rate,2006,24270.177018073166,27458.117761649177,21616.4955768832
DALYs (Disability-Adjusted Life Years),Somalia,Both,Age-standardized,All causes,Rate,2006,88146.79236341563,100042.78497151296,76799.62096844606
DALYs (Disability-Adjusted Life Years),Taiwan (Province of China),Both,Age-standardized,All causes,Rate,2008,21763.93534312202,24424.405954313956,19477.100197062915
DALYs (Disability-Adjusted Life Years),India,Both,Age-standardized,All causes,Rate,2005,49782.0209181307,54267.57851072934,46053.28423176427
DALYs (Disability-Adjusted Life Years),Namibia,Both,Age-standardized,All causes,Rate,2005,84980.10592717753,94156.33688873619,77000.96254190692
DALYs (Disability-Adjusted Life Years),Senegal,Both,Age-standardized,All causes,Rate,2003,60026.55124623058,64794.89852023568,55913.94926308684
DALYs (Disability-Adjusted Life Years),Albania,Both,Age-standardized,All causes,Rate,2004,28140.629421149544,31278.870074827257,25265.680445931433
DALYs (Disability-Adjusted Life Years),Malaysia,Both,Age-standardized,All causes,Rate,2008,28618.443315552937,31708.721365382575,26078.145990362555
DALYs (Disability-Adjusted Life Years),Ghana,Both,Age-standardized,All causes,Rate,2005,64400.86516573082,71522.38652190089,58659.56988459393
DALYs (Disability-Adjusted Life Years),Micronesia (Federated States of),Both,Age-standardized,All causes,Rate,2008,47210.91648681928,53965.88511990193,41526.005461514236
DALYs (Disability-Adjusted Life Years),Belgium,Both,Age-standardized,All causes,Rate,2004,23142.768341059287,26516.400205459267,20239.78231861566
DALYs (Disability-Adjusted Life Years),Monaco,Both,Age-standardized,All causes,Rate,2005,22775.933409715584,26429.841692989394,19781.50427722491
DALYs (Disability-Adjusted Life Years),Austria,Both,Age-standardized,All causes,Rate,2008,21283.95877934369,24479.563126398283,18507.894268351356
DALYs (Disability-Adjusted Life Years),Uruguay,Both,Age-standardized,All causes,Rate,2008,27277.873726394762,30338.507178282864,24665.287912912656
DALYs (Disability-Adjusted Life Years),Timor-Leste,Both,Age-standardized,All causes,Rate,2006,44063.98605250604,48383.11108285331,39772.82632146815
DALYs (Disability-Adjusted Life Years),Armenia,Both,Age-standardized,All causes,Rate,2006,31430.29691008956,34377.150011454796,28840.861518018544
DALYs (Disability-Adjusted Life Years),Singapore,Both,Age-standardized,All causes,Rate,2006,18629.482751605963,21399.87443283531,16350.092562383878
DALYs (Disability-Adjusted Life Years),Venezuela (Bolivarian Republic of),Both,Age-standardized,All causes,Rate,2004,31204.18111089875,34471.47500605624,28506.12477244812
DALYs (Disability-Adjusted Life Years),Belgium,Both,Age-standardized,All causes,Rate,2006,22588.155759032266,25981.03110990001,19672.015137865812
DALYs (Disability-Adjusted Life Years),Myanmar,Both,Age-standardized,All causes,Rate,2008,71133.20332828384,78240.56441235768,65037.96957078376
DALYs (Disability-Adjusted Life Years),Malta,Both,Age-standardized,All causes,Rate,2006,21126.93108758132,24302.421834735025,18539.99281906878
DALYs (Disability-Adjusted Life Years),Antigua and Barbuda,Both,Age-standardized,All causes,Rate,2006,27854.44720083368,31097.80562779227,24945.29220811558
DALYs (Disability-Adjusted Life Years),Grenada,Both,Age-standardized,All causes,Rate,2006,34195.25348042157,37556.86269432349,31254.39015167565
DALYs (Disability-Adjusted Life Years),Mali,Both,Age-standardized,All causes,Rate,2006,76741.36096779587,82957.34909273093,70947.76649680962
DALYs (Disability-Adjusted Life Years),Bermuda,Both,Age-standardized,All causes,Rate,2006,21460.139902544255,24445.681763919038,18852.200943999815
DALYs (Disability-Adjusted Life Years),Kyrgyzstan,Both,Age-standardized,All causes,Rate,2008,40591.558897844305,43862.435076602254,37664.29521607349
DALYs (Disability-Adjusted Life Years),Ghana,Both,Age-standardized,All causes,Rate,2004,65049.35666660966,72099.83639948111,59279.572868230556
DALYs (Disability-Adjusted Life Years),Uruguay,Both,Age-standardized,All causes,Rate,2009,26881.345867413635,29963.435670157767,24329.691609708334
DALYs (Disability-Adjusted Life Years),Dominican Republic,Both,Age-standardized,All causes,Rate,2008,33608.24596849662,38581.37239618704,29152.045241920787
DALYs (Disability-Adjusted Life Years),Sri Lanka,Both,Age-standardized,All causes,Rate,2003,31275.68809507959,34452.01607906857,28589.97289081394
DALYs (Disability-Adjusted Life Years),Dominican Republic,Both,Age-standardized,All causes,Rate,2009,33100.366411627074,38297.36012572359,28536.63850982058
DALYs (Disability-Adjusted Life Years),Nicaragua,Both,Age-standardized,All causes,Rate,2006,29018.922541415348,32332.260598894994,26096.64008426435
DALYs (Disability-Adjusted Life Years),Uruguay,Both,Age-standardized,All causes,Rate,2005,28041.642476046407,30977.025793654197,25457.752258749573
DALYs (Disability-Adjusted Life Years),United Kingdom,Both,Age-standardized,All causes,Rate,2006,22734.01628679802,26041.670143749107,19931.184027149455
DALYs (Disability-Adjusted Life Years),Saint Kitts and Nevis,Both,Age-standardized,All causes,Rate,2006,33148.65309132867,36437.048373010504,30230.492465267154
DALYs (Disability-Adjusted Life Years),Côte d'Ivoire,Both,Age-standardized,All causes,Rate,2005,83350.73278942285,90190.4576706371,76861.45708335553
DALYs (Disability-Adjusted Life Years),Republic of Moldova,Both,Age-standardized,All causes,Rate,2008,36723.93005379305,39704.11041239795,34163.1304504664
DALYs (Disability-Adjusted Life Years),Yemen,Both,Age-standardized,All causes,Rate,2002,55127.98495009365,63483.69232335645,47180.34871222118
DALYs (Disability-Adjusted Life Years),Lesotho,Both,Age-standardized,All causes,Rate,2002,102307.56069710678,117364.3655181798,90105.51165047166
DALYs (Disability-Adjusted Life Years),Nauru,Both,Age-standardized,All causes,Rate,2002,71797.25181579113,80493.97894349528,64346.33035923676
DALYs (Disability-Adjusted Life Years),Djibouti,Both,Age-standardized,All causes,Rate,2006,60383.465391238125,70527.53095688895,51234.54072410731
DALYs (Disability-Adjusted Life Years),South Sudan,Both,Age-standardized,All causes,Rate,2002,79286.01684664251,90985.0151570332,69011.85652298685
DALYs (Disability-Adjusted Life Years),Ukraine,Both,Age-standardized,All causes,Rate,2006,41381.96597175883,44680.29384879366,38626.72745306261
DALYs (Disability-Adjusted Life Years),Suriname,Both,Age-standardized,All causes,Rate,2006,37731.009884951985,41280.59979096587,34624.89285715766
DALYs (Disability-Adjusted Life Years),Mali,Both,Age-standardized,All causes,Rate,2007,75080.44982766444,81033.67992720667,69352.70803459494
DALYs (Disability-Adjusted Life Years),Bolivia (Plurinational State of),Both,Age-standardized,All causes,Rate,2004,43326.515825524395,48100.13859040348,39183.20831877049
DALYs (Disability-Adjusted Life Years),Latvia,Both,Age-standardized,All causes,Rate,2002,36702.19034772222,39999.63889248009,33964.28475575419
DALYs (Disability-Adjusted Life Years),Luxembourg,Both,Age-standardized,All causes,Rate,2006,21638.41305296752,24788.08360913635,18839.466018214534
DALYs (Disability-Adjusted Life Years),Dominican Republic,Both,Age-standardized,All causes,Rate,2006,34795.3718250189,39995.151263326334,30970.747083112637
DALYs (Disability-Adjusted Life Years),Poland,Both,Age-standardized,All causes,Rate,2007,27554.149055766746,30665.366881634658,24941.05315163595
DALYs (Disability-Adjusted Life Years),North Macedonia,Both,Age-standardized,All causes,Rate,2008,33007.611242521554,36188.06005167656,30462.685116956913
DALYs (Disability-Adjusted Life Years),Brunei Darussalam,Both,Age-standardized,All causes,Rate,2004,27691.391005890597,30915.569600341227,24868.588269598753
DALYs (Disability-Adjusted Life Years),Luxembourg,Both,Age-standardized,All causes,Rate,2008,20704.440061324225,23796.780081445253,18054.76398090766
DALYs (Disability-Adjusted Life Years),Denmark,Both,Age-standardized,All causes,Rate,2004,23956.169740701687,27127.67363762193,21308.12984097615
DALYs (Disability-Adjusted Life Years),Peru,Both,Age-standardized,All causes,Rate,2008,25791.22151904226,29479.148824693202,22756.364798987193
DALYs (Disability-Adjusted Life Years),Luxembourg,Both,Age-standardized,All causes,Rate,2007,21220.283476764125,24285.025258625752,18417.914685707598
DALYs (Disability-Adjusted Life Years),Argentina,Both,Age-standardized,All causes,Rate,2004,29536.210970594406,32677.346322455713,26816.448330403415
DALYs (Disability-Adjusted Life Years),Libya,Both,Age-standardized,All causes,Rate,2008,31520.331890787755,35049.32202559821,28333.05006710034
DALYs (Disability-Adjusted Life Years),Burundi,Both,Age-standardized,All causes,Rate,2008,70426.00950966128,77435.26830455399,63886.2485570905
DALYs (Disability-Adjusted Life Years),Kuwait,Both,Age-standardized,All causes,Rate,2004,24122.144463575107,27334.84315569372,21440.33569633156
DALYs (Disability-Adjusted Life Years),Serbia,Both,Age-standardized,All causes,Rate,2003,33954.41645571432,37182.837273091725,31524.36599001206
DALYs (Disability-Adjusted Life Years),Cuba,Both,Age-standardized,All causes,Rate,2004,24252.15877297047,27370.359981377078,21677.21402790832
DALYs (Disability-Adjusted Life Years),India,Both,Age-standardized,All causes,Rate,2008,47989.431487787624,52444.63913521522,44621.045339459866
DALYs (Disability-Adjusted Life Years),Syrian Arab Republic,Both,Age-standardized,All causes,Rate,2011,33841.099515364236,38282.93295339049,29994.775491021173
DALYs (Disability-Adjusted Life Years),Mauritius,Both,Age-standardized,All causes,Rate,2008,31273.707785755138,34721.488961708135,28547.839018137878
DALYs (Disability-Adjusted Life Years),Gambia,Both,Age-standardized,All causes,Rate,2004,61438.649543877764,68708.47674855647,54626.84814700118
DALYs (Disability-Adjusted Life Years),Greenland,Both,Age-standardized,All causes,Rate,2004,38589.07204916196,42355.50347941995,34994.7897262238
DALYs (Disability-Adjusted Life Years),Côte d'Ivoire,Both,Age-standardized,All causes,Rate,2008,74264.60762521077,80415.47851807957,68041.85502424039
DALYs (Disability-Adjusted Life Years),Saint Kitts and Nevis,Both,Age-standardized,All causes,Rate,2004,33807.089016279555,37274.55174735843,30642.102109439635
DALYs (Disability-Adjusted Life Years),Mauritius,Both,Age-standardized,All causes,Rate,2006,31860.949803524396,35308.882050284046,29057.456724588992
DALYs (Disability-Adjusted Life Years),Türkiye,Both,Age-standardized,All causes,Rate,2011,27374.478560625535,30756.62438093304,24482.889045435288
DALYs (Disability-Adjusted Life Years),Samoa,Both,Age-standardized,All causes,Rate,2007,35984.58018818429,40697.68025656809,31710.93909932863
DALYs (Disability-Adjusted Life Years),Serbia,Both,Age-standardized,All causes,Rate,2006,31609.651582520855,34632.84080085941,29125.67635913715
DALYs (Disability-Adjusted Life Years),Egypt,Both,Age-standardized,All causes,Rate,2006,43345.19975177202,46864.0434705871,40475.594872154725
DALYs (Disability-Adjusted Life Years),Honduras,Both,Age-standardized,All causes,Rate,2006,37683.97075557067,44056.39903799406,31927.316088911135
DALYs (Disability-Adjusted Life Years),Trinidad and Tobago,Both,Age-standardized,All causes,Rate,2006,34302.000532933365,37591.35640493468,31408.09633426739
DALYs (Disability-Adjusted Life Years),Democratic Republic of the Congo,Both,Age-standardized,All causes,Rate,2008,75117.35023476329,82831.00915461774,68046.54190313327
DALYs (Disability-Adjusted Life Years),Morocco,Both,Age-standardized,All causes,Rate,2006,37224.68639610036,42818.201982252656,32064.81350208029
DALYs (Disability-Adjusted Life Years),Sierra Leone,Both,Age-standardized,All causes,Rate,2008,83382.11228087948,91283.85534753728,76512.65933977293
DALYs (Disability-Adjusted Life Years),United States of America,Both,Age-standardized,All causes,Rate,2004,26605.095460758865,30006.666685878346,23653.008740752528
DALYs (Disability-Adjusted Life Years),Bolivia (Plurinational State of),Both,Age-standardized,All causes,Rate,2007,40968.56022724326,45623.173903234725,36276.697259951405
DALYs (Disability-Adjusted Life Years),Venezuela (Bolivarian Republic of),Both,Age-standardized,All causes,Rate,2007,30773.506095806348,33979.71761741291,28135.117161222766
DALYs (Disability-Adjusted Life Years),Honduras,Both,Age-standardized,All causes,Rate,2009,36836.751843592916,43383.50841780224,31524.432420417226
DALYs (Disability-Adjusted Life Years),Uzbekistan,Both,Age-standardized,All causes,Rate,2006,39434.715062882904,43656.830033496306,36076.64793416918
DALYs (Disability-Adjusted Life Years),Egypt,Both,Age-standardized,All causes,Rate,2009,42789.31361261616,46143.56679904765,39755.108420687546
DALYs (Disability-Adjusted Life Years),Afghanistan,Both,Age-standardized,All causes,Rate,2011,66086.45192629716,75509.52396947631,57482.4613208895
DALYs (Disability-Adjusted Life Years),Côte d'Ivoire,Both,Age-standardized,All causes,Rate,2003,88538.58876061422,96303.95105152293,80756.10031673906
DALYs (Disability-Adjusted Life Years),Tonga,Both,Age-standardized,All causes,Rate,2008,33403.72526260206,38242.54217711539,28851.23145125856
DALYs (Disability-Adjusted Life Years),Sierra Leone,Both,Age-standardized,All causes,Rate,2003,89773.5398622487,96891.89362353456,83407.65570947313
DALYs (Disability-Adjusted Life Years),Central African Republic,Both,Age-standardized,All causes,Rate,2002,126805.4721594995,142104.79430370918,112040.04440064068
DALYs (Disability-Adjusted Life Years),Serbia,Both,Age-standardized,All causes,Rate,2008,29468.159653588667,32426.73038582695,26976.752971479455
DALYs (Disability-Adjusted Life Years),Central African Republic,Both,Age-standardized,All causes,Rate,2005,121056.80329949176,135896.45403476225,105904.2888343094
DALYs (Disability-Adjusted Life Years),Malta,Both,Age-standardized,All causes,Rate,2004,21631.87890095185,24724.12238079227,18995.3668324297
DALYs (Disability-Adjusted Life Years),Peru,Both,Age-standardized,All causes,Rate,2005,27958.924781477457,31299.123254999027,24978.189825961577
DALYs (Disability-Adjusted Life Years),Canada,Both,Age-standardized,All causes,Rate,2010,20598.404745693842,23743.544074024954,17915.706911812806
DALYs (Disability-Adjusted Life Years),Samoa,Both,Age-standardized,All causes,Rate,2006,36114.74422606679,41011.69170292607,31778.260446516815
DALYs (Disability-Adjusted Life Years),Romania,Both,Age-standardized,All causes,Rate,2007,30961.614335698607,34026.67835823461,28359.253030467524
DALYs (Disability-Adjusted Life Years),Brunei Darussalam,Both,Age-standardized,All causes,Rate,2007,26329.221245653218,29396.799308258902,23552.460091867484
DALYs (Disability-Adjusted Life Years),Tajikistan,Both,Age-standardized,All causes,Rate,2007,41358.492622261925,45002.42057483933,37825.891707794755
DALYs (Disability-Adjusted Life Years),Guam,Both,Age-standardized,All causes,Rate,2009,25670.353578407477,28596.01408547363,23295.31740550481
DALYs (Disability-Adjusted Life Years),Ukraine,Both,Age-standardized,All causes,Rate,2007,42068.443883071224,45380.91405108073,39289.31066059853
DALYs (Disability-Adjusted Life Years),United Republic of Tanzania,Both,Age-standardized,All causes,Rate,2004,77914.40986326004,85826.46724412474,71302.40516648044
DALYs (Disability-Adjusted Life Years),Japan,Both,Age-standardized,All causes,Rate,2008,17939.15402270402,20774.935976445042,15542.14339123815
DALYs (Disability-Adjusted Life Years),Tuvalu,Both,Age-standardized,All causes,Rate,2009,45556.50142341553,51851.304567577165,40262.635762223465
DALYs (Disability-Adjusted Life Years),Iran (Islamic Republic of),Both,Age-standardized,All causes,Rate,2008,31116.138717081394,34429.615741526584,28056.859080167174
DALYs (Disability-Adjusted Life Years),Togo,Both,Age-standardized,All causes,Rate,2004,73981.83544556687,81906.57245706434,66946.4847594981
DALYs (Disability-Adjusted Life Years),Cyprus,Both,Age-standardized,All causes,Rate,2008,22575.903626006842,25779.70339041866,20015.461162169486
DALYs (Disability-Adjusted Life Years),South Africa,Both,Age-standardized,All causes,Rate,2008,83318.61199433946,87548.64398995739,79551.33156046357
DALYs (Disability-Adjusted Life Years),Cambodia,Both,Age-standardized,All causes,Rate,2008,48668.08235834733,53487.31424670627,44361.8488336071
DALYs (Disability-Adjusted Life Years),American Samoa,Both,Age-standardized,All causes,Rate,2008,36201.945856132326,40097.103148024726,33011.19860010422
DALYs (Disability-Adjusted Life Years),Saint Kitts and Nevis,Both,Age-standardized,All causes,Rate,2005,33389.22318664923,36764.24375833115,30352.563711692892
DALYs (Disability-Adjusted Life Years),Sri Lanka,Both,Age-standardized,All causes,Rate,2008,32003.601771487618,35247.91315378062,29416.864199004012
DALYs (Disability-Adjusted Life Years),Chad,Both,Age-standardized,All causes,Rate,2011,75140.31095640313,83282.00407095846,68217.25354099757
DALYs (Disability-Adjusted Life Years),Slovenia,Both,Age-standardized,All causes,Rate,2004,24793.84413326572,27968.78315601057,22093.241581237948
DALYs (Disability-Adjusted Life Years),Netherlands,Both,Age-standardized,All causes,Rate,2008,20407.58538373434,23397.720292511865,17810.88192408311
DALYs (Disability-Adjusted Life Years),Uzbekistan,Both,Age-standardized,All causes,Rate,2008,37983.817375322506,41586.264780753525,34717.05188132973
DALYs (Disability-Adjusted Life Years),Palau,Both,Age-standardized,All causes,Rate,2007,43111.40585976197,49911.73695883088,37914.44158000753
DALYs (Disability-Adjusted Life Years),Algeria,Both,Age-standardized,All causes,Rate,2008,30917.97781228911,34421.79194674108,27889.960090243865
DALYs (Disability-Adjusted Life Years),Qatar,Both,Age-standardized,All causes,Rate,2008,32665.84468385721,36869.086609005055,28826.961090552017
DALYs (Disability-Adjusted Life Years),Democratic People's Republic of Korea,Both,Age-standardized,All causes,Rate,2009,34999.555333054894,40672.66584011926,30131.821071311395
DALYs (Disability-Adjusted Life Years),Timor-Leste,Both,Age-standardized,All causes,Rate,2009,41456.33450308194,45878.50570770477,37387.990055435825
DALYs (Disability-Adjusted Life Years),San Marino,Both,Age-standardized,All causes,Rate,2004,19104.601507024963,22251.83847919762,16266.07470220568
DALYs (Disability-Adjusted Life Years),Rwanda,Both,Age-standardized,All causes,Rate,2005,70760.40852455611,77271.44628313753,64825.689735275715
DALYs (Disability-Adjusted Life Years),Albania,Both,Age-standardized,All causes,Rate,2009,24444.597478970183,27505.712243698516,21821.235993713974
DALYs (Disability-Adjusted Life Years),Madagascar,Both,Age-standardized,All causes,Rate,2004,65303.88401274291,72902.56634959842,58773.33448566078
DALYs (Disability-Adjusted Life Years),Slovenia,Both,Age-standardized,All causes,Rate,2009,22136.389548615763,25310.834737589783,19441.225027370867
DALYs (Disability-Adjusted Life Years),Viet Nam,Both,Age-standardized,All causes,Rate,2006,31618.491572217095,35912.057363073116,28320.519832284608
DALYs (Disability-Adjusted Life Years),Singapore,Both,Age-standardized,All causes,Rate,2009,17473.108286346207,20159.518007517305,15216.524151023788
DALYs (Disability-Adjusted Life Years),France,Both,Age-standardized,All causes,Rate,2006,21688.809194449386,25079.794149755136,18891.236617865492
DALYs (Disability-Adjusted Life Years),Germany,Both,Age-standardized,All causes,Rate,2009,21741.541479262316,25038.582108907427,18878.236635674628
DALYs (Disability-Adjusted Life Years),Japan,Both,Age-standardized,All causes,Rate,2006,18256.68508845177,21056.30722715827,15888.782175953253
DALYs (Disability-Adjusted Life Years),Sweden,Both,Age-standardized,All causes,Rate,2009,19272.04360286162,22359.139533945265,16703.59671357403
DALYs (Disability-Adjusted Life Years),South Africa,Both,Age-standardized,All causes,Rate,2006,89291.41880323121,93585.97116107897,85333.00120228362
DALYs (Disability-Adjusted Life Years),Bangladesh,Both,Age-standardized,All causes,Rate,2011,39508.79567147608,43632.663120724246,36045.22349043929
DALYs (Disability-Adjusted Life Years),Sierra Leone,Both,Age-standardized,All causes,Rate,2006,86746.8397175645,94235.01815624857,80232.00113816644
DALYs (Disability-Adjusted Life Years),France,Both,Age-standardized,All causes,Rate,2007,21429.58036141821,24816.181616864385,18619.340822864666
DALYs (Disability-Adjusted Life Years),Grenada,Both,Age-standardized,All causes,Rate,2004,35926.298677947016,39464.93838567171,32913.55510289068
DALYs (Disability-Adjusted Life Years),Yemen,Both,Age-standardized,All causes,Rate,2004,52702.24994515207,61324.04929698706,44724.12192856186
DALYs (Disability-Adjusted Life Years),Sierra Leone,Both,Age-standardized,All causes,Rate,2007,85475.87079560052,93108.955730953,78511.14483366367
DALYs (Disability-Adjusted Life Years),Northern Mariana Islands,Both,Age-standardized,All causes,Rate,2008,29748.009940596887,34349.23495602093,26075.041707217246
DALYs (Disability-Adjusted Life Years),Afghanistan,Both,Age-standardized,All causes,Rate,2004,77524.29406724132,87643.88835862976,68221.57381511656
DALYs (Disability-Adjusted Life Years),Slovenia,Both,Age-standardized,All causes,Rate,2007,23327.808423597337,26604.679233524243,20625.01347127263
DALYs (Disability-Adjusted Life Years),Samoa,Both,Age-standardized,All causes,Rate,2009,40261.69142192397,44960.84884510628,36067.91382401344
DALYs (Disability-Adjusted Life Years),Solomon Islands,Both,Age-standardized,All causes,Rate,2005,52726.97727940663,61491.208766308184,44871.90747943896
DALYs (Disability-Adjusted Life Years),Mauritania,Both,Age-standardized,All causes,Rate,2006,46667.37285134458,51958.132477056264,41586.578902429996
DALYs (Disability-Adjusted Life Years),Somalia,Both,Age-standardized,All causes,Rate,2010,97258.59465282202,109426.6147604557,85398.62429087688
DALYs (Disability-Adjusted Life Years),Romania,Both,Age-standardized,All causes,Rate,2005,33006.45946516074,36075.91011387744,30372.60929508755
DALYs (Disability-Adjusted Life Years),Turkmenistan,Both,Age-standardized,All causes,Rate,2005,47873.031218736905,51168.12933812065,45113.43372671076
DALYs (Disability-Adjusted Life Years),Guyana,Both,Age-standardized,All causes,Rate,2008,48479.66883476314,52726.112165778984,44722.98417452003
DALYs (Disability-Adjusted Life Years),Armenia,Both,Age-standardized,All causes,Rate,2009,30320.90989541094,33216.05659449025,27814.683651775646
DALYs (Disability-Adjusted Life Years),Antigua and Barbuda,Both,Age-standardized,All causes,Rate,2009,27771.578673629654,31042.145938079302,24841.632946139674
DALYs (Disability-Adjusted Life Years),Brunei Darussalam,Both,Age-standardized,All causes,Rate,2005,27083.63465466177,30271.552911824067,24240.83291569788
DALYs (Disability-Adjusted Life Years),Nigeria,Both,Age-standardized,All causes,Rate,2006,74449.55020804032,81147.2888682921,67970.22102111243
DALYs (Disability-Adjusted Life Years),Netherlands,Both,Age-standardized,All causes,Rate,2004,21812.09842504914,24794.91120639564,19217.777165794643
DALYs (Disability-Adjusted Life Years),Philippines,Both,Age-standardized,All causes,Rate,2005,37278.11650915189,40687.61964293895,34218.00343566178
DALYs (Disability-Adjusted Life Years),Sudan,Both,Age-standardized,All causes,Rate,2006,51100.18989627741,58199.548213214446,44645.44447842993
DALYs (Disability-Adjusted Life Years),Albania,Both,Age-standardized,All causes,Rate,2007,25499.521769755007,28844.471343913945,22756.676513403712
DALYs (Disability-Adjusted Life Years),Tajikistan,Both,Age-standardized,All causes,Rate,2009,39880.55943497923,44018.63096362428,36341.690968379524
DALYs (Disability-Adjusted Life Years),Solomon Islands,Both,Age-standardized,All causes,Rate,2007,52549.16953979603,61231.34181650591,44807.811539213646
DALYs (Disability-Adjusted Life Years),Ukraine,Both,Age-standardized,All causes,Rate,2009,37813.34476991126,41083.22345538047,35096.79139261003
DALYs (Disability-Adjusted Life Years),Poland,Both,Age-standardized,All causes,Rate,2009,26732.190717079495,29824.053212818846,24097.75989301231
DALYs (Disability-Adjusted Life Years),Saint Vincent and the Grenadines,Both,Age-standardized,All causes,Rate,2009,33266.76236663458,36750.62570751916,30246.41120008588
DALYs (Disability-Adjusted Life Years),Colombia,Both,Age-standardized,All causes,Rate,2008,27490.67683720669,30901.14028175731,24746.240706612105
DALYs (Disability-Adjusted Life Years),Syrian Arab Republic,Both,Age-standardized,All causes,Rate,2009,30498.29735478415,34657.64632786797,27010.486576599214
DALYs (Disability-Adjusted Life Years),Burundi,Both,Age-standardized,All causes,Rate,2005,92438.71040013684,99970.35192906333,84111.89365963243
DALYs (Disability-Adjusted Life Years),Austria,Both,Age-standardized,All causes,Rate,2009,21232.67107202054,24362.272363566688,18525.469867448668
DALYs (Disability-Adjusted Life Years),Luxembourg,Both,Age-standardized,All causes,Rate,2009,20479.984184132274,23536.890087306183,17842.6335635399
DALYs (Disability-Adjusted Life Years),Gabon,Both,Age-standardized,All causes,Rate,2006,61152.15315793124,69071.19826750507,53929.693686242696
DALYs (Disability-Adjusted Life Years),Sri Lanka,Both,Age-standardized,All causes,Rate,2006,31284.740250308467,34341.046950438664,28452.957435969263
DALYs (Disability-Adjusted Life Years),Tonga,Both,Age-standardized,All causes,Rate,2006,33381.780635625786,37850.8675590532,29036.34008556095
DALYs (Disability-Adjusted Life Years),Israel,Both,Age-standardized,All causes,Rate,2003,22243.95894253671,25401.046503507947,19598.217853293998
DALYs (Disability-Adjusted Life Years),Yemen,Both,Age-standardized,All causes,Rate,2003,53956.569604205215,62564.787262368714,45927.91297055859
DALYs (Disability-Adjusted Life Years),Central African Republic,Both,Age-standardized,All causes,Rate,2003,125001.59217609113,140453.0149367316,110102.2291986644
DALYs (Disability-Adjusted Life Years),Lesotho,Both,Age-standardized,All causes,Rate,2003,113566.65574148379,131937.58489338175,98039.8994196494
DALYs (Disability-Adjusted Life Years),Namibia,Both,Age-standardized,All causes,Rate,2008,67195.29926350349,74198.56631877073,59714.21405302137
DALYs (Disability-Adjusted Life Years),Belize,Both,Age-standardized,All causes,Rate,2008,32784.00979771025,36149.36218169482,29865.33402910134
DALYs (Disability-Adjusted Life Years),Argentina,Both,Age-standardized,All causes,Rate,2005,28951.026743762148,32084.118125378925,26260.87244461164
DALYs (Disability-Adjusted Life Years),Cuba,Both,Age-standardized,All causes,Rate,2005,24394.1421335227,27551.80157729573,21844.619946869687
DALYs (Disability-Adjusted Life Years),Bolivia (Plurinational State of),Both,Age-standardized,All causes,Rate,2005,42426.889814736205,47134.62189997757,38243.87022690707
DALYs (Disability-Adjusted Life Years),Yemen,Both,Age-standardized,All causes,Rate,2005,51317.08964104582,59656.59919415561,43430.79200653817
DALYs (Disability-Adjusted Life Years),China,Both,Age-standardized,All causes,Rate,2007,29128.27162649495,31823.396536720393,26591.52372942592
DALYs (Disability-Adjusted Life Years),Turkmenistan,Both,Age-standardized,All causes,Rate,2007,45926.31278589928,49126.380931629436,43225.429688209515
DALYs (Disability-Adjusted Life Years),Cyprus,Both,Age-standardized,All causes,Rate,2006,23527.280696031074,26649.28368323964,20906.903920004024
DALYs (Disability-Adjusted Life Years),Israel,Both,Age-standardized,All causes,Rate,2007,20620.118865723827,23794.412884617755,17962.689755178744
DALYs (Disability-Adjusted Life Years),Argentina,Both,Age-standardized,All causes,Rate,2007,28946.123149367348,32143.800340143625,26252.136689668932
DALYs (Disability-Adjusted Life Years),Cuba,Both,Age-standardized,All causes,Rate,2007,23407.40281535215,26452.02741276843,20829.119532182012
DALYs (Disability-Adjusted Life Years),Kuwait,Both,Age-standardized,All causes,Rate,2007,23659.18851946011,26830.167773813984,20926.157060436402
DALYs (Disability-Adjusted Life Years),Yemen,Both,Age-standardized,All causes,Rate,2007,49118.83893453378,57248.164509680864,41800.58326009093
DALYs (Disability-Adjusted Life Years),Botswana,Both,Age-standardized,All causes,Rate,2008,74064.98850854406,83403.65184042271,66475.35214673792
DALYs (Disability-Adjusted Life Years),Denmark,Both,Age-standardized,All causes,Rate,2005,23486.799706207545,26668.942049551282,20807.846551813815
DALYs (Disability-Adjusted Life Years),Djibouti,Both,Age-standardized,All causes,Rate,2009,55848.84541146995,66194.02791480029,46514.813522035714
DALYs (Disability-Adjusted Life Years),Mozambique,Both,Age-standardized,All causes,Rate,2009,86406.26548191604,94239.09372201397,78827.46438518698
DALYs (Disability-Adjusted Life Years),Morocco,Both,Age-standardized,All causes,Rate,2005,37697.390647591325,43352.13926734944,32677.185897135485
DALYs (Disability-Adjusted Life Years),Malta,Both,Age-standardized,All causes,Rate,2005,21400.562823366636,24515.2510954126,18771.170776946532
DALYs (Disability-Adjusted Life Years),Grenada,Both,Age-standardized,All causes,Rate,2005,34721.50488466226,38251.097875750995,31660.78067323349
DALYs (Disability-Adjusted Life Years),Bulgaria,Both,Age-standardized,All causes,Rate,2005,35453.66137910058,38577.44539267334,32676.10977559089
DALYs (Disability-Adjusted Life Years),Belarus,Both,Age-standardized,All causes,Rate,2005,39716.84897508583,42910.929547774926,37010.52796874083
DALYs (Disability-Adjusted Life Years),Democratic People's Republic of Korea,Both,Age-standardized,All causes,Rate,2010,34755.71089683078,40355.42974974328,30020.00681259735
DALYs (Disability-Adjusted Life Years),Afghanistan,Both,Age-standardized,All causes,Rate,2005,76343.53109394335,86232.41432378931,67279.34475503681
DALYs (Disability-Adjusted Life Years),Israel,Both,Age-standardized,All causes,Rate,2005,21157.09217141851,24314.148383103056,18492.320125970997
DALYs (Disability-Adjusted Life Years),Mozambique,Both,Age-standardized,All causes,Rate,2005,89810.64516788926,97728.86379219814,82716.18194148682
DALYs (Disability-Adjusted Life Years),Armenia,Both,Age-standardized,All causes,Rate,2007,30682.447558045627,33749.08979352582,28105.42469165843
DALYs (Disability-Adjusted Life Years),Bulgaria,Both,Age-standardized,All causes,Rate,2008,33749.03687361181,36961.36248530312,30990.98093231454
DALYs (Disability-Adjusted Life Years),United States of America,Both,Age-standardized,All causes,Rate,2005,26546.28011263489,29947.786918444242,23615.19798849763
DALYs (Disability-Adjusted Life Years),Côte d'Ivoire,Both,Age-standardized,All causes,Rate,2006,79795.43631315973,86109.80238212722,73396.43814305805
DALYs (Disability-Adjusted Life Years),Viet Nam,Both,Age-standardized,All causes,Rate,2009,31054.717372798525,34897.97343553741,28006.604886582554
DALYs (Disability-Adjusted Life Years),Côte d'Ivoire,Both,Age-standardized,All causes,Rate,2004,86639.27198733657,94167.64075541202,79653.93537464284
DALYs (Disability-Adjusted Life Years),Poland,Both,Age-standardized,All causes,Rate,2004,28162.883722642284,31279.624297561077,25471.573778599217
DALYs (Disability-Adjusted Life Years),Luxembourg,Both,Age-standardized,All causes,Rate,2004,22531.296780445242,25723.427345324497,19815.384370204243
DALYs (Disability-Adjusted Life Years),Libya,Both,Age-standardized,All causes,Rate,2009,31793.15121435364,35431.42651503528,28669.326649011793
DALYs (Disability-Adjusted Life Years),Peru,Both,Age-standardized,All causes,Rate,2009,26514.827324945596,30404.917418425804,23498.06631248032
DALYs (Disability-Adjusted Life Years),Libya,Both,Age-standardized,All causes,Rate,2006,30479.40688757684,34185.443260307664,27433.183244931086
DALYs (Disability-Adjusted Life Years),Taiwan (Province of China),Both,Age-standardized,All causes,Rate,2009,21323.864573099465,24086.19490372695,19055.967948889855
DALYs (Disability-Adjusted Life Years),Uruguay,Both,Age-standardized,All causes,Rate,2004,28610.232920644085,31781.62697242156,26000.136729775448
DALYs (Disability-Adjusted Life Years),Lesotho,Both,Age-standardized,All causes,Rate,2005,132461.55033512882,152086.5885544993,113643.1513629371
DALYs (Disability-Adjusted Life Years),Morocco,Both,Age-standardized,All causes,Rate,2004,38230.75004006748,43711.595810779945,33222.17471511512
DALYs (Disability-Adjusted Life Years),Gambia,Both,Age-standardized,All causes,Rate,2005,60624.432006999275,68188.03898632995,54058.56335471437
DALYs (Disability-Adjusted Life Years),Togo,Both,Age-standardized,All causes,Rate,2005,73556.37468414758,81671.09777695882,66646.73537606612
DALYs (Disability-Adjusted Life Years),Malawi,Both,Age-standardized,All causes,Rate,2003,110300.84066159149,121499.93473323359,99657.01386505444
DALYs (Disability-Adjusted Life Years),Uzbekistan,Both,Age-standardized,All causes,Rate,2005,40648.82869516187,44275.81148413476,37270.03754753869
DALYs (Disability-Adjusted Life Years),Pakistan,Both,Age-standardized,All causes,Rate,2009,52224.16672113677,57564.06983399995,47689.051231592115
DALYs (Disability-Adjusted Life Years),El Salvador,Both,Age-standardized,All causes,Rate,2006,33409.30258236846,36936.92801978048,30543.395001986028
DALYs (Disability-Adjusted Life Years),Eswatini,Both,Age-standardized,All causes,Rate,2009,122177.59823427539,137989.21120109528,107515.85221092145
DALYs (Disability-Adjusted Life Years),San Marino,Both,Age-standardized,All causes,Rate,2008,18576.23841328128,21838.62225752597,15770.35871474562
DALYs (Disability-Adjusted Life Years),United States of America,Both,Age-standardized,All causes,Rate,2009,25582.420399961007,29022.328548538262,22598.3508403532
DALYs (Disability-Adjusted Life Years),Madagascar,Both,Age-standardized,All causes,Rate,2005,63871.25873627178,71101.99287247729,57296.69149114143
DALYs (Disability-Adjusted Life Years),Egypt,Both,Age-standardized,All causes,Rate,2010,42437.369921519356,45833.66691057523,39618.363788385635
DALYs (Disability-Adjusted Life Years),Denmark,Both,Age-standardized,All causes,Rate,2006,23214.37398611467,26436.848398922473,20560.858274274477
DALYs (Disability-Adjusted Life Years),Maldives,Both,Age-standardized,All causes,Rate,2010,24198.22125931015,27432.0297268445,21572.46662843633
DALYs (Disability-Adjusted Life Years),Denmark,Both,Age-standardized,All causes,Rate,2007,23065.803483429347,26317.350110664043,20381.18880572282
DALYs (Disability-Adjusted Life Years),Lebanon,Both,Age-standardized,All causes,Rate,2003,27648.78897105585,31459.516220266465,24398.311854419964
DALYs (Disability-Adjusted Life Years),Congo,Both,Age-standardized,All causes,Rate,2003,80771.374573256,87617.05138618116,74497.85670895224
DALYs (Disability-Adjusted Life Years),Jamaica,Both,Age-standardized,All causes,Rate,2005,26806.174805713366,29979.95543833049,23935.00387599964
DALYs (Disability-Adjusted Life Years),Gambia,Both,Age-standardized,All causes,Rate,2007,59278.7647525166,66777.66790038484,52643.26213343805
DALYs (Disability-Adjusted Life Years),Kyrgyzstan,Both,Age-standardized,All causes,Rate,2010,38467.372240861194,41538.53413668679,35580.837300407344
DALYs (Disability-Adjusted Life Years),Libya,Both,Age-standardized,All causes,Rate,2010,32327.5007140831,36053.78526423565,29239.060236164227
DALYs (Disability-Adjusted Life Years),Monaco,Both,Age-standardized,All causes,Rate,2006,22676.85291535627,26277.538669389443,19762.646225105313
DALYs (Disability-Adjusted Life Years),Central African Republic,Both,Age-standardized,All causes,Rate,2007,115674.16040658663,130732.55915648883,100467.81181874698
DALYs (Disability-Adjusted Life Years),Liberia,Both,Age-standardized,All causes,Rate,2009,64063.26959779367,70880.04850095937,57676.78330289041
DALYs (Disability-Adjusted Life Years),Democratic Republic of the Congo,Both,Age-standardized,All causes,Rate,2010,71108.31524061148,78660.18780183462,64162.911997793046
DALYs (Disability-Adjusted Life Years),Democratic Republic of the Congo,Both,Age-standardized,All causes,Rate,2009,73306.12921660229,81117.10161352612,66224.62966197493
DALYs (Disability-Adjusted Life Years),Guinea-Bissau,Both,Age-standardized,All causes,Rate,2009,77591.32114535017,86862.24926404006,69455.65632296646
DALYs (Disability-Adjusted Life Years),Mauritius,Both,Age-standardized,All causes,Rate,2009,31005.021441655466,34295.83398726845,28243.187877724242
DALYs (Disability-Adjusted Life Years),United States of America,Both,Age-standardized,All causes,Rate,2007,26070.241850517006,29486.43217171656,23119.676941745405
DALYs (Disability-Adjusted Life Years),South Africa,Both,Age-standardized,All causes,Rate,2009,79086.97069043596,83260.82191346418,75279.12651354105
DALYs (Disability-Adjusted Life Years),Peru,Both,Age-standardized,All causes,Rate,2004,28732.90287009425,32534.344919833387,25480.096635406797
DALYs (Disability-Adjusted Life Years),Madagascar,Both,Age-standardized,All causes,Rate,2007,61411.92024206197,68541.47517652565,54632.72311910467
DALYs (Disability-Adjusted Life Years),Bosnia and Herzegovina,Both,Age-standardized,All causes,Rate,2006,25629.537074122498,28728.674475223994,22942.609788834827
DALYs (Disability-Adjusted Life Years),American Samoa,Both,Age-standardized,All causes,Rate,2009,39697.08924030051,43523.99732800444,36568.332380484695
DALYs (Disability-Adjusted Life Years),Lesotho,Both,Age-standardized,All causes,Rate,2007,127789.7067115332,141510.76920354777,114736.75334969928
DALYs (Disability-Adjusted Life Years),Northern Mariana Islands,Both,Age-standardized,All causes,Rate,2009,29915.7881370955,34686.3492770552,26356.518583367884
DALYs (Disability-Adjusted Life Years),Viet Nam,Both,Age-standardized,All causes,Rate,2010,30780.727021115737,34406.267964490326,27656.54874869914
DALYs (Disability-Adjusted Life Years),Saint Kitts and Nevis,Both,Age-standardized,All causes,Rate,2007,32950.318905442735,36258.410495774144,30060.982339940885
DALYs (Disability-Adjusted Life Years),Armenia,Both,Age-standardized,All causes,Rate,2010,29765.621579991075,32699.49747043963,27198.59813119131
DALYs (Disability-Adjusted Life Years),Argentina,Both,Age-standardized,All causes,Rate,2003,30364.273462475467,33531.736422802074,27655.503631459433
DALYs (Disability-Adjusted Life Years),El Salvador,Both,Age-standardized,All causes,Rate,2007,32718.49221251394,36173.92099521942,29927.88609781817
DALYs (Disability-Adjusted Life Years),Syrian Arab Republic,Both,Age-standardized,All causes,Rate,2010,30360.562949976847,34562.81383501921,26599.770571015502
DALYs (Disability-Adjusted Life Years),Jordan,Both,Age-standardized,All causes,Rate,2007,28557.414279543304,32280.461268726325,25553.66924692583
DALYs (Disability-Adjusted Life Years),Bolivia (Plurinational State of),Both,Age-standardized,All causes,Rate,2003,44409.22761919844,49025.76254292594,40185.01202535718
DALYs (Disability-Adjusted Life Years),Ghana,Both,Age-standardized,All causes,Rate,2008,61487.03864986509,67564.57152065389,56270.21750414561
DALYs (Disability-Adjusted Life Years),Venezuela (Bolivarian Republic of),Both,Age-standardized,All causes,Rate,2003,32960.01564576367,36127.100248044444,30205.66468701711
DALYs (Disability-Adjusted Life Years),Papua New Guinea,Both,Age-standardized,All causes,Rate,2008,52658.588551071385,59440.84152655431,46815.84408732048
DALYs (Disability-Adjusted Life Years),Cook Islands,Both,Age-standardized,All causes,Rate,2008,28170.171411591404,31971.56402936374,24900.239457702162
DALYs (Disability-Adjusted Life Years),Guinea,Both,Age-standardized,All causes,Rate,2003,80917.32176272135,88680.98830319832,73022.35576787926
DALYs (Disability-Adjusted Life Years),Mali,Both,Age-standardized,All causes,Rate,2008,73719.37050475157,79880.65449221733,67781.99829295989
DALYs (Disability-Adjusted Life Years),Saint Kitts and Nevis,Both,Age-standardized,All causes,Rate,2003,33725.1520569094,37090.220367178255,30542.86443957043
DALYs (Disability-Adjusted Life Years),Mongolia,Both,Age-standardized,All causes,Rate,2008,45282.78597944617,48906.621835677324,42017.60591322596
DALYs (Disability-Adjusted Life Years),Singapore,Both,Age-standardized,All causes,Rate,2007,18288.491254723667,21075.61568219516,15986.731899189039
DALYs (Disability-Adjusted Life Years),Syrian Arab Republic,Both,Age-standardized,All causes,Rate,2007,30681.686070184398,34573.1033230735,27268.824749191295
DALYs (Disability-Adjusted Life Years),Belarus,Both,Age-standardized,All causes,Rate,2008,36228.08064087087,39373.204229746014,33603.7332326114
DALYs (Disability-Adjusted Life Years),Central African Republic,Both,Age-standardized,All causes,Rate,2004,123318.76940734798,138754.03019943292,108197.74404882507
DALYs (Disability-Adjusted Life Years),Venezuela (Bolivarian Republic of),Both,Age-standardized,All causes,Rate,2005,30446.586053453233,33649.23693484843,27734.01997043431
DALYs (Disability-Adjusted Life Years),Oman,Both,Age-standardized,All causes,Rate,2005,30960.2872660436,35176.180574505786,27308.854565767826
DALYs (Disability-Adjusted Life Years),Uganda,Both,Age-standardized,All causes,Rate,2006,77962.51487322489,85028.19389823993,71715.74946973065
DALYs (Disability-Adjusted Life Years),Greenland,Both,Age-standardized,All causes,Rate,2005,37904.0451625942,41627.70115907958,34474.02303604448
DALYs (Disability-Adjusted Life Years),Pakistan,Both,Age-standardized,All causes,Rate,2007,53432.05146381305,58336.06215155103,48696.59928485832
DALYs (Disability-Adjusted Life Years),Djibouti,Both,Age-standardized,All causes,Rate,2007,58059.60832760893,67819.67839033993,48943.99707281011
DALYs (Disability-Adjusted Life Years),Guyana,Both,Age-standardized,All causes,Rate,2006,49461.31907097095,54308.182962982435,45698.2383771269
DALYs (Disability-Adjusted Life Years),Indonesia,Both,Age-standardized,All causes,Rate,2006,41524.65704824258,45084.3247136242,37877.085864116176
DALYs (Disability-Adjusted Life Years),Uganda,Both,Age-standardized,All causes,Rate,2007,75373.22608556414,82583.58605295671,69032.18362329251
DALYs (Disability-Adjusted Life Years),South Africa,Both,Age-standardized,All causes,Rate,2010,74010.79966204507,77882.67755665605,70191.52069710495
DALYs (Disability-Adjusted Life Years),Philippines,Both,Age-standardized,All causes,Rate,2007,36894.79195420237,40233.951491309046,33626.79405195978
DALYs (Disability-Adjusted Life Years),Tonga,Both,Age-standardized,All causes,Rate,2005,33435.632782325,37833.172750432896,29407.084721907962
DALYs (Disability-Adjusted Life Years),Iran (Islamic Republic of),Both,Age-standardized,All causes,Rate,2010,30104.023061228447,33606.060971970364,27218.818017286572
DALYs (Disability-Adjusted Life Years),Mauritius,Both,Age-standardized,All causes,Rate,2010,30430.148101434395,33881.499736431906,27730.69537272518
DALYs (Disability-Adjusted Life Years),Tonga,Both,Age-standardized,All causes,Rate,2004,34333.155435788925,38403.20314730016,30460.294295763084
DALYs (Disability-Adjusted Life Years),Dominican Republic,Both,Age-standardized,All causes,Rate,2007,34528.33007281442,39420.513520330634,30522.08068504142
DALYs (Disability-Adjusted Life Years),Uzbekistan,Both,Age-standardized,All causes,Rate,2004,40490.60082743921,44011.599865480996,37325.06773519461
DALYs (Disability-Adjusted Life Years),Chad,Both,Age-standardized,All causes,Rate,2009,78036.75135777616,85837.97351217952,71105.02114006107
DALYs (Disability-Adjusted Life Years),Iran (Islamic Republic of),Both,Age-standardized,All causes,Rate,2009,30645.962009223203,33972.870736800134,27639.594904263275
DALYs (Disability-Adjusted Life Years),Serbia,Both,Age-standardized,All causes,Rate,2004,32900.25809063175,36025.26206894163,30426.89938654176
DALYs (Disability-Adjusted Life Years),Papua New Guinea,Both,Age-standardized,All causes,Rate,2010,51416.35918054045,58410.51583910015,45642.62198404827
DALYs (Disability-Adjusted Life Years),Bulgaria,Both,Age-standardized,All causes,Rate,2010,32825.95109210776,35883.78402092201,30114.74421242984
DALYs (Disability-Adjusted Life Years),Malawi,Both,Age-standardized,All causes,Rate,2004,107514.6183892635,117890.55073814723,97856.75354912806
DALYs (Disability-Adjusted Life Years),Singapore,Both,Age-standardized,All causes,Rate,2010,17134.05047552761,19790.803282024637,14892.835733046648
DALYs (Disability-Adjusted Life Years),Portugal,Both,Age-standardized,All causes,Rate,2006,23477.98853654518,26888.407059006076,20618.588994903166
DALYs (Disability-Adjusted Life Years),Saint Vincent and the Grenadines,Both,Age-standardized,All causes,Rate,2010,33055.475643869664,36531.32395701663,29954.16675360817
DALYs (Disability-Adjusted Life Years),Chad,Both,Age-standardized,All causes,Rate,2012,73685.6308073958,81786.50407118924,66579.02975437592
DALYs (Disability-Adjusted Life Years),Timor-Leste,Both,Age-standardized,All causes,Rate,2007,43122.09519386329,47332.436615251885,38987.81356278013
DALYs (Disability-Adjusted Life Years),Libya,Both,Age-standardized,All causes,Rate,2007,30721.562758078584,34390.925391961355,27683.461104272716
DALYs (Disability-Adjusted Life Years),Uruguay,Both,Age-standardized,All causes,Rate,2007,27880.369076665735,30930.47335288477,25229.785153179375
DALYs (Disability-Adjusted Life Years),Puerto Rico,Both,Age-standardized,All causes,Rate,2009,24906.574089093137,28277.29620831937,22192.807521750252
DALYs (Disability-Adjusted Life Years),Togo,Both,Age-standardized,All causes,Rate,2007,71434.6566398201,79265.5786000196,64688.73866236269
DALYs (Disability-Adjusted Life Years),Brunei Darussalam,Both,Age-standardized,All causes,Rate,2006,26518.438609002704,29752.161007479506,23720.313326810665
DALYs (Disability-Adjusted Life Years),Seychelles,Both,Age-standardized,All causes,Rate,2006,32103.446915180495,35126.68852295395,29488.068549849766
DALYs (Disability-Adjusted Life Years),Bhutan,Both,Age-standardized,All causes,Rate,2006,41724.042064480345,47251.230449911665,36505.23365313698
DALYs (Disability-Adjusted Life Years),Guinea,Both,Age-standardized,All causes,Rate,2006,77112.83091511621,85109.474261591,69599.94080044016
DALYs (Disability-Adjusted Life Years),Bermuda,Both,Age-standardized,All causes,Rate,2007,21154.769830108617,24154.85495742458,18431.974710317543
DALYs (Disability-Adjusted Life Years),Burkina Faso,Both,Age-standardized,All causes,Rate,2006,78308.2168570525,86525.9468459907,71348.15645973773
DALYs (Disability-Adjusted Life Years),Antigua and Barbuda,Both,Age-standardized,All causes,Rate,2007,28498.31973596194,31767.06766374251,25516.527877314853
DALYs (Disability-Adjusted Life Years),Grenada,Both,Age-standardized,All causes,Rate,2007,33816.113439489935,37124.13116101528,30899.95033520227
DALYs (Disability-Adjusted Life Years),Fiji,Both,Age-standardized,All causes,Rate,2007,44028.17941394537,47561.6385429799,41298.432739670396
DALYs (Disability-Adjusted Life Years),Sweden,Both,Age-standardized,All causes,Rate,2010,19070.291037005187,22101.24971604067,16453.07169750943
DALYs (Disability-Adjusted Life Years),Honduras,Both,Age-standardized,All causes,Rate,2010,37038.80551500992,43356.73093938403,31778.56412432635
DALYs (Disability-Adjusted Life Years),Pakistan,Both,Age-standardized,All causes,Rate,2010,51958.233918530925,57292.59929471714,46669.09957992764
DALYs (Disability-Adjusted Life Years),Egypt,Both,Age-standardized,All causes,Rate,2007,42738.54485651345,46392.694933022794,39977.954847977926
DALYs (Disability-Adjusted Life Years),Antigua and Barbuda,Both,Age-standardized,All causes,Rate,2010,27688.433557757864,31062.029867849524,24794.52984267186
DALYs (Disability-Adjusted Life Years),Taiwan (Province of China),Both,Age-standardized,All causes,Rate,2010,20882.511820383883,23611.05589436986,18618.878906967413
DALYs (Disability-Adjusted Life Years),Honduras,Both,Age-standardized,All causes,Rate,2007,37180.900391137395,43243.71819494281,31605.798749038648
DALYs (Disability-Adjusted Life Years),Sri Lanka,Both,Age-standardized,All causes,Rate,2004,41158.69057023122,44556.71002688566,38334.52820097558
DALYs (Disability-Adjusted Life Years),Malta,Both,Age-standardized,All causes,Rate,2007,20849.338672382557,24034.925231789504,18262.080442910134
DALYs (Disability-Adjusted Life Years),Belgium,Both,Age-standardized,All causes,Rate,2007,22505.479812904745,25885.409051436185,19582.594960599035
DALYs (Disability-Adjusted Life Years),Japan,Both,Age-standardized,All causes,Rate,2004,18541.404037221902,21363.78080347896,16152.462930400965
DALYs (Disability-Adjusted Life Years),Comoros,Both,Age-standardized,All causes,Rate,2006,52705.917271931314,59561.72246549375,46144.08003612148
DALYs (Disability-Adjusted Life Years),Panama,Both,Age-standardized,All causes,Rate,2011,25904.552551749555,29054.972349800544,23190.395789608137
DALYs (Disability-Adjusted Life Years),Haiti,Both,Age-standardized,All causes,Rate,2008,64195.44675784023,71716.99051871127,57040.52757614242
DALYs (Disability-Adjusted Life Years),Jordan,Both,Age-standardized,All causes,Rate,2011,26000.33542485442,29603.439890470196,23129.026725352614
DALYs (Disability-Adjusted Life Years),Uganda,Both,Age-standardized,All causes,Rate,2010,66628.94344319841,73397.04527170632,60796.374444855464
DALYs (Disability-Adjusted Life Years),Canada,Both,Age-standardized,All causes,Rate,2011,20334.23534540226,23482.248824136524,17659.923943746282
DALYs (Disability-Adjusted Life Years),Kenya,Both,Age-standardized,All causes,Rate,2011,58366.25229941734,62363.414968824894,54174.78218774092
DALYs (Disability-Adjusted Life Years),Costa Rica,Both,Age-standardized,All causes,Rate,2008,22860.102090545035,26063.49873541871,20052.071105025483
DALYs (Disability-Adjusted Life Years),Colombia,Both,Age-standardized,All causes,Rate,2011,25918.795210421915,29021.217498551145,23279.79135856802
DALYs (Disability-Adjusted Life Years),Guinea-Bissau,Both,Age-standardized,All causes,Rate,2010,75533.39756315155,84579.69330581004,67233.5878811383
DALYs (Disability-Adjusted Life Years),Lao People's Democratic Republic,Both,Age-standardized,All causes,Rate,2007,55874.64566377319,62112.18924771005,50214.03500002604
DALYs (Disability-Adjusted Life Years),Mali,Both,Age-standardized,All causes,Rate,2010,70907.96087554091,77391.2756216803,64931.06736241778
DALYs (Disability-Adjusted Life Years),Belarus,Both,Age-standardized,All causes,Rate,2010,35923.964241569214,39077.068082526086,33220.903360666176
DALYs (Disability-Adjusted Life Years),Germany,Both,Age-standardized,All causes,Rate,2010,21550.50905207812,24849.604934318988,18675.774284202973
DALYs (Disability-Adjusted Life Years),Croatia,Both,Age-standardized,All causes,Rate,2007,26033.14091017434,28994.65676368535,23482.03341758544
DALYs (Disability-Adjusted Life Years),Cambodia,Both,Age-standardized,All causes,Rate,2009,47366.09947173955,52321.365819796985,42851.81560739729
DALYs (Disability-Adjusted Life Years),Lebanon,Both,Age-standardized,All causes,Rate,2011,25724.0875067894,29186.019710134875,22562.166447981668
DALYs (Disability-Adjusted Life Years),Malawi,Both,Age-standardized,All causes,Rate,2011,71341.97143706083,77929.65436659577,65828.87032346628
DALYs (Disability-Adjusted Life Years),Angola,Both,Age-standardized,All causes,Rate,2011,62863.54143505172,71053.30038708517,55918.30400141481
DALYs (Disability-Adjusted Life Years),Finland,Both,Age-standardized,All causes,Rate,2009,22105.919878535125,25449.32502279795,19294.869527082705
DALYs (Disability-Adjusted Life Years),Côte d'Ivoire,Both,Age-standardized,All causes,Rate,2007,77057.60119052869,83464.62615089482,70585.6189905403
DALYs (Disability-Adjusted Life Years),Republic of Korea,Both,Age-standardized,All causes,Rate,2010,20090.464427664992,22938.180591440367,17652.75854674173
DALYs (Disability-Adjusted Life Years),Samoa,Both,Age-standardized,All causes,Rate,2005,36682.1035736037,41596.01472414576,32233.789674059455
DALYs (Disability-Adjusted Life Years),Poland,Both,Age-standardized,All causes,Rate,2005,27887.810445084222,31013.48211175862,25224.426033831314
DALYs (Disability-Adjusted Life Years),Luxembourg,Both,Age-standardized,All causes,Rate,2005,21955.78452396303,25174.672694352328,19227.98241710598
DALYs (Disability-Adjusted Life Years),United States Virgin Islands,Both,Age-standardized,All causes,Rate,2006,29600.689416784666,33383.13856817643,26376.932516217632
DALYs (Disability-Adjusted Life Years),Mauritius,Both,Age-standardized,All causes,Rate,2007,31314.214024853027,34602.941754850945,28405.438206266004
DALYs (Disability-Adjusted Life Years),South Africa,Both,Age-standardized,All causes,Rate,2007,86466.82152363352,90920.86893764535,82695.51476081896
DALYs (Disability-Adjusted Life Years),Viet Nam,Both,Age-standardized,All causes,Rate,2007,31412.84486714507,35617.56598694287,28225.8597464335
DALYs (Disability-Adjusted Life Years),Bosnia and Herzegovina,Both,Age-standardized,All causes,Rate,2010,24854.51687130206,27782.34050827143,22234.300197279856
DALYs (Disability-Adjusted Life Years),Djibouti,Both,Age-standardized,All causes,Rate,2010,55064.00371629252,65125.80057055717,45985.57776756861
DALYs (Disability-Adjusted Life Years),Saint Lucia,Both,Age-standardized,All causes,Rate,2010,29741.901265021505,33258.965112153295,26817.241781523317
DALYs (Disability-Adjusted Life Years),El Salvador,Both,Age-standardized,All causes,Rate,2011,31177.06962965558,34559.3336944263,28435.03615542815
DALYs (Disability-Adjusted Life Years),Algeria,Both,Age-standardized,All causes,Rate,2011,29802.410684471488,33392.638479077636,26903.217999238703
DALYs (Disability-Adjusted Life Years),Nigeria,Both,Age-standardized,All causes,Rate,2011,65770.43134802741,72324.59318059693,60072.01484607201
DALYs (Disability-Adjusted Life Years),Qatar,Both,Age-standardized,All causes,Rate,2006,34626.50754865869,38968.85126240206,30597.430892189124
DALYs (Disability-Adjusted Life Years),Portugal,Both,Age-standardized,All causes,Rate,2009,22597.161919385388,25985.552495672175,19817.48420095832
DALYs (Disability-Adjusted Life Years),Cuba,Both,Age-standardized,All causes,Rate,2006,23521.496659653014,26628.13447119382,20929.026439127872
DALYs (Disability-Adjusted Life Years),Azerbaijan,Both,Age-standardized,All causes,Rate,2007,39526.09379377192,42792.00639941099,36432.822878167855
DALYs (Disability-Adjusted Life Years),Congo,Both,Age-standardized,All causes,Rate,2011,61618.574629607436,69571.80461735159,54992.399049862775
DALYs (Disability-Adjusted Life Years),Burundi,Both,Age-standardized,All causes,Rate,2006,78533.15545813687,85951.22534657386,71077.65375623971
DALYs (Disability-Adjusted Life Years),Qatar,Both,Age-standardized,All causes,Rate,2007,33801.79874920638,37873.89507295556,29986.223228538278
DALYs (Disability-Adjusted Life Years),Gabon,Both,Age-standardized,All causes,Rate,2007,60230.802864385434,67917.33175450856,53314.92063309575
DALYs (Disability-Adjusted Life Years),Monaco,Both,Age-standardized,All causes,Rate,2007,22517.658279849285,26219.40994647378,19589.12137715247
DALYs (Disability-Adjusted Life Years),Benin,Both,Age-standardized,All causes,Rate,2006,66202.82292382744,72346.09561074998,60674.5308810176
DALYs (Disability-Adjusted Life Years),Guam,Both,Age-standardized,All causes,Rate,2010,25819.903739822046,28884.545159125362,23413.254840385798
DALYs (Disability-Adjusted Life Years),Sudan,Both,Age-standardized,All causes,Rate,2007,49681.41303777588,56787.87955258739,43492.931036803515
DALYs (Disability-Adjusted Life Years),Fiji,Both,Age-standardized,All causes,Rate,2009,43498.548881838564,46858.12272480182,40444.99384534086
DALYs (Disability-Adjusted Life Years),Azerbaijan,Both,Age-standardized,All causes,Rate,2009,38091.01871128699,41308.98615966684,35084.019761400465
DALYs (Disability-Adjusted Life Years),Japan,Both,Age-standardized,All causes,Rate,2009,17777.879817741617,20591.036082284005,15368.360500769373
DALYs (Disability-Adjusted Life Years),Estonia,Both,Age-standardized,All causes,Rate,2009,28153.482524553427,31233.210576390615,25514.157372939404
DALYs (Disability-Adjusted Life Years),Bahamas,Both,Age-standardized,All causes,Rate,2010,32868.54539861551,36341.81516011946,29851.32071319084
DALYs (Disability-Adjusted Life Years),Guyana,Both,Age-standardized,All causes,Rate,2009,47114.5181606243,51499.53337219795,43268.632446210206
DALYs (Disability-Adjusted Life Years),Qatar,Both,Age-standardized,All causes,Rate,2011,28604.269138708925,32824.38596973648,24773.807954864442
DALYs (Disability-Adjusted Life Years),Somalia,Both,Age-standardized,All causes,Rate,2011,158036.80137716557,174057.798143324,144810.28431512718
DALYs (Disability-Adjusted Life Years),Guatemala,Both,Age-standardized,All causes,Rate,2010,39982.19240340148,43564.805940902974,36907.207760958016
DALYs (Disability-Adjusted Life Years),Philippines,Both,Age-standardized,All causes,Rate,2008,36948.49013486732,40466.15540145816,34023.177315665416
DALYs (Disability-Adjusted Life Years),Angola,Both,Age-standardized,All causes,Rate,2007,71594.8582792949,79396.30554740029,64629.72584373443
DALYs (Disability-Adjusted Life Years),Solomon Islands,Both,Age-standardized,All causes,Rate,2008,51519.85113818556,60672.58560603164,43766.61910639451
DALYs (Disability-Adjusted Life Years),Liberia,Both,Age-standardized,All causes,Rate,2010,64109.36710154412,71401.46215756123,57543.41999417516
DALYs (Disability-Adjusted Life Years),Peru,Both,Age-standardized,All causes,Rate,2007,26210.24333236272,29482.351248504518,23275.24523569235
DALYs (Disability-Adjusted Life Years),Seychelles,Both,Age-standardized,All causes,Rate,2008,31306.55014219359,34218.03013137615,28743.564806062772
DALYs (Disability-Adjusted Life Years),Palau,Both,Age-standardized,All causes,Rate,2010,43182.70102621722,49855.43030635679,38010.27618952835
DALYs (Disability-Adjusted Life Years),Burkina Faso,Both,Age-standardized,All causes,Rate,2008,74756.31992263997,82885.01597610035,67628.50395659858
DALYs (Disability-Adjusted Life Years),Croatia,Both,Age-standardized,All causes,Rate,2009,25137.81677645671,28343.96963247695,22599.024312220874
DALYs (Disability-Adjusted Life Years),Burundi,Both,Age-standardized,All causes,Rate,2011,63618.94422029316,70579.20849746227,57565.15540902678
DALYs (Disability-Adjusted Life Years),Mexico,Both,Age-standardized,All causes,Rate,2010,30313.822402904083,33538.76077278674,27497.27508754001
DALYs (Disability-Adjusted Life Years),Colombia,Both,Age-standardized,All causes,Rate,2009,27524.898696579185,30954.849622511803,24871.574178011626
DALYs (Disability-Adjusted Life Years),Algeria,Both,Age-standardized,All causes,Rate,2009,30522.26310219765,33923.3370115276,27533.50582985973
DALYs (Disability-Adjusted Life Years),France,Both,Age-standardized,All causes,Rate,2010,20971.348121279083,24375.4692903347,18138.02062059706
DALYs (Disability-Adjusted Life Years),Spain,Both,Age-standardized,All causes,Rate,2010,19266.085674120513,22420.03451465554,16586.51827144497
DALYs (Disability-Adjusted Life Years),Sri Lanka,Both,Age-standardized,All causes,Rate,2005,30975.23902552502,34304.74491997537,28185.243777632957
DALYs (Disability-Adjusted Life Years),Republic of Moldova,Both,Age-standardized,All causes,Rate,2010,36729.5678477981,39659.78864119396,34145.68482737823
DALYs (Disability-Adjusted Life Years),Serbia,Both,Age-standardized,All causes,Rate,2005,32339.453572722377,35410.86226461027,29782.578879667402
DALYs (Disability-Adjusted Life Years),Portugal,Both,Age-standardized,All causes,Rate,2005,24052.900176328203,27451.640755576278,21183.19278467199
DALYs (Disability-Adjusted Life Years),Sierra Leone,Both,Age-standardized,All causes,Rate,2005,87959.97443289668,95259.363174706,81292.75288944026
DALYs (Disability-Adjusted Life Years),Estonia,Both,Age-standardized,All causes,Rate,2007,31361.54017103424,34516.56768431546,28602.078955678968
DALYs (Disability-Adjusted Life Years),New Zealand,Both,Age-standardized,All causes,Rate,2007,22635.567964543083,25946.53107052639,19783.24694149881
DALYs (Disability-Adjusted Life Years),China,Both,Age-standardized,All causes,Rate,2008,28958.23787614601,31753.57128641442,26551.125283374426
DALYs (Disability-Adjusted Life Years),Belize,Both,Age-standardized,All causes,Rate,2009,32524.110842320108,35776.55390680267,29718.64211247335
DALYs (Disability-Adjusted Life Years),Palestine,Both,Age-standardized,All causes,Rate,2005,38850.70619164975,42445.075760248284,35701.054468968694
DALYs (Disability-Adjusted Life Years),Qatar,Both,Age-standardized,All causes,Rate,2009,31750.34161298167,35982.46804709432,27774.55256138086
DALYs (Disability-Adjusted Life Years),Italy,Both,Age-standardized,All causes,Rate,2011,19302.423499906716,22526.903074276743,16545.166581093756
DALYs (Disability-Adjusted Life Years),Saint Lucia,Both,Age-standardized,All causes,Rate,2009,29718.360681285332,33304.77627168044,26807.856637343237
DALYs (Disability-Adjusted Life Years),Chile,Both,Age-standardized,All causes,Rate,2011,23766.925733263157,26931.401032834234,20983.762799822623
DALYs (Disability-Adjusted Life Years),Pakistan,Both,Age-standardized,All causes,Rate,2011,51113.8728311817,56571.79678397688,46042.91444165269
DALYs (Disability-Adjusted Life Years),Rwanda,Both,Age-standardized,All causes,Rate,2006,65252.06007164018,71830.1504997941,59579.434376080586
DALYs (Disability-Adjusted Life Years),Israel,Both,Age-standardized,All causes,Rate,2006,21181.948544155497,24306.672699852228,18539.438824864956
DALYs (Disability-Adjusted Life Years),Spain,Both,Age-standardized,All causes,Rate,2007,20178.1078366186,23316.733648389665,17533.994241825207
DALYs (Disability-Adjusted Life Years),Bolivia (Plurinational State of),Both,Age-standardized,All causes,Rate,2006,41585.62275626489,46375.4681780032,37359.90930072304
DALYs (Disability-Adjusted Life Years),Senegal,Both,Age-standardized,All causes,Rate,2007,53752.31100478451,58454.85324013906,49842.905600778155
DALYs (Disability-Adjusted Life Years),Maldives,Both,Age-standardized,All causes,Rate,2008,25167.145647974325,28603.319295580608,22516.690102610635
DALYs (Disability-Adjusted Life Years),Slovakia,Both,Age-standardized,All causes,Rate,2007,28303.76139002064,31630.194242253823,25534.76402124981
DALYs (Disability-Adjusted Life Years),Egypt,Both,Age-standardized,All causes,Rate,2008,42674.48012333141,46084.90123892932,39809.56490377867
DALYs (Disability-Adjusted Life Years),Costa Rica,Both,Age-standardized,All causes,Rate,2007,22759.900023331407,26101.294425156913,20089.6140704142
DALYs (Disability-Adjusted Life Years),Turkmenistan,Both,Age-standardized,All causes,Rate,2008,44186.8949868168,47505.037892241206,41469.03252183737
DALYs (Disability-Adjusted Life Years),Romania,Both,Age-standardized,All causes,Rate,2008,30801.858128445387,33983.86102256176,28247.513924591418
DALYs (Disability-Adjusted Life Years),Brunei Darussalam,Both,Age-standardized,All causes,Rate,2008,25987.435074034238,28926.02547656864,23120.51403702599
DALYs (Disability-Adjusted Life Years),Bahamas,Both,Age-standardized,All causes,Rate,2009,32742.989283498642,36234.184923298795,29826.40594635928
DALYs (Disability-Adjusted Life Years),Denmark,Both,Age-standardized,All causes,Rate,2008,22754.516626956305,25991.212482812913,20035.716962595
DALYs (Disability-Adjusted Life Years),American Samoa,Both,Age-standardized,All causes,Rate,2010,36165.67081548048,40089.844106511555,32939.33209809621
DALYs (Disability-Adjusted Life Years),Norway,Both,Age-standardized,All causes,Rate,2008,20774.268220768692,24010.168498747804,17991.4240214906
DALYs (Disability-Adjusted Life Years),Syrian Arab Republic,Both,Age-standardized,All causes,Rate,2008,31017.722148701636,34998.09320435486,27502.857305938956
DALYs (Disability-Adjusted Life Years),Djibouti,Both,Age-standardized,All causes,Rate,2008,56815.62941198084,66711.34162151975,47827.16177207923
DALYs (Disability-Adjusted Life Years),Uganda,Both,Age-standardized,All causes,Rate,2008,71973.75565114775,79117.00105397214,65777.98176902985
DALYs (Disability-Adjusted Life Years),Iraq,Both,Age-standardized,All causes,Rate,2009,39620.521034233454,46292.82826358392,33643.38501144171
DALYs (Disability-Adjusted Life Years),Finland,Both,Age-standardized,All causes,Rate,2005,23138.6545726401,26571.93976625458,20287.529350723646
DALYs (Disability-Adjusted Life Years),Jamaica,Both,Age-standardized,All causes,Rate,2007,26506.245141272877,29566.203416886437,23768.771683788607
DALYs (Disability-Adjusted Life Years),Burundi,Both,Age-standardized,All causes,Rate,2007,74139.46222161433,81401.22601023159,67331.04809473625
DALYs (Disability-Adjusted Life Years),Malawi,Both,Age-standardized,All causes,Rate,2007,89987.44524201006,98377.46538587986,83176.42772756961
DALYs (Disability-Adjusted Life Years),Namibia,Both,Age-standardized,All causes,Rate,2007,71991.1106841238,79373.30296045222,64300.17356373059
DALYs (Disability-Adjusted Life Years),Burundi,Both,Age-standardized,All causes,Rate,2009,67883.49507034407,74830.94968689565,61484.875108322834
DALYs (Disability-Adjusted Life Years),Congo,Both,Age-standardized,All causes,Rate,2004,78169.8410733528,85055.53861752822,71912.28700067726
DALYs (Disability-Adjusted Life Years),Lebanon,Both,Age-standardized,All causes,Rate,2004,27214.43951499684,30931.163846972486,24084.912561873545
DALYs (Disability-Adjusted Life Years),Qatar,Both,Age-standardized,All causes,Rate,2005,35618.31290684048,40369.608689404726,31731.410395446346
DALYs (Disability-Adjusted Life Years),Japan,Both,Age-standardized,All causes,Rate,2005,18473.14657245556,21253.842809523772,16092.016041859808
DALYs (Disability-Adjusted Life Years),Democratic People's Republic of Korea,Both,Age-standardized,All causes,Rate,2013,33164.222994457945,38856.890129375046,28508.57230660443
DALYs (Disability-Adjusted Life Years),Finland,Both,Age-standardized,All causes,Rate,2007,22678.32440205682,26067.82102385505,19759.570351139595
DALYs (Disability-Adjusted Life Years),Portugal,Both,Age-standardized,All causes,Rate,2007,23209.400988278845,26641.005818953152,20311.673100544085
DALYs (Disability-Adjusted Life Years),Mauritania,Both,Age-standardized,All causes,Rate,2007,45631.42032448985,50770.88925936294,40651.08772327768
DALYs (Disability-Adjusted Life Years),India,Both,Age-standardized,All causes,Rate,2009,46709.356499116664,50761.170956040754,43163.71760773818
DALYs (Disability-Adjusted Life Years),Palau,Both,Age-standardized,All causes,Rate,2008,43137.81314086375,49751.14576680506,37880.17155125723
DALYs (Disability-Adjusted Life Years),Botswana,Both,Age-standardized,All causes,Rate,2009,72038.63426347627,80402.55436284901,64802.46029023533
DALYs (Disability-Adjusted Life Years),Paraguay,Both,Age-standardized,All causes,Rate,2009,30228.576716233656,33612.47784782342,26957.031351671878
DALYs (Disability-Adjusted Life Years),Benin,Both,Age-standardized,All causes,Rate,2009,62256.14312716692,68346.39535561885,57051.56527234967
DALYs (Disability-Adjusted Life Years),Palau,Both,Age-standardized,All causes,Rate,2009,43158.40366017901,49741.677298747054,37736.12417780031
DALYs (Disability-Adjusted Life Years),Monaco,Both,Age-standardized,All causes,Rate,2009,22295.671201230667,25757.466338988932,19525.18527652474
DALYs (Disability-Adjusted Life Years),Maldives,Both,Age-standardized,All causes,Rate,2011,23793.179978104003,27064.50535364422,21260.19889025163
DALYs (Disability-Adjusted Life Years),Ireland,Both,Age-standardized,All causes,Rate,2010,21321.663121496713,24670.205141388462,18588.618026862576
DALYs (Disability-Adjusted Life Years),Papua New Guinea,Both,Age-standardized,All causes,Rate,2011,50923.91602216354,58316.64185938788,45193.5283357911
DALYs (Disability-Adjusted Life Years),Somalia,Both,Age-standardized,All causes,Rate,2007,87826.08349284643,100149.20334227919,76150.33513719673
DALYs (Disability-Adjusted Life Years),Canada,Both,Age-standardized,All causes,Rate,2012,20258.144678116245,23411.008357169383,17598.29551491
DALYs (Disability-Adjusted Life Years),Nigeria,Both,Age-standardized,All causes,Rate,2007,72416.8372629948,79048.58978536737,66166.84513709244
DALYs (Disability-Adjusted Life Years),Mauritania,Both,Age-standardized,All causes,Rate,2009,43708.13108236837,49111.65925482086,38561.31557661484
DALYs (Disability-Adjusted Life Years),Guatemala,Both,Age-standardized,All causes,Rate,2011,39077.72874605604,42616.48034893062,36026.253482028595
DALYs (Disability-Adjusted Life Years),Pakistan,Both,Age-standardized,All causes,Rate,2006,54409.55424901875,59477.890471157545,49860.362552013605
DALYs (Disability-Adjusted Life Years),Germany,Both,Age-standardized,All causes,Rate,2008,21890.73760595019,25226.1246899525,19058.886506066836
DALYs (Disability-Adjusted Life Years),Nigeria,Both,Age-standardized,All causes,Rate,2009,68946.10459765134,75308.83551746725,63135.89749396181
DALYs (Disability-Adjusted Life Years),New Zealand,Both,Age-standardized,All causes,Rate,2010,21885.3398222489,25136.058967943354,19027.797608232784
DALYs (Disability-Adjusted Life Years),Mexico,Both,Age-standardized,All causes,Rate,2011,29829.18658706017,33110.544680908635,27032.8667567292
DALYs (Disability-Adjusted Life Years),Belize,Both,Age-standardized,All causes,Rate,2010,32611.057543902967,35846.16570903171,29787.497269215026
DALYs (Disability-Adjusted Life Years),Mongolia,Both,Age-standardized,All causes,Rate,2011,44501.8403434964,48220.49517812612,41153.979478867994
DALYs (Disability-Adjusted Life Years),Montenegro,Both,Age-standardized,All causes,Rate,2011,26882.461740437713,29862.66545638013,24354.231842215224
DALYs (Disability-Adjusted Life Years),Angola,Both,Age-standardized,All causes,Rate,2008,69060.81522271475,76882.63006111702,62116.466290454875
DALYs (Disability-Adjusted Life Years),Ghana,Both,Age-standardized,All causes,Rate,2012,55751.95756842189,61904.1360139446,50283.4671250179
DALYs (Disability-Adjusted Life Years),Kenya,Both,Age-standardized,All causes,Rate,2008,65660.51830337843,69852.32870565355,61788.79942323597
DALYs (Disability-Adjusted Life Years),Bosnia and Herzegovina,Both,Age-standardized,All causes,Rate,2007,26194.675940659567,29398.48688464906,23516.819825351777
DALYs (Disability-Adjusted Life Years),Maldives,Both,Age-standardized,All causes,Rate,2013,22938.045591513426,26110.22175626195,20484.07827765115
DALYs (Disability-Adjusted Life Years),Belarus,Both,Age-standardized,All causes,Rate,2006,38366.475684119105,41581.384441648894,35650.99346623281
DALYs (Disability-Adjusted Life Years),Cabo Verde,Both,Age-standardized,All causes,Rate,2012,31303.759036935313,35056.36244067935,27575.04234722983
DALYs (Disability-Adjusted Life Years),Uruguay,Both,Age-standardized,All causes,Rate,2006,27513.33753908485,30544.632485016264,24917.613017213276
DALYs (Disability-Adjusted Life Years),Pakistan,Both,Age-standardized,All causes,Rate,2008,52802.92850282703,57378.710046392356,48341.18183172747
DALYs (Disability-Adjusted Life Years),Liberia,Both,Age-standardized,All causes,Rate,2011,63622.464236642285,71260.2121058639,56872.593029346484
DALYs (Disability-Adjusted Life Years),Sweden,Both,Age-standardized,All causes,Rate,2008,19396.589481750496,22430.628776782098,16783.79446739005
DALYs (Disability-Adjusted Life Years),Australia,Both,Age-standardized,All causes,Rate,2007,21440.83617610587,24857.43506936479,18532.223506804778
DALYs (Disability-Adjusted Life Years),Tokelau,Both,Age-standardized,All causes,Rate,2005,36791.044987372654,43540.270893350906,31359.175474032087
DALYs (Disability-Adjusted Life Years),Dominica,Both,Age-standardized,All causes,Rate,2008,31288.782281469823,34685.65470806859,28261.141455307225
DALYs (Disability-Adjusted Life Years),Vanuatu,Both,Age-standardized,All causes,Rate,2006,49044.6630379556,55868.65956746375,43073.81511526466
DALYs (Disability-Adjusted Life Years),Slovakia,Both,Age-standardized,All causes,Rate,2004,28659.36389262545,31911.796994780274,26006.27418169292
DALYs (Disability-Adjusted Life Years),Bahrain,Both,Age-standardized,All causes,Rate,2008,32817.103207074724,36125.06496797629,29872.622848274656
DALYs (Disability-Adjusted Life Years),Vanuatu,Both,Age-standardized,All causes,Rate,2004,49786.984631074505,56833.553541479145,43557.02837227621
DALYs (Disability-Adjusted Life Years),Bahrain,Both,Age-standardized,All causes,Rate,2007,33914.64123292121,37156.40005205859,30933.479047253066
DALYs (Disability-Adjusted Life Years),Cook Islands,Both,Age-standardized,All causes,Rate,2009,27757.288949674992,31470.35710178937,24350.609363898016
DALYs (Disability-Adjusted Life Years),Thailand,Both,Age-standardized,All causes,Rate,2006,31414.053579228355,35042.154770838926,28302.433118878012
DALYs (Disability-Adjusted Life Years),Republic of Korea,Both,Age-standardized,All causes,Rate,2007,21193.289153054844,24148.272813870182,18720.675629932502
DALYs (Disability-Adjusted Life Years),Saint Vincent and the Grenadines,Both,Age-standardized,All causes,Rate,2008,33331.53885175048,36763.17068959113,30417.32575996895
DALYs (Disability-Adjusted Life Years),Greenland,Both,Age-standardized,All causes,Rate,2006,37142.16587656756,40787.62503837799,33687.71069847398
DALYs (Disability-Adjusted Life Years),Brazil,Both,Age-standardized,All causes,Rate,2011,32600.87696895449,36178.74518452798,29578.992061353536
DALYs (Disability-Adjusted Life Years),Thailand,Both,Age-standardized,All causes,Rate,2004,34348.735386601016,37913.151234974466,31053.670061504923
DALYs (Disability-Adjusted Life Years),Saint Vincent and the Grenadines,Both,Age-standardized,All causes,Rate,2011,32901.65996944353,36255.4235832108,29841.089686907664
DALYs (Disability-Adjusted Life Years),Viet Nam,Both,Age-standardized,All causes,Rate,2008,31244.85431858845,35459.73135593568,28137.62945501131
DALYs (Disability-Adjusted Life Years),Mauritania,Both,Age-standardized,All causes,Rate,2012,41555.77219349105,46974.76423952743,36427.08723394026
DALYs (Disability-Adjusted Life Years),United States Virgin Islands,Both,Age-standardized,All causes,Rate,2010,28551.888308445345,32693.363818576672,25405.46173965732
DALYs (Disability-Adjusted Life Years),Samoa,Both,Age-standardized,All causes,Rate,2008,35899.79696874407,40630.566585148255,31585.279043630886
DALYs (Disability-Adjusted Life Years),Tajikistan,Both,Age-standardized,All causes,Rate,2008,40562.77806423954,44651.81691909226,36873.76820345273
DALYs (Disability-Adjusted Life Years),Ukraine,Both,Age-standardized,All causes,Rate,2008,41561.36251621387,44833.66214485781,38867.47145481744
DALYs (Disability-Adjusted Life Years),Iran (Islamic Republic of),Both,Age-standardized,All causes,Rate,2011,29580.514256220707,33036.849948660696,26633.097310157656
DALYs (Disability-Adjusted Life Years),Nigeria,Both,Age-standardized,All causes,Rate,2012,64377.121237921274,71186.23721647367,59138.503556765994
DALYs (Disability-Adjusted Life Years),Zimbabwe,Both,Age-standardized,All causes,Rate,2011,84332.98791345351,92133.72671051763,77187.87820911463
DALYs (Disability-Adjusted Life Years),Barbados,Both,Age-standardized,All causes,Rate,2008,27790.56566915275,30997.83401730125,25058.55012833096
DALYs (Disability-Adjusted Life Years),Bulgaria,Both,Age-standardized,All causes,Rate,2006,35138.2510705922,38270.16805209889,32357.736887253617
DALYs (Disability-Adjusted Life Years),Slovakia,Both,Age-standardized,All causes,Rate,2006,28315.528451841827,31502.667579386467,25558.343070862487
DALYs (Disability-Adjusted Life Years),France,Both,Age-standardized,All causes,Rate,2008,21292.461261472446,24730.59336310936,18463.571852494566
DALYs (Disability-Adjusted Life Years),Bahamas,Both,Age-standardized,All causes,Rate,2008,32577.800828632608,36107.77307919145,29662.989781013915
DALYs (Disability-Adjusted Life Years),Andorra,Both,Age-standardized,All causes,Rate,2008,19617.28110035816,23512.846859492216,16688.66639789488
DALYs (Disability-Adjusted Life Years),Saint Lucia,Both,Age-standardized,All causes,Rate,2008,29981.18085544201,33778.3883736486,27078.50044756811
DALYs (Disability-Adjusted Life Years),Palestine,Both,Age-standardized,All causes,Rate,2008,43114.02564726411,46772.62248989442,39883.22011579256
DALYs (Disability-Adjusted Life Years),Guinea,Both,Age-standardized,All causes,Rate,2008,74336.6099516113,81998.76300588492,66637.73964609647
DALYs (Disability-Adjusted Life Years),Bhutan,Both,Age-standardized,All causes,Rate,2008,39377.40517274862,45295.673767063214,34530.17355556804
DALYs (Disability-Adjusted Life Years),Greenland,Both,Age-standardized,All causes,Rate,2008,36134.26477374201,39917.21026537832,32757.71934385873
DALYs (Disability-Adjusted Life Years),Comoros,Both,Age-standardized,All causes,Rate,2008,50580.737841109694,57067.22995275566,44389.0116500595
DALYs (Disability-Adjusted Life Years),Norway,Both,Age-standardized,All causes,Rate,2004,21742.894803384297,24908.594056460042,19011.07550358956
DALYs (Disability-Adjusted Life Years),Saint Kitts and Nevis,Both,Age-standardized,All causes,Rate,2008,32821.29474632951,36034.582509968124,29929.485171960347
DALYs (Disability-Adjusted Life Years),Democratic People's Republic of Korea,Both,Age-standardized,All causes,Rate,2011,34285.038710163266,39803.7172122201,29277.51724763486
DALYs (Disability-Adjusted Life Years),Cambodia,Both,Age-standardized,All causes,Rate,2010,46317.08919751161,51176.686212442444,41803.66382909511
DALYs (Disability-Adjusted Life Years),Panama,Both,Age-standardized,All causes,Rate,2003,26503.612344229343,29709.021030527307,23691.96147956769
DALYs (Disability-Adjusted Life Years),Fiji,Both,Age-standardized,All causes,Rate,2010,43377.01703323546,47156.008617723855,39979.90566078068
DALYs (Disability-Adjusted Life Years),Azerbaijan,Both,Age-standardized,All causes,Rate,2010,37536.18546804434,40699.498933216106,34643.37724149557
DALYs (Disability-Adjusted Life Years),Russian Federation,Both,Age-standardized,All causes,Rate,2011,38121.90989277202,41455.86676830514,35332.68834272351
DALYs (Disability-Adjusted Life Years),Croatia,Both,Age-standardized,All causes,Rate,2010,24604.653254626242,27695.18555099063,22046.715311148684
DALYs (Disability-Adjusted Life Years),Andorra,Both,Age-standardized,All causes,Rate,2011,19568.047475585645,23170.600703445038,16728.677919402817
DALYs (Disability-Adjusted Life Years),Honduras,Both,Age-standardized,All causes,Rate,2011,37007.70682456557,43224.88392030398,31866.164932404383
DALYs (Disability-Adjusted Life Years),Oman,Both,Age-standardized,All causes,Rate,2006,30811.512922342692,35089.01391878368,27290.6639086823
DALYs (Disability-Adjusted Life Years),Czechia,Both,Age-standardized,All causes,Rate,2006,25057.285132829515,28235.095454460235,22325.597534750763
DALYs (Disability-Adjusted Life Years),Venezuela (Bolivarian Republic of),Both,Age-standardized,All causes,Rate,2006,30541.759275400993,33689.304568593405,27868.21548994054
DALYs (Disability-Adjusted Life Years),Argentina,Both,Age-standardized,All causes,Rate,2006,28761.144248463082,31888.535864053436,26087.217575036164
DALYs (Disability-Adjusted Life Years),Tokelau,Both,Age-standardized,All causes,Rate,2006,36287.08363710634,42769.90392805168,30964.973191430472
DALYs (Disability-Adjusted Life Years),Oman,Both,Age-standardized,All causes,Rate,2008,31090.225685767604,35084.70596400646,27628.27936466408
DALYs (Disability-Adjusted Life Years),Zimbabwe,Both,Age-standardized,All causes,Rate,2006,112511.3000885244,123508.72702816728,101646.92737989192
DALYs (Disability-Adjusted Life Years),Mexico,Both,Age-standardized,All causes,Rate,2013,29536.628983765535,32814.316212144346,26733.277012335828
DALYs (Disability-Adjusted Life Years),Northern Mariana Islands,Both,Age-standardized,All causes,Rate,2010,30016.868413572352,34648.75279181853,26390.09136454541
DALYs (Disability-Adjusted Life Years),Peru,Both,Age-standardized,All causes,Rate,2006,27087.753723057074,30347.9240112389,24328.86217712691
DALYs (Disability-Adjusted Life Years),Poland,Both,Age-standardized,All causes,Rate,2008,27197.88103059903,30276.982961332822,24594.7513233775
DALYs (Disability-Adjusted Life Years),Egypt,Both,Age-standardized,All causes,Rate,2011,41916.77907680396,45240.454479705295,39062.289790958945
DALYs (Disability-Adjusted Life Years),Spain,Both,Age-standardized,All causes,Rate,2008,19939.299797999265,23095.23440884325,17311.74086763653
DALYs (Disability-Adjusted Life Years),Guatemala,Both,Age-standardized,All causes,Rate,2008,40527.15902136517,44171.472826410914,37404.39964331011
DALYs (Disability-Adjusted Life Years),Dominica,Both,Age-standardized,All causes,Rate,2011,32859.00136765969,36363.555400646175,29802.121041860864
DALYs (Disability-Adjusted Life Years),Indonesia,Both,Age-standardized,All causes,Rate,2007,40861.80589211954,44769.743984143875,37507.985656526944
DALYs (Disability-Adjusted Life Years),Gabon,Both,Age-standardized,All causes,Rate,2008,60024.93336040291,68345.06539521585,52806.61656350458
DALYs (Disability-Adjusted Life Years),Rwanda,Both,Age-standardized,All causes,Rate,2008,58535.65500716288,64705.16950415188,52708.29401577239
DALYs (Disability-Adjusted Life Years),United States of America,Both,Age-standardized,All causes,Rate,2006,26317.376769713646,29712.629043909645,23364.43146700337
DALYs (Disability-Adjusted Life Years),Liberia,Both,Age-standardized,All causes,Rate,2008,64072.45249350459,70834.63109543895,58076.26663602737
DALYs (Disability-Adjusted Life Years),Belarus,Both,Age-standardized,All causes,Rate,2007,36621.325967889075,39718.39094965576,33954.6636810714
DALYs (Disability-Adjusted Life Years),Mauritania,Both,Age-standardized,All causes,Rate,2005,48205.71559398575,53421.08042529466,42924.17580811766
DALYs (Disability-Adjusted Life Years),Brazil,Both,Age-standardized,All causes,Rate,2013,31610.223294976342,35207.11819714948,28453.628867804564
DALYs (Disability-Adjusted Life Years),Guinea,Both,Age-standardized,All causes,Rate,2004,79591.50562977011,87521.86599864635,71935.40681589814
DALYs (Disability-Adjusted Life Years),Bermuda,Both,Age-standardized,All causes,Rate,2008,20949.68409960109,23941.372421754637,18218.232518835946
DALYs (Disability-Adjusted Life Years),Benin,Both,Age-standardized,All causes,Rate,2005,67113.11825808906,73478.33076787196,61632.57224843906
DALYs (Disability-Adjusted Life Years),Tokelau,Both,Age-standardized,All causes,Rate,2004,37251.95431254326,43595.43208139138,31952.24780189626
DALYs (Disability-Adjusted Life Years),Vanuatu,Both,Age-standardized,All causes,Rate,2009,47440.24997205134,53463.35564920039,42199.13573945399
DALYs (Disability-Adjusted Life Years),Taiwan (Province of China),Both,Age-standardized,All causes,Rate,2011,21205.526456340434,23940.306829825215,18958.25493628312
DALYs (Disability-Adjusted Life Years),Mexico,Both,Age-standardized,All causes,Rate,2008,30274.61731350921,33373.975732931634,27553.66797589891
DALYs (Disability-Adjusted Life Years),Republic of Korea,Both,Age-standardized,All causes,Rate,2006,21691.22738099462,24623.820424464688,19246.786690439265
DALYs (Disability-Adjusted Life Years),Germany,Both,Age-standardized,All causes,Rate,2006,22149.195529891826,25504.288273288355,19284.6037828164
DALYs (Disability-Adjusted Life Years),India,Both,Age-standardized,All causes,Rate,2010,45855.41146036083,50004.918494303696,42445.53649735231
DALYs (Disability-Adjusted Life Years),Sweden,Both,Age-standardized,All causes,Rate,2006,19774.550397806994,22792.641636734068,17196.17519628549
DALYs (Disability-Adjusted Life Years),Costa Rica,Both,Age-standardized,All causes,Rate,2004,24344.262897121516,27610.96518107855,21679.696172551317
DALYs (Disability-Adjusted Life Years),Saint Vincent and the Grenadines,Both,Age-standardized,All causes,Rate,2006,33859.888169688,37123.684213523455,30959.612128325265
DALYs (Disability-Adjusted Life Years),El Salvador,Both,Age-standardized,All causes,Rate,2010,31180.490197333325,34604.70477650187,28365.659439134317
DALYs (Disability-Adjusted Life Years),Burundi,Both,Age-standardized,All causes,Rate,2010,65522.738395708155,72491.6125568559,59400.069399738255
DALYs (Disability-Adjusted Life Years),Qatar,Both,Age-standardized,All causes,Rate,2010,30307.87726603154,34504.77716625961,26302.353197445238
DALYs (Disability-Adjusted Life Years),Viet Nam,Both,Age-standardized,All causes,Rate,2011,30469.764619970054,33931.26573970465,27410.5844297574
DALYs (Disability-Adjusted Life Years),Czechia,Both,Age-standardized,All causes,Rate,2009,24142.22212510446,27276.477507507618,21509.18662449626
DALYs (Disability-Adjusted Life Years),Canada,Both,Age-standardized,All causes,Rate,2013,20203.848764814353,23384.214319092116,17527.79311103755
DALYs (Disability-Adjusted Life Years),Kyrgyzstan,Both,Age-standardized,All causes,Rate,2011,37081.614153764705,40185.51715824183,34086.43195721034
DALYs (Disability-Adjusted Life Years),Bosnia and Herzegovina,Both,Age-standardized,All causes,Rate,2011,24612.47832758608,27794.946567196937,21998.646991411355
DALYs (Disability-Adjusted Life Years),Djibouti,Both,Age-standardized,All causes,Rate,2011,53962.57647352648,64097.5545198638,45013.061866000135
DALYs (Disability-Adjusted Life Years),Uganda,Both,Age-standardized,All causes,Rate,2011,63916.44496567841,70274.98513562095,58249.41231046268
DALYs (Disability-Adjusted Life Years),Republic of Moldova,Both,Age-standardized,All causes,Rate,2011,33835.707722546234,36823.80996982923,31270.41566150346
DALYs (Disability-Adjusted Life Years),Republic of Korea,Both,Age-standardized,All causes,Rate,2011,19701.610209356037,22533.606704666097,17243.000244809424
DALYs (Disability-Adjusted Life Years),France,Both,Age-standardized,All causes,Rate,2011,20677.02111044102,24058.17221833932,17862.571332839296
DALYs (Disability-Adjusted Life Years),Guinea-Bissau,Both,Age-standardized,All causes,Rate,2011,73564.52647438961,82697.74240680093,65234.493604632284
DALYs (Disability-Adjusted Life Years),Senegal,Both,Age-standardized,All causes,Rate,2011,49337.38514999472,53965.83580624327,45308.65962735012
DALYs (Disability-Adjusted Life Years),Costa Rica,Both,Age-standardized,All causes,Rate,2009,22625.952149354976,25850.438419484086,19874.076508426922
DALYs (Disability-Adjusted Life Years),Spain,Both,Age-standardized,All causes,Rate,2011,19077.312868483426,22232.88180634493,16393.311075873524
DALYs (Disability-Adjusted Life Years),Lao People's Democratic Republic,Both,Age-standardized,All causes,Rate,2008,54057.288890551834,60382.430083128915,48478.337992367095
DALYs (Disability-Adjusted Life Years),Bahamas,Both,Age-standardized,All causes,Rate,2011,32853.32086661795,36417.30300655004,29740.637497136537
DALYs (Disability-Adjusted Life Years),Estonia,Both,Age-standardized,All causes,Rate,2008,29435.4183449531,32644.757414126867,26610.546091876397
DALYs (Disability-Adjusted Life Years),Saint Lucia,Both,Age-standardized,All causes,Rate,2011,29156.839960290752,32479.473013502025,26293.168557887326
DALYs (Disability-Adjusted Life Years),New Zealand,Both,Age-standardized,All causes,Rate,2008,22460.211397081388,25705.789417346426,19622.4992179844
DALYs (Disability-Adjusted Life Years),Palestine,Both,Age-standardized,All causes,Rate,2011,33458.121148318205,36926.63871191995,30188.638843840094
DALYs (Disability-Adjusted Life Years),Finland,Both,Age-standardized,All causes,Rate,2008,22370.800873957844,25754.689825792913,19554.68034291957
DALYs (Disability-Adjusted Life Years),Gabon,Both,Age-standardized,All causes,Rate,2011,57038.179153099256,65579.31803574126,49740.633226131606
DALYs (Disability-Adjusted Life Years),Guinea,Both,Age-standardized,All causes,Rate,2005,78304.28857477232,86275.94810125245,71167.76863981418
DALYs (Disability-Adjusted Life Years),Estonia,Both,Age-standardized,All causes,Rate,2010,26597.563509569787,29731.071910791863,23894.45257073934
DALYs (Disability-Adjusted Life Years),Jamaica,Both,Age-standardized,All causes,Rate,2010,27175.231105276103,30481.517614995955,24537.76524142908
DALYs (Disability-Adjusted Life Years),Montenegro,Both,Age-standardized,All causes,Rate,2008,27005.89989452329,30165.6238822196,24430.186625951865
DALYs (Disability-Adjusted Life Years),Algeria,Both,Age-standardized,All causes,Rate,2010,30124.875694226634,33502.515669890534,27163.164506092326
DALYs (Disability-Adjusted Life Years),Zimbabwe,Both,Age-standardized,All causes,Rate,2008,103973.19020923987,112970.4196113992,96285.94260869523
DALYs (Disability-Adjusted Life Years),Bahrain,Both,Age-standardized,All causes,Rate,2009,31815.224125475128,35085.59525905338,28947.267155926605
DALYs (Disability-Adjusted Life Years),Azerbaijan,Both,Age-standardized,All causes,Rate,2008,38868.862147920845,42116.009530264084,35844.146060335246
DALYs (Disability-Adjusted Life Years),Gabon,Both,Age-standardized,All causes,Rate,2010,57835.515300055464,66336.60473681756,50557.354852602024
DALYs (Disability-Adjusted Life Years),Timor-Leste,Both,Age-standardized,All causes,Rate,2010,40686.75217850103,45200.574259027126,36495.019323732115
DALYs (Disability-Adjusted Life Years),Haiti,Both,Age-standardized,All causes,Rate,2004,73282.97760633234,80434.42405528374,66430.20249752307
DALYs (Disability-Adjusted Life Years),Portugal,Both,Age-standardized,All causes,Rate,2008,22865.757051130964,26272.840975607138,20037.299781307684
DALYs (Disability-Adjusted Life Years),Seychelles,Both,Age-standardized,All causes,Rate,2005,32144.767832513615,35175.06911080249,29501.014584137498
DALYs (Disability-Adjusted Life Years),Tajikistan,Both,Age-standardized,All causes,Rate,2010,38716.74096134766,42726.187494835816,35221.02501165369
DALYs (Disability-Adjusted Life Years),Seychelles,Both,Age-standardized,All causes,Rate,2009,31056.997858154144,34093.8880650093,28473.610158306823
DALYs (Disability-Adjusted Life Years),Palestine,Both,Age-standardized,All causes,Rate,2010,33835.88483812451,37348.32474694532,30680.254464893675
DALYs (Disability-Adjusted Life Years),United States Virgin Islands,Both,Age-standardized,All causes,Rate,2011,28566.274122931463,32795.8850437716,25170.515035040647
DALYs (Disability-Adjusted Life Years),Côte d'Ivoire,Both,Age-standardized,All causes,Rate,2012,68267.26487879614,75507.56726841656,61933.5395576603
DALYs (Disability-Adjusted Life Years),Puerto Rico,Both,Age-standardized,All causes,Rate,2007,24982.77183368487,28347.18823572854,22262.724370101616
DALYs (Disability-Adjusted Life Years),Puerto Rico,Both,Age-standardized,All causes,Rate,2008,24781.203265827437,28168.202993798008,22028.832939876564
DALYs (Disability-Adjusted Life Years),Zimbabwe,Both,Age-standardized,All causes,Rate,2010,91104.26260354918,99190.35156559203,83764.37045325738
DALYs (Disability-Adjusted Life Years),Democratic Republic of the Congo,Both,Age-standardized,All causes,Rate,2011,69419.43264801057,77351.97501812075,62624.56904475034
DALYs (Disability-Adjusted Life Years),Iraq,Both,Age-standardized,All causes,Rate,2010,38423.683229436865,44922.85084931927,32736.15371409137
DALYs (Disability-Adjusted Life Years),Syrian Arab Republic,Both,Age-standardized,All causes,Rate,2006,31181.895817959172,34972.37315402693,27781.825138369066
DALYs (Disability-Adjusted Life Years),Rwanda,Both,Age-standardized,All causes,Rate,2011,51900.586268666135,57814.01229660001,46713.974501339886
DALYs (Disability-Adjusted Life Years),Palau,Both,Age-standardized,All causes,Rate,2011,43302.253475263504,49841.451101906365,37950.09085990159
DALYs (Disability-Adjusted Life Years),Belarus,Both,Age-standardized,All causes,Rate,2009,36013.79631360586,39099.34068913108,33347.56403290139
DALYs (Disability-Adjusted Life Years),Türkiye,Both,Age-standardized,All causes,Rate,2010,27867.152165307973,31224.72794684388,24994.0653296448
DALYs (Disability-Adjusted Life Years),Italy,Both,Age-standardized,All causes,Rate,2012,19144.432510732826,22366.84486559915,16386.646454384012
DALYs (Disability-Adjusted Life Years),Andorra,Both,Age-standardized,All causes,Rate,2012,19411.098731236998,22833.703749436212,16566.426836459235
DALYs (Disability-Adjusted Life Years),Dominica,Both,Age-standardized,All causes,Rate,2012,33244.77814732978,36814.28225934653,30126.13685879567
DALYs (Disability-Adjusted Life Years),American Samoa,Both,Age-standardized,All causes,Rate,2011,36171.865916380026,39928.31281823687,33003.99710180539
DALYs (Disability-Adjusted Life Years),Guinea-Bissau,Both,Age-standardized,All causes,Rate,2013,70850.21445753901,80198.03031437834,62306.88631807786
DALYs (Disability-Adjusted Life Years),Senegal,Both,Age-standardized,All causes,Rate,2008,52222.67726004277,56922.15731982228,48193.354540587934
DALYs (Disability-Adjusted Life Years),Maldives,Both,Age-standardized,All causes,Rate,2009,24648.719266961172,27952.770462607496,22006.57465923593
DALYs (Disability-Adjusted Life Years),Bulgaria,Both,Age-standardized,All causes,Rate,2009,33269.04133506623,36272.381453404276,30573.202442922902
DALYs (Disability-Adjusted Life Years),Kyrgyzstan,Both,Age-standardized,All causes,Rate,2009,39171.302222876395,42444.22017490425,36292.46349463495
DALYs (Disability-Adjusted Life Years),Andorra,Both,Age-standardized,All causes,Rate,2009,19674.339232635175,23718.636447860863,16784.221001498692
DALYs (Disability-Adjusted Life Years),Fiji,Both,Age-standardized,All causes,Rate,2008,44034.25755318769,47479.02387890833,41280.219463315836
DALYs (Disability-Adjusted Life Years),Jordan,Both,Age-standardized,All causes,Rate,2008,27549.15234536055,31338.480378632295,24588.11892300429
DALYs (Disability-Adjusted Life Years),Croatia,Both,Age-standardized,All causes,Rate,2008,25945.043630293592,28964.752923982283,23472.837652324928
DALYs (Disability-Adjusted Life Years),Republic of Korea,Both,Age-standardized,All causes,Rate,2009,20407.26684016162,23292.827432251466,17957.94436669721
DALYs (Disability-Adjusted Life Years),Italy,Both,Age-standardized,All causes,Rate,2009,19836.33607158328,23061.45497482045,17063.452066658803
DALYs (Disability-Adjusted Life Years),Spain,Both,Age-standardized,All causes,Rate,2009,19560.967593995025,22693.339767777266,16896.701739853932
DALYs (Disability-Adjusted Life Years),Panama,Both,Age-standardized,All causes,Rate,2007,26010.39807004638,29216.289959047004,23225.370090616616
DALYs (Disability-Adjusted Life Years),Micronesia (Federated States of),Both,Age-standardized,All causes,Rate,2010,46726.78008991703,53853.72402258201,40711.43960444425
DALYs (Disability-Adjusted Life Years),United Arab Emirates,Both,Age-standardized,All causes,Rate,2008,37129.64001470699,41838.03457874451,33123.38996864344
DALYs (Disability-Adjusted Life Years),Botswana,Both,Age-standardized,All causes,Rate,2010,70081.63624682251,78311.29618236996,63415.45047781073
DALYs (Disability-Adjusted Life Years),Comoros,Both,Age-standardized,All causes,Rate,2009,51405.12932740007,57973.38669408556,45347.993516808114
DALYs (Disability-Adjusted Life Years),Rwanda,Both,Age-standardized,All causes,Rate,2010,53769.56940092023,59330.62749156436,48417.308738509244
DALYs (Disability-Adjusted Life Years),Croatia,Both,Age-standardized,All causes,Rate,2006,26000.241238308157,28985.80790086592,23407.882759078595
DALYs (Disability-Adjusted Life Years),South Sudan,Both,Age-standardized,All causes,Rate,2009,74374.03066283124,86588.37328600371,63289.89273019421
DALYs (Disability-Adjusted Life Years),Estonia,Both,Age-standardized,All causes,Rate,2006,31537.27297639374,34544.73150136818,28759.395408881555
DALYs (Disability-Adjusted Life Years),Northern Mariana Islands,Both,Age-standardized,All causes,Rate,2011,30142.53574198839,34795.31899197036,26418.880340915242
DALYs (Disability-Adjusted Life Years),Thailand,Both,Age-standardized,All causes,Rate,2007,30419.449887953342,33938.593150930945,27224.244336530584
DALYs (Disability-Adjusted Life Years),Chile,Both,Age-standardized,All causes,Rate,2012,23519.204557546203,26681.302314816625,20698.000705836883
DALYs (Disability-Adjusted Life Years),France,Both,Age-standardized,All causes,Rate,2009,21172.956301326452,24578.11680082968,18355.424317750905
DALYs (Disability-Adjusted Life Years),Ecuador,Both,Age-standardized,All causes,Rate,2009,31400.65128031772,34870.07125720174,28408.165152746013
DALYs (Disability-Adjusted Life Years),Sudan,Both,Age-standardized,All causes,Rate,2008,48335.061651299715,55135.52910007646,42311.039336045884
DALYs (Disability-Adjusted Life Years),Guam,Both,Age-standardized,All causes,Rate,2011,25454.066540802294,28573.882711337006,23058.562190115506
DALYs (Disability-Adjusted Life Years),Türkiye,Both,Age-standardized,All causes,Rate,2009,28065.846344974118,31525.87464654103,24969.599207442756
DALYs (Disability-Adjusted Life Years),China,Both,Age-standardized,All causes,Rate,2009,28101.92239229797,30897.419077116196,25516.17221521541
DALYs (Disability-Adjusted Life Years),Ethiopia,Both,Age-standardized,All causes,Rate,2009,58255.57231495259,62408.035395162486,54157.89598651508
DALYs (Disability-Adjusted Life Years),Thailand,Both,Age-standardized,All causes,Rate,2009,28473.700236492612,31687.617009438567,25514.863794603498
DALYs (Disability-Adjusted Life Years),Montenegro,Both,Age-standardized,All causes,Rate,2010,27154.06236143435,30228.82897639927,24451.489761763372
DALYs (Disability-Adjusted Life Years),Vanuatu,Both,Age-standardized,All causes,Rate,2007,48523.72123075825,55297.5114754696,42887.21866891696
DALYs (Disability-Adjusted Life Years),Slovakia,Both,Age-standardized,All causes,Rate,2005,28752.230406026396,31905.13971246406,26026.267502717143
DALYs (Disability-Adjusted Life Years),Senegal,Both,Age-standardized,All causes,Rate,2012,48571.66357193048,53267.716170574,44405.233631960706
DALYs (Disability-Adjusted Life Years),Palau,Both,Age-standardized,All causes,Rate,2012,43345.432637687685,50023.34792863052,37930.17510980199
DALYs (Disability-Adjusted Life Years),Bhutan,Both,Age-standardized,All causes,Rate,2005,42884.39549569482,48510.728349108125,37643.17229497159
DALYs (Disability-Adjusted Life Years),Nepal,Both,Age-standardized,All causes,Rate,2006,45124.55651519602,50466.69156166883,40882.23810080909
DALYs (Disability-Adjusted Life Years),Bosnia and Herzegovina,Both,Age-standardized,All causes,Rate,2009,25174.46903112106,28250.299623494622,22567.230031154777
DALYs (Disability-Adjusted Life Years),Papua New Guinea,Both,Age-standardized,All causes,Rate,2009,52115.8192463277,59256.77157650242,46301.379432761656
DALYs (Disability-Adjusted Life Years),United Arab Emirates,Both,Age-standardized,All causes,Rate,2011,33191.46203889211,38732.79578912644,29394.371023609066
DALYs (Disability-Adjusted Life Years),United Republic of Tanzania,Both,Age-standardized,All causes,Rate,2006,71899.42358268492,78438.49659270595,66418.85906952081
DALYs (Disability-Adjusted Life Years),Mongolia,Both,Age-standardized,All causes,Rate,2009,45217.41640077794,48918.53761806986,42065.00566768571
DALYs (Disability-Adjusted Life Years),Chile,Both,Age-standardized,All causes,Rate,2009,24295.848669578558,27519.994875084307,21518.350361802928
DALYs (Disability-Adjusted Life Years),Dominica,Both,Age-standardized,All causes,Rate,2009,31737.52682644514,35228.06090311813,28635.232146679624
DALYs (Disability-Adjusted Life Years),Belize,Both,Age-standardized,All causes,Rate,2011,32236.00489095508,35387.19187690967,29468.10698260658
DALYs (Disability-Adjusted Life Years),Equatorial Guinea,Both,Age-standardized,All causes,Rate,2009,57495.07283704631,68477.64371901985,47784.893665810596
DALYs (Disability-Adjusted Life Years),Russian Federation,Both,Age-standardized,All causes,Rate,2008,42939.77299529339,46282.375849625205,40157.00087032863
DALYs (Disability-Adjusted Life Years),Slovakia,Both,Age-standardized,All causes,Rate,2009,27352.478486607422,30513.515974221034,24652.191918907705
DALYs (Disability-Adjusted Life Years),Brunei Darussalam,Both,Age-standardized,All causes,Rate,2009,25943.2882753786,28905.738771399087,23071.27005186485
DALYs (Disability-Adjusted Life Years),Benin,Both,Age-standardized,All causes,Rate,2008,63711.51634555646,69635.30348989587,58654.22165770704
DALYs (Disability-Adjusted Life Years),Norway,Both,Age-standardized,All causes,Rate,2007,20963.057314099264,24192.968027597606,18210.472147540044
DALYs (Disability-Adjusted Life Years),Iran (Islamic Republic of),Both,Age-standardized,All causes,Rate,2012,29220.618295932694,32641.270803307376,26309.4218307538
DALYs (Disability-Adjusted Life Years),Vanuatu,Both,Age-standardized,All causes,Rate,2005,49470.14074215571,56725.122098333246,43316.24870809848
DALYs (Disability-Adjusted Life Years),Bulgaria,Both,Age-standardized,All causes,Rate,2007,34435.07100637013,37586.31761972234,31859.48830648564
DALYs (Disability-Adjusted Life Years),Republic of Moldova,Both,Age-standardized,All causes,Rate,2009,36470.191518586595,39431.140773420644,33870.49615022579
DALYs (Disability-Adjusted Life Years),Mauritania,Both,Age-standardized,All causes,Rate,2010,42951.93248087987,48177.32670710726,37720.60790971771
DALYs (Disability-Adjusted Life Years),Haiti,Both,Age-standardized,All causes,Rate,2005,68685.02702855649,75808.89396163537,61510.26517239484
DALYs (Disability-Adjusted Life Years),Costa Rica,Both,Age-standardized,All causes,Rate,2005,23445.180165301867,26792.290464579994,20804.622875142042
DALYs (Disability-Adjusted Life Years),Monaco,Both,Age-standardized,All causes,Rate,2010,22230.781169170215,25588.12584420005,19510.57498175532
DALYs (Disability-Adjusted Life Years),Guatemala,Both,Age-standardized,All causes,Rate,2009,40738.20165135521,44563.658846104256,37693.75146519053
DALYs (Disability-Adjusted Life Years),Azerbaijan,Both,Age-standardized,All causes,Rate,2006,40801.10207913779,44323.0557152952,37744.92810101579
DALYs (Disability-Adjusted Life Years),Niger,Both,Age-standardized,All causes,Rate,2006,72612.25264489815,80660.51413598658,64504.51055166248
DALYs (Disability-Adjusted Life Years),Finland,Both,Age-standardized,All causes,Rate,2006,22775.265018925256,26188.7563994426,19858.200599533055
DALYs (Disability-Adjusted Life Years),Czechia,Both,Age-standardized,All causes,Rate,2007,24733.57794779495,27904.04098559347,22024.50747871129
DALYs (Disability-Adjusted Life Years),Mali,Both,Age-standardized,All causes,Rate,2009,72155.94056198187,78524.38159146371,66361.2330687855
DALYs (Disability-Adjusted Life Years),Jamaica,Both,Age-standardized,All causes,Rate,2008,25479.399154962044,28677.84826129679,22733.027976939913
DALYs (Disability-Adjusted Life Years),Palestine,Both,Age-standardized,All causes,Rate,2006,42266.064788614945,45905.80151352485,39178.86822378316
DALYs (Disability-Adjusted Life Years),Liberia,Both,Age-standardized,All causes,Rate,2006,68554.06765464658,75547.51951603207,62620.69818964605
DALYs (Disability-Adjusted Life Years),El Salvador,Both,Age-standardized,All causes,Rate,2008,31897.248519330675,35279.3989045054,29123.157750489492
DALYs (Disability-Adjusted Life Years),Haiti,Both,Age-standardized,All causes,Rate,2007,65184.39848038905,72448.30280736936,57802.28693555486
DALYs (Disability-Adjusted Life Years),Nigeria,Both,Age-standardized,All causes,Rate,2010,67295.14604539871,73836.3376180768,60870.595729277775
DALYs (Disability-Adjusted Life Years),Malaysia,Both,Age-standardized,All causes,Rate,2009,28962.88806299354,32045.136243765166,26392.612947578775
DALYs (Disability-Adjusted Life Years),Micronesia (Federated States of),Both,Age-standardized,All causes,Rate,2009,46945.98314846479,53778.18947821573,41160.79412513777
DALYs (Disability-Adjusted Life Years),Mexico,Both,Age-standardized,All causes,Rate,2009,30577.598362390236,33729.75917318453,27787.44720972849
DALYs (Disability-Adjusted Life Years),Palestine,Both,Age-standardized,All causes,Rate,2009,41956.64716173102,45621.73935481335,38747.0838917699
DALYs (Disability-Adjusted Life Years),Maldives,Both,Age-standardized,All causes,Rate,2012,23327.344190237454,26534.403448092347,20816.61618652895
DALYs (Disability-Adjusted Life Years),Viet Nam,Both,Age-standardized,All causes,Rate,2012,30112.50472243635,33410.29046487938,26942.80602696371
DALYs (Disability-Adjusted Life Years),Papua New Guinea,Both,Age-standardized,All causes,Rate,2012,50668.390885572575,57739.126003845646,44839.15162710454
DALYs (Disability-Adjusted Life Years),Bosnia and Herzegovina,Both,Age-standardized,All causes,Rate,2012,24280.190856488174,27365.0866641848,21703.87612942706
DALYs (Disability-Adjusted Life Years),Cook Islands,Both,Age-standardized,All causes,Rate,2010,27582.614557005614,31213.731140642587,24347.803390637953
DALYs (Disability-Adjusted Life Years),Mongolia,Both,Age-standardized,All causes,Rate,2012,43102.25900885559,46781.837674560265,39934.92535877284
DALYs (Disability-Adjusted Life Years),Tunisia,Both,Age-standardized,All causes,Rate,2012,27081.501959033867,32539.775981025836,22738.63201772613
DALYs (Disability-Adjusted Life Years),Lesotho,Both,Age-standardized,All causes,Rate,2004,124725.67326639766,145401.90972645616,106781.09172463586
DALYs (Disability-Adjusted Life Years),Fiji,Both,Age-standardized,All causes,Rate,2006,44278.958114784626,47645.26139559724,41403.321943997005
DALYs (Disability-Adjusted Life Years),Rwanda,Both,Age-standardized,All causes,Rate,2009,56498.728709733936,62350.89061068303,51047.20586239395
DALYs (Disability-Adjusted Life Years),Montenegro,Both,Age-standardized,All causes,Rate,2012,26583.50061789211,29581.551858137333,24067.44133316818
DALYs (Disability-Adjusted Life Years),Gabon,Both,Age-standardized,All causes,Rate,2009,59013.317623079354,67639.78187328212,51820.6759489085
DALYs (Disability-Adjusted Life Years),Thailand,Both,Age-standardized,All causes,Rate,2005,32480.220644285557,35989.2877664998,29210.35362002256
DALYs (Disability-Adjusted Life Years),Zimbabwe,Both,Age-standardized,All causes,Rate,2009,98756.44173221863,107411.58559885532,91435.17732211959
DALYs (Disability-Adjusted Life Years),Guam,Both,Age-standardized,All causes,Rate,2012,25589.51580368476,28680.01919442189,23183.152884021165
DALYs (Disability-Adjusted Life Years),Norway,Both,Age-standardized,All causes,Rate,2005,21414.599115699675,24624.94546121373,18723.37496184804
DALYs (Disability-Adjusted Life Years),Sao Tome and Principe,Both,Age-standardized,All causes,Rate,2009,41759.29587224617,46501.86642371576,37195.82292056203
DALYs (Disability-Adjusted Life Years),Iceland,Both,Age-standardized,All causes,Rate,2007,19637.17125437255,22651.934552606024,16927.758487648247
DALYs (Disability-Adjusted Life Years),Oman,Both,Age-standardized,All causes,Rate,2007,31049.855058859055,34894.23858889196,27692.959505297342
DALYs (Disability-Adjusted Life Years),Bhutan,Both,Age-standardized,All causes,Rate,2007,40486.44285927119,46259.00758014769,35483.79866549269
DALYs (Disability-Adjusted Life Years),Tokelau,Both,Age-standardized,All causes,Rate,2007,35790.2833774751,42247.69829067243,30390.6249974915
DALYs (Disability-Adjusted Life Years),Malaysia,Both,Age-standardized,All causes,Rate,2012,27864.352898266658,30850.54763855664,25331.533974970065
DALYs (Disability-Adjusted Life Years),Kyrgyzstan,Both,Age-standardized,All causes,Rate,2012,36150.025807800565,39300.2924695594,33422.360477219736
DALYs (Disability-Adjusted Life Years),Benin,Both,Age-standardized,All causes,Rate,2010,61334.466664900756,67280.11681435104,55935.83292770521
DALYs (Disability-Adjusted Life Years),Democratic Republic of the Congo,Both,Age-standardized,All causes,Rate,2012,67695.55657367571,75889.28657051286,60789.210071923284
DALYs (Disability-Adjusted Life Years),Denmark,Both,Age-standardized,All causes,Rate,2009,22373.534605861685,25651.183305606635,19649.558897945593
DALYs (Disability-Adjusted Life Years),Botswana,Both,Age-standardized,All causes,Rate,2011,67219.97827117857,74692.31619663462,61107.50468803141
DALYs (Disability-Adjusted Life Years),Norway,Both,Age-standardized,All causes,Rate,2009,20592.468436102037,23838.23127865625,17848.153228019233
DALYs (Disability-Adjusted Life Years),Eritrea,Both,Age-standardized,All causes,Rate,2012,62691.05990659343,73348.48938079801,52911.9685958241
DALYs (Disability-Adjusted Life Years),Barbados,Both,Age-standardized,All causes,Rate,2009,27486.034711709035,30747.198343270695,24700.660438864186
DALYs (Disability-Adjusted Life Years),Haiti,Both,Age-standardized,All causes,Rate,2009,62638.718916652724,70748.03628687127,55387.21459200473
DALYs (Disability-Adjusted Life Years),Myanmar,Both,Age-standardized,All causes,Rate,2012,47729.91289441878,54096.09205891343,42311.88924889728
DALYs (Disability-Adjusted Life Years),Uganda,Both,Age-standardized,All causes,Rate,2009,68940.05508565488,75649.11732367777,62932.09357929299
DALYs (Disability-Adjusted Life Years),Bhutan,Both,Age-standardized,All causes,Rate,2009,38535.92390168858,44656.989988218724,33810.863101986164
DALYs (Disability-Adjusted Life Years),Niger,Both,Age-standardized,All causes,Rate,2009,65289.26518616701,74373.52898324287,57021.371162402334
DALYs (Disability-Adjusted Life Years),Russian Federation,Both,Age-standardized,All causes,Rate,2010,40450.72943542731,43746.351140004146,37630.92876758119
DALYs (Disability-Adjusted Life Years),Bangladesh,Both,Age-standardized,All causes,Rate,2012,37596.66177864261,41868.355397590174,34177.70482867318
DALYs (Disability-Adjusted Life Years),Liberia,Both,Age-standardized,All causes,Rate,2012,62781.07349745101,70811.22436009084,55828.33514606522
DALYs (Disability-Adjusted Life Years),Monaco,Both,Age-standardized,All causes,Rate,2008,22370.8506091316,25869.7346476873,19453.27949011452
DALYs (Disability-Adjusted Life Years),Niue,Both,Age-standardized,All causes,Rate,2006,39591.70507868771,45439.877934711236,34187.990716211745
DALYs (Disability-Adjusted Life Years),Bermuda,Both,Age-standardized,All causes,Rate,2009,20734.496572006738,23758.942119746134,18056.5222835308
DALYs (Disability-Adjusted Life Years),Democratic People's Republic of Korea,Both,Age-standardized,All causes,Rate,2012,33767.86359368501,39447.811752003065,29012.822074499032
DALYs (Disability-Adjusted Life Years),Barbados,Both,Age-standardized,All causes,Rate,2007,28148.03559981527,31387.90694722815,25228.68719813144
DALYs (Disability-Adjusted Life Years),Russian Federation,Both,Age-standardized,All causes,Rate,2012,37235.02217749072,40566.552712380835,34414.16754234389
DALYs (Disability-Adjusted Life Years),Comoros,Both,Age-standardized,All causes,Rate,2007,52340.326505454315,58849.58530413111,45920.87495916501
DALYs (Disability-Adjusted Life Years),Türkiye,Both,Age-standardized,All causes,Rate,2012,27121.65557201599,30500.572312999902,24166.86021077813
DALYs (Disability-Adjusted Life Years),Iraq,Both,Age-standardized,All causes,Rate,2012,36957.66099733266,43489.672714383305,31322.614318563268
DALYs (Disability-Adjusted Life Years),Trinidad and Tobago,Both,Age-standardized,All causes,Rate,2008,34597.09871686148,38098.977015377975,31857.169404169537
DALYs (Disability-Adjusted Life Years),Ethiopia,Both,Age-standardized,All causes,Rate,2012,51425.88908043913,55883.69866818552,47427.67906889296
DALYs (Disability-Adjusted Life Years),Taiwan (Province of China),Both,Age-standardized,All causes,Rate,2012,20939.744778723754,23646.057825239157,18631.389078693788
DALYs (Disability-Adjusted Life Years),Republic of Korea,Both,Age-standardized,All causes,Rate,2012,19287.820752579533,22157.159314449942,16828.594056713224
DALYs (Disability-Adjusted Life Years),Nicaragua,Both,Age-standardized,All causes,Rate,2008,29096.754540007176,32406.644901033087,26238.57777565738
DALYs (Disability-Adjusted Life Years),France,Both,Age-standardized,All causes,Rate,2012,20438.716699289587,23834.876357376572,17656.88507512184
DALYs (Disability-Adjusted Life Years),Sao Tome and Principe,Both,Age-standardized,All causes,Rate,2012,39560.208479212175,44169.10828753494,34849.46379024404
DALYs (Disability-Adjusted Life Years),Seychelles,Both,Age-standardized,All causes,Rate,2007,31831.249391122794,34865.33459293353,29264.580188689142
DALYs (Disability-Adjusted Life Years),Burkina Faso,Both,Age-standardized,All causes,Rate,2009,73353.39910783376,81240.95144521461,66699.20691860598
DALYs (Disability-Adjusted Life Years),Türkiye,Both,Age-standardized,All causes,Rate,2007,28066.800981208613,31260.168549904545,24977.726845760102
DALYs (Disability-Adjusted Life Years),Mali,Both,Age-standardized,All causes,Rate,2013,68898.77746047515,75418.15608806402,62835.752067702044
DALYs (Disability-Adjusted Life Years),Mongolia,Both,Age-standardized,All causes,Rate,2010,44939.93007568205,48675.72140284784,41745.70723324854
DALYs (Disability-Adjusted Life Years),Bahrain,Both,Age-standardized,All causes,Rate,2005,36397.0504586125,39687.77866638322,33373.97621226962
DALYs (Disability-Adjusted Life Years),Bahamas,Both,Age-standardized,All causes,Rate,2012,32733.20009358754,36183.33564752664,29732.26289324578
DALYs (Disability-Adjusted Life Years),Saint Lucia,Both,Age-standardized,All causes,Rate,2012,29069.49031810108,32495.596902413403,26098.234942968345
DALYs (Disability-Adjusted Life Years),Brazil,Both,Age-standardized,All causes,Rate,2014,31110.73641382322,34767.31283243705,28048.899143941908
DALYs (Disability-Adjusted Life Years),Ecuador,Both,Age-standardized,All causes,Rate,2012,29242.072224436622,32444.52922570219,26429.278912062277
DALYs (Disability-Adjusted Life Years),Guatemala,Both,Age-standardized,All causes,Rate,2012,38021.01735855072,41642.25932986191,35023.544091919655
DALYs (Disability-Adjusted Life Years),Guinea,Both,Age-standardized,All causes,Rate,2007,75894.73674300329,83622.27437463574,67942.6049350708
DALYs (Disability-Adjusted Life Years),Burkina Faso,Both,Age-standardized,All causes,Rate,2007,76735.23068098693,84928.23508793129,69611.6688860175
DALYs (Disability-Adjusted Life Years),Paraguay,Both,Age-standardized,All causes,Rate,2012,29549.6357681655,33329.3584087784,26238.854058851764
DALYs (Disability-Adjusted Life Years),Lao People's Democratic Republic,Both,Age-standardized,All causes,Rate,2011,48767.62856775783,55220.83697231499,43096.04640411639
DALYs (Disability-Adjusted Life Years),Fiji,Both,Age-standardized,All causes,Rate,2011,43252.27556444181,47207.60254788617,40009.00007711649
DALYs (Disability-Adjusted Life Years),El Salvador,Both,Age-standardized,All causes,Rate,2009,32735.93283590282,36042.44670749128,29893.097980678194
DALYs (Disability-Adjusted Life Years),Estonia,Both,Age-standardized,All causes,Rate,2011,26499.32042404114,29524.36584727265,23863.550945333922
DALYs (Disability-Adjusted Life Years),Jordan,Both,Age-standardized,All causes,Rate,2009,26892.35178375482,30618.97847509263,24022.545049693643
DALYs (Disability-Adjusted Life Years),Ethiopia,Both,Age-standardized,All causes,Rate,2007,64394.21023652008,69125.41755500645,59939.69480481394
DALYs (Disability-Adjusted Life Years),Cameroon,Both,Age-standardized,All causes,Rate,2006,77524.63859377809,85319.71907781018,69597.48147889887
DALYs (Disability-Adjusted Life Years),Palestine,Both,Age-standardized,All causes,Rate,2007,38379.73515981082,41947.45343703809,35219.46207168074
DALYs (Disability-Adjusted Life Years),Marshall Islands,Both,Age-standardized,All causes,Rate,2007,56169.02965128785,61641.90964549137,51280.17321893442
DALYs (Disability-Adjusted Life Years),Andorra,Both,Age-standardized,All causes,Rate,2010,19718.004284220366,23581.322585594702,16822.754327362014
DALYs (Disability-Adjusted Life Years),Mauritania,Both,Age-standardized,All causes,Rate,2008,44529.69959807305,49765.845100865234,39481.59463366451
DALYs (Disability-Adjusted Life Years),Ecuador,Both,Age-standardized,All causes,Rate,2010,30856.40708710503,34176.03963171087,28053.456020528844
DALYs (Disability-Adjusted Life Years),Mexico,Both,Age-standardized,All causes,Rate,2012,29479.728680686272,32710.466890255997,26682.158633992414
DALYs (Disability-Adjusted Life Years),Jamaica,Both,Age-standardized,All causes,Rate,2006,26309.50208056006,29518.921227933635,23629.48095519184
DALYs (Disability-Adjusted Life Years),Malta,Both,Age-standardized,All causes,Rate,2011,20113.245122880042,23302.594599921456,17447.00924366304
DALYs (Disability-Adjusted Life Years),Oman,Both,Age-standardized,All causes,Rate,2009,31393.651870139176,35246.61773361075,28087.453062970657
DALYs (Disability-Adjusted Life Years),Nauru,Both,Age-standardized,All causes,Rate,2009,69288.96603370381,78016.37595296072,60793.10948239307
DALYs (Disability-Adjusted Life Years),Republic of Moldova,Both,Age-standardized,All causes,Rate,2012,33378.52254043383,36214.06048803727,30877.274104828735
DALYs (Disability-Adjusted Life Years),Spain,Both,Age-standardized,All causes,Rate,2012,18897.66855576738,22041.239352937217,16207.335552672786
DALYs (Disability-Adjusted Life Years),Equatorial Guinea,Both,Age-standardized,All causes,Rate,2012,55785.62444656795,67305.64136220819,45793.96270221544
DALYs (Disability-Adjusted Life Years),Nigeria,Both,Age-standardized,All causes,Rate,2008,70602.02496448929,77773.14919603182,64609.893412921716
DALYs (Disability-Adjusted Life Years),American Samoa,Both,Age-standardized,All causes,Rate,2012,36107.74268488588,39964.882721260496,32813.66330260322
DALYs (Disability-Adjusted Life Years),Sri Lanka,Both,Age-standardized,All causes,Rate,2012,27197.166369499642,30414.76247511743,24537.973102630433
DALYs (Disability-Adjusted Life Years),Haiti,Both,Age-standardized,All causes,Rate,2006,66929.6206064042,74159.57896769802,59478.009898233155
DALYs (Disability-Adjusted Life Years),Eswatini,Both,Age-standardized,All causes,Rate,2012,103623.35854244491,118791.29210171833,90130.05200973395
DALYs (Disability-Adjusted Life Years),Guinea-Bissau,Both,Age-standardized,All causes,Rate,2012,72113.61911985205,81287.83453978042,63776.52066933585
DALYs (Disability-Adjusted Life Years),Bangladesh,Both,Age-standardized,All causes,Rate,2014,35872.46560738905,40214.85915880388,32254.866483805654
DALYs (Disability-Adjusted Life Years),Greenland,Both,Age-standardized,All causes,Rate,2007,36633.478915689564,40462.76955945657,33288.49038686559
DALYs (Disability-Adjusted Life Years),United Republic of Tanzania,Both,Age-standardized,All causes,Rate,2008,64894.90200198405,70882.71027915199,60055.23851791585
DALYs (Disability-Adjusted Life Years),Gambia,Both,Age-standardized,All causes,Rate,2008,58329.87110652855,65444.05004229728,51812.86644377474
DALYs (Disability-Adjusted Life Years),Equatorial Guinea,Both,Age-standardized,All causes,Rate,2010,57444.901110639716,68564.27975793889,47660.036809864636
DALYs (Disability-Adjusted Life Years),Brazil,Both,Age-standardized,All causes,Rate,2012,32050.188039768633,35743.79260251115,28842.461532138335
DALYs (Disability-Adjusted Life Years),Germany,Both,Age-standardized,All causes,Rate,2007,22025.243237739436,25374.442419662268,19156.627669718087
DALYs (Disability-Adjusted Life Years),Indonesia,Both,Age-standardized,All causes,Rate,2010,39376.96959645611,43365.09881524312,35677.90902866018
DALYs (Disability-Adjusted Life Years),Cameroon,Both,Age-standardized,All causes,Rate,2011,68943.91820298012,77169.85268701545,60920.13979417607
DALYs (Disability-Adjusted Life Years),Iraq,Both,Age-standardized,All causes,Rate,2007,46683.34008966762,53564.28526062154,41019.50930028399
DALYs (Disability-Adjusted Life Years),Cambodia,Both,Age-standardized,All causes,Rate,2012,43953.225847365626,49392.19741108567,39233.05977013855
DALYs (Disability-Adjusted Life Years),Saint Vincent and the Grenadines,Both,Age-standardized,All causes,Rate,2007,33542.698453532365,36756.80225955679,30746.815165850217
DALYs (Disability-Adjusted Life Years),Ireland,Both,Age-standardized,All causes,Rate,2011,21239.061235238594,24563.10625414099,18490.03799699783
DALYs (Disability-Adjusted Life Years),Belize,Both,Age-standardized,All causes,Rate,2012,31684.86178435682,34961.58264642237,28950.467138921944
DALYs (Disability-Adjusted Life Years),Lao People's Democratic Republic,Both,Age-standardized,All causes,Rate,2009,52258.12934719532,58661.14773415425,46586.455259293194
DALYs (Disability-Adjusted Life Years),Costa Rica,Both,Age-standardized,All causes,Rate,2006,23942.00474656482,27219.7596903199,21248.666425195646
DALYs (Disability-Adjusted Life Years),Chile,Both,Age-standardized,All causes,Rate,2010,24231.410937821973,27398.6843055407,21441.960852641223
DALYs (Disability-Adjusted Life Years),Dominica,Both,Age-standardized,All causes,Rate,2010,32401.743195730065,35867.08130928178,29314.417065118527
DALYs (Disability-Adjusted Life Years),Nicaragua,Both,Age-standardized,All causes,Rate,2007,29286.892362119765,32598.73978083892,26394.30283969506
DALYs (Disability-Adjusted Life Years),Jordan,Both,Age-standardized,All causes,Rate,2012,25628.730474432927,29049.640129701704,22762.848815753212
DALYs (Disability-Adjusted Life Years),United Arab Emirates,Both,Age-standardized,All causes,Rate,2012,32221.46110445565,37404.26031529962,28492.447268939948
DALYs (Disability-Adjusted Life Years),Cambodia,Both,Age-standardized,All causes,Rate,2011,45091.76265173684,50290.58730916238,40319.95672603388
DALYs (Disability-Adjusted Life Years),Azerbaijan,Both,Age-standardized,All causes,Rate,2011,36754.652798021176,40081.850338195945,33704.1947665714
DALYs (Disability-Adjusted Life Years),Croatia,Both,Age-standardized,All causes,Rate,2011,24177.636936756255,27265.935415170134,21613.21413208097
DALYs (Disability-Adjusted Life Years),Antigua and Barbuda,Both,Age-standardized,All causes,Rate,2011,27603.96112884485,30930.150873016915,24698.33134992768
DALYs (Disability-Adjusted Life Years),New Zealand,Both,Age-standardized,All causes,Rate,2011,21889.2920991113,25071.954268551955,19010.882532559775
DALYs (Disability-Adjusted Life Years),Equatorial Guinea,Both,Age-standardized,All causes,Rate,2011,57496.639018176465,69078.59423034912,47410.01539052362
DALYs (Disability-Adjusted Life Years),Malaysia,Both,Age-standardized,All causes,Rate,2010,28680.253299804954,32080.340364910244,25830.94015843343
DALYs (Disability-Adjusted Life Years),Austria,Both,Age-standardized,All causes,Rate,2010,20988.642936913955,24129.439227317318,18241.625783176092
DALYs (Disability-Adjusted Life Years),Suriname,Both,Age-standardized,All causes,Rate,2010,35724.16525841173,39175.82806161082,32537.049168524656
DALYs (Disability-Adjusted Life Years),Saint Lucia,Both,Age-standardized,All causes,Rate,2007,30364.688554809654,34061.4435342789,27466.86626870241
DALYs (Disability-Adjusted Life Years),North Macedonia,Both,Age-standardized,All causes,Rate,2010,31914.802687599364,34907.45457451988,29264.46490288801
DALYs (Disability-Adjusted Life Years),Suriname,Both,Age-standardized,All causes,Rate,2009,36162.746790611134,39532.6053453534,32956.8079447159
DALYs (Disability-Adjusted Life Years),Zambia,Both,Age-standardized,All causes,Rate,2012,69190.18305378967,77557.47068609415,62186.98901442003
DALYs (Disability-Adjusted Life Years),Canada,Both,Age-standardized,All causes,Rate,2014,20172.975542321765,23373.361359587412,17524.266145875838
DALYs (Disability-Adjusted Life Years),Georgia,Both,Age-standardized,All causes,Rate,2010,32284.904736685832,35305.027239075425,29655.26121247066
DALYs (Disability-Adjusted Life Years),Kiribati,Both,Age-standardized,All causes,Rate,2010,57556.65493794195,66363.66193173885,49557.304537230564
DALYs (Disability-Adjusted Life Years),Latvia,Both,Age-standardized,All causes,Rate,2007,35327.992789272146,38650.421488481246,32677.04618160957
DALYs (Disability-Adjusted Life Years),Kazakhstan,Both,Age-standardized,All causes,Rate,2007,47618.43768740977,51114.05395830171,44420.81861069124
DALYs (Disability-Adjusted Life Years),Niue,Both,Age-standardized,All causes,Rate,2007,39280.85637228655,45388.58610970425,34005.402358362844
DALYs (Disability-Adjusted Life Years),Sweden,Both,Age-standardized,All causes,Rate,2007,19579.10456061822,22618.941359458582,16997.25931681631
DALYs (Disability-Adjusted Life Years),Morocco,Both,Age-standardized,All causes,Rate,2009,35629.28257940125,41344.76819837147,30666.237967946443
DALYs (Disability-Adjusted Life Years),Myanmar,Both,Age-standardized,All causes,Rate,2010,50960.67517160059,57512.86893104115,45100.55657232456
DALYs (Disability-Adjusted Life Years),China,Both,Age-standardized,All causes,Rate,2010,27526.448477291655,30086.730227798264,25200.56614121475
DALYs (Disability-Adjusted Life Years),Latvia,Both,Age-standardized,All causes,Rate,2010,31005.445427189992,34109.74125016954,28472.848130771577
DALYs (Disability-Adjusted Life Years),Eswatini,Both,Age-standardized,All causes,Rate,2010,115373.32372454017,131589.409577914,101574.36470125128
DALYs (Disability-Adjusted Life Years),Botswana,Both,Age-standardized,All causes,Rate,2012,63671.69316335288,70486.67224455961,58108.451581360074
DALYs (Disability-Adjusted Life Years),Senegal,Both,Age-standardized,All causes,Rate,2010,50227.9531848007,55052.50523861603,46280.869092171524
DALYs (Disability-Adjusted Life Years),Czechia,Both,Age-standardized,All causes,Rate,2010,23819.936987853343,27010.642535744162,21117.35354374415
DALYs (Disability-Adjusted Life Years),Italy,Both,Age-standardized,All causes,Rate,2010,19506.707183384875,22791.898143327347,16759.25979358347
DALYs (Disability-Adjusted Life Years),Paraguay,Both,Age-standardized,All causes,Rate,2010,30108.904093093253,33718.351006311656,26784.279272707772
DALYs (Disability-Adjusted Life Years),Hungary,Both,Age-standardized,All causes,Rate,2007,30314.62261391033,33448.239184648824,27574.93499144288
DALYs (Disability-Adjusted Life Years),Iceland,Both,Age-standardized,All causes,Rate,2010,19313.676446280155,22433.27634554535,16684.0733791514
DALYs (Disability-Adjusted Life Years),United Kingdom,Both,Age-standardized,All causes,Rate,2010,21586.83655646821,24940.410686142866,18774.050373561153
DALYs (Disability-Adjusted Life Years),Ireland,Both,Age-standardized,All causes,Rate,2009,21963.773933674674,25290.13947927592,19132.626451281732
DALYs (Disability-Adjusted Life Years),Ethiopia,Both,Age-standardized,All causes,Rate,2010,55632.19088887586,59452.80468205467,51609.898244169584
DALYs (Disability-Adjusted Life Years),Netherlands,Both,Age-standardized,All causes,Rate,2010,19993.4066510343,23020.510563005813,17363.263087413834
DALYs (Disability-Adjusted Life Years),Afghanistan,Both,Age-standardized,All causes,Rate,2013,63323.195513425904,72456.7340012676,54154.90396096583
DALYs (Disability-Adjusted Life Years),Sudan,Both,Age-standardized,All causes,Rate,2009,47650.01659007015,54372.018586315586,41492.85289392905
DALYs (Disability-Adjusted Life Years),Niue,Both,Age-standardized,All causes,Rate,2011,37985.633541667725,44268.7060861518,32751.359242524326
DALYs (Disability-Adjusted Life Years),Australia,Both,Age-standardized,All causes,Rate,2010,20953.205426726217,24300.476033903495,18040.57888296606
DALYs (Disability-Adjusted Life Years),Equatorial Guinea,Both,Age-standardized,All causes,Rate,2013,52942.19055256218,63779.57047920795,43823.89960806708
DALYs (Disability-Adjusted Life Years),Sao Tome and Principe,Both,Age-standardized,All causes,Rate,2011,39918.539895424794,44385.38144336295,35224.02070580573
DALYs (Disability-Adjusted Life Years),Nepal,Both,Age-standardized,All causes,Rate,2010,42140.782631582624,47949.18205431635,38045.204030828725
DALYs (Disability-Adjusted Life Years),Barbados,Both,Age-standardized,All causes,Rate,2010,27547.3644802371,30988.62446055869,24824.20063358552
DALYs (Disability-Adjusted Life Years),Trinidad and Tobago,Both,Age-standardized,All causes,Rate,2010,32544.089043358625,35950.14881407021,29547.80093604832
DALYs (Disability-Adjusted Life Years),Kazakhstan,Both,Age-standardized,All causes,Rate,2009,42406.83660890533,45564.903919662145,39519.855346213684
DALYs (Disability-Adjusted Life Years),Dominican Republic,Both,Age-standardized,All causes,Rate,2010,32767.411348937076,37482.43819601773,28354.04876404603
DALYs (Disability-Adjusted Life Years),Greece,Both,Age-standardized,All causes,Rate,2010,21743.304368036745,25036.22918938895,18963.723202812253
DALYs (Disability-Adjusted Life Years),Lithuania,Both,Age-standardized,All causes,Rate,2009,32179.957377382405,35300.60898773675,29429.29798182643
DALYs (Disability-Adjusted Life Years),Cabo Verde,Both,Age-standardized,All causes,Rate,2011,31443.412481541614,35258.27147791499,27762.008351858003
DALYs (Disability-Adjusted Life Years),Senegal,Both,Age-standardized,All causes,Rate,2013,47841.47416241582,52735.174569029674,43502.792850560036
DALYs (Disability-Adjusted Life Years),Tuvalu,Both,Age-standardized,All causes,Rate,2010,45239.28293527733,51327.46366274572,39668.2224124982
DALYs (Disability-Adjusted Life Years),Zimbabwe,Both,Age-standardized,All causes,Rate,2007,107642.05917538157,117130.15578532602,98536.75418308798
DALYs (Disability-Adjusted Life Years),Nicaragua,Both,Age-standardized,All causes,Rate,2010,28154.451538083325,31482.176192489293,25270.0265503835
DALYs (Disability-Adjusted Life Years),Congo,Both,Age-standardized,All causes,Rate,2008,67164.76123492135,74143.14980331417,60948.7820681962
DALYs (Disability-Adjusted Life Years),Ukraine,Both,Age-standardized,All causes,Rate,2010,36259.66191547558,39475.81059218696,33492.81206843319
DALYs (Disability-Adjusted Life Years),Malawi,Both,Age-standardized,All causes,Rate,2008,83916.4964935753,91955.35884187357,77991.13144838787
DALYs (Disability-Adjusted Life Years),New Zealand,Both,Age-standardized,All causes,Rate,2009,22171.66291719418,25439.33484596952,19307.526617074065
DALYs (Disability-Adjusted Life Years),Thailand,Both,Age-standardized,All causes,Rate,2008,29432.98242479966,32800.06669371278,26294.781274730405
DALYs (Disability-Adjusted Life Years),Liberia,Both,Age-standardized,All causes,Rate,2007,65365.752537313834,72703.21503691736,59492.550684725655
DALYs (Disability-Adjusted Life Years),Vanuatu,Both,Age-standardized,All causes,Rate,2008,47977.83484557492,54287.64677918948,42547.625112337395
DALYs (Disability-Adjusted Life Years),Bahrain,Both,Age-standardized,All causes,Rate,2010,31316.995374122973,34690.238460256376,28342.309141445876
DALYs (Disability-Adjusted Life Years),Comoros,Both,Age-standardized,All causes,Rate,2010,48993.603757490135,55767.85882223936,43099.938642670066
DALYs (Disability-Adjusted Life Years),Switzerland,Both,Age-standardized,All causes,Rate,2010,19434.996187576275,22766.216503608364,16614.701127875447
DALYs (Disability-Adjusted Life Years),Chad,Both,Age-standardized,All causes,Rate,2015,70020.28923986225,79692.2338283861,61919.66077269449
DALYs (Disability-Adjusted Life Years),Sao Tome and Principe,Both,Age-standardized,All causes,Rate,2010,40725.011730765895,45307.70735363815,36079.518923090545
DALYs (Disability-Adjusted Life Years),Mongolia,Both,Age-standardized,All causes,Rate,2013,41546.62454294446,45321.396749976964,38210.00457860936
DALYs (Disability-Adjusted Life Years),Libya,Both,Age-standardized,All causes,Rate,2011,37528.608139548654,41468.59968880654,33951.89831695637
DALYs (Disability-Adjusted Life Years),Northern Mariana Islands,Both,Age-standardized,All causes,Rate,2012,30285.45351641146,35084.01785263838,26616.371996008682
DALYs (Disability-Adjusted Life Years),Rwanda,Both,Age-standardized,All causes,Rate,2007,61272.974976257865,67113.31201473023,55598.5004549824
DALYs (Disability-Adjusted Life Years),Somalia,Both,Age-standardized,All causes,Rate,2014,79685.33452658387,92630.93822847708,67974.69781187573
DALYs (Disability-Adjusted Life Years),Marshall Islands,Both,Age-standardized,All causes,Rate,2009,55396.691887213376,61407.21219064966,50107.607570779976
DALYs (Disability-Adjusted Life Years),United Arab Emirates,Both,Age-standardized,All causes,Rate,2009,36278.02763056219,41241.63342448343,32304.648965101933
DALYs (Disability-Adjusted Life Years),Cyprus,Both,Age-standardized,All causes,Rate,2010,22115.796632366117,25477.49862523069,19585.311662595228
DALYs (Disability-Adjusted Life Years),Guyana,Both,Age-standardized,All causes,Rate,2010,47441.89080163841,51523.6603036282,43644.0680843868
DALYs (Disability-Adjusted Life Years),Ireland,Both,Age-standardized,All causes,Rate,2012,20939.665206168393,24289.58107313963,18118.03462430829
DALYs (Disability-Adjusted Life Years),Cook Islands,Both,Age-standardized,All causes,Rate,2011,27480.40337309638,31311.377821021346,24375.05535025865
DALYs (Disability-Adjusted Life Years),United Arab Emirates,Both,Age-standardized,All causes,Rate,2007,36608.28447793446,41073.054699890716,32712.763510634322
DALYs (Disability-Adjusted Life Years),Hungary,Both,Age-standardized,All causes,Rate,2009,28972.157504458162,32059.38578578002,26278.772712548925
DALYs (Disability-Adjusted Life Years),United States Virgin Islands,Both,Age-standardized,All causes,Rate,2009,28477.023200899104,32489.585781961927,25408.67270694641
DALYs (Disability-Adjusted Life Years),Jamaica,Both,Age-standardized,All causes,Rate,2009,30141.858367328827,33236.57197510657,27392.66519296838
DALYs (Disability-Adjusted Life Years),Indonesia,Both,Age-standardized,All causes,Rate,2008,40375.128234802716,44285.26481739346,37162.054492317286
DALYs (Disability-Adjusted Life Years),New Zealand,Both,Age-standardized,All causes,Rate,2012,21561.860123912098,24780.05132081043,18714.041674362496
DALYs (Disability-Adjusted Life Years),Slovakia,Both,Age-standardized,All causes,Rate,2008,27745.572924781016,30993.41904155679,25172.17062615157
DALYs (Disability-Adjusted Life Years),Australia,Both,Age-standardized,All causes,Rate,2008,21347.567265999587,24721.286841216977,18407.21786467441
DALYs (Disability-Adjusted Life Years),Lithuania,Both,Age-standardized,All causes,Rate,2007,36441.696443075736,39527.62872741472,33723.28776434811
DALYs (Disability-Adjusted Life Years),Iceland,Both,Age-standardized,All causes,Rate,2008,19508.298300929113,22538.226407967057,16829.11200074738
DALYs (Disability-Adjusted Life Years),Guatemala,Both,Age-standardized,All causes,Rate,2007,41155.40385148454,44779.798709478455,37959.851154905344
DALYs (Disability-Adjusted Life Years),Tonga,Both,Age-standardized,All causes,Rate,2012,32897.41389776331,37938.22115649986,28183.326050581258
DALYs (Disability-Adjusted Life Years),Hungary,Both,Age-standardized,All causes,Rate,2012,27182.086599335475,30308.362018121326,24589.83647886534
DALYs (Disability-Adjusted Life Years),Iraq,Both,Age-standardized,All causes,Rate,2008,41640.938747533946,48412.61931812853,35559.77821374049
DALYs (Disability-Adjusted Life Years),Türkiye,Both,Age-standardized,All causes,Rate,2008,27840.38872488197,31128.320687762367,24794.477232349247
DALYs (Disability-Adjusted Life Years),Ethiopia,Both,Age-standardized,All causes,Rate,2008,61084.20569192012,65630.72366996194,57117.72058348854
DALYs (Disability-Adjusted Life Years),Kazakhstan,Both,Age-standardized,All causes,Rate,2012,39240.94417799202,42556.895214779026,36381.926894986835
DALYs (Disability-Adjusted Life Years),Timor-Leste,Both,Age-standardized,All causes,Rate,2013,39409.20171330153,43557.72814673597,35170.932839099645
DALYs (Disability-Adjusted Life Years),Armenia,Both,Age-standardized,All causes,Rate,2013,27645.743402987537,30561.99678823086,25212.592293348756
DALYs (Disability-Adjusted Life Years),Myanmar,Both,Age-standardized,All causes,Rate,2015,43820.35401624511,49661.31293260018,38619.74427424511
DALYs (Disability-Adjusted Life Years),Montenegro,Both,Age-standardized,All causes,Rate,2013,26614.445164485678,29702.882720598023,24036.84503845813
DALYs (Disability-Adjusted Life Years),Russian Federation,Both,Age-standardized,All causes,Rate,2013,36245.769026626534,39502.833497552994,33465.74179685676
DALYs (Disability-Adjusted Life Years),Andorra,Both,Age-standardized,All causes,Rate,2013,19310.55881524979,22831.15048532794,16371.590509194228
DALYs (Disability-Adjusted Life Years),Italy,Both,Age-standardized,All causes,Rate,2013,18910.13941385435,22154.769061622963,16172.408373921682
DALYs (Disability-Adjusted Life Years),Namibia,Both,Age-standardized,All causes,Rate,2009,64990.4249353307,72501.03082048325,57911.14305651339
DALYs (Disability-Adjusted Life Years),Chile,Both,Age-standardized,All causes,Rate,2013,23340.774386582052,26542.310947007776,20568.117812311106
DALYs (Disability-Adjusted Life Years),Dominica,Both,Age-standardized,All causes,Rate,2013,33776.68667029266,37354.656362780195,30571.174398108593
DALYs (Disability-Adjusted Life Years),Kenya,Both,Age-standardized,All causes,Rate,2009,62895.47823087364,67220.38923797171,58569.32544675604
DALYs (Disability-Adjusted Life Years),Cameroon,Both,Age-standardized,All causes,Rate,2009,71773.92943566236,79521.93774414828,64214.40132716483
DALYs (Disability-Adjusted Life Years),Czechia,Both,Age-standardized,All causes,Rate,2008,24499.52634466814,27679.87021216214,21802.567540387387
DALYs (Disability-Adjusted Life Years),Niue,Both,Age-standardized,All causes,Rate,2009,38469.08977578144,44689.52553825305,33264.21963353396
DALYs (Disability-Adjusted Life Years),Ecuador,Both,Age-standardized,All causes,Rate,2013,28428.609292261826,31742.25416577985,25558.937216174087
DALYs (Disability-Adjusted Life Years),United Kingdom,Both,Age-standardized,All causes,Rate,2008,22315.25708107263,25655.93470458619,19503.02462597927
DALYs (Disability-Adjusted Life Years),Paraguay,Both,Age-standardized,All causes,Rate,2013,29661.188584885473,33603.012427643574,26682.522035224145
DALYs (Disability-Adjusted Life Years),Georgia,Both,Age-standardized,All causes,Rate,2009,33038.097401840874,35908.60062326091,30472.073149973934
DALYs (Disability-Adjusted Life Years),Morocco,Both,Age-standardized,All causes,Rate,2013,33649.00581797296,38877.71640792566,28787.83597519311
DALYs (Disability-Adjusted Life Years),Romania,Both,Age-standardized,All causes,Rate,2009,30574.848791473392,33733.12346343621,28026.900824578704
DALYs (Disability-Adjusted Life Years),Lithuania,Both,Age-standardized,All causes,Rate,2012,30322.793030140605,33398.89942515198,27603.282152573294
DALYs (Disability-Adjusted Life Years),Colombia,Both,Age-standardized,All causes,Rate,2012,25563.06822131878,28655.525222738655,22838.94955407512
DALYs (Disability-Adjusted Life Years),Panama,Both,Age-standardized,All causes,Rate,2012,25916.328077585094,29117.27666496864,23300.46899341856
DALYs (Disability-Adjusted Life Years),Angola,Both,Age-standardized,All causes,Rate,2012,61129.920801006454,69125.37938012257,53859.80810892741
DALYs (Disability-Adjusted Life Years),Malaysia,Both,Age-standardized,All causes,Rate,2013,27500.923236054703,30603.71422082995,24679.62767495357
DALYs (Disability-Adjusted Life Years),Micronesia (Federated States of),Both,Age-standardized,All causes,Rate,2013,45811.34296950674,53517.70895681478,39532.08189158254
DALYs (Disability-Adjusted Life Years),Kenya,Both,Age-standardized,All causes,Rate,2012,56405.94275666657,60503.26051066202,52227.90703947473
DALYs (Disability-Adjusted Life Years),North Macedonia,Both,Age-standardized,All causes,Rate,2013,30613.148261874972,33543.09369918514,27914.880344307563
DALYs (Disability-Adjusted Life Years),Nicaragua,Both,Age-standardized,All causes,Rate,2009,28760.430645474,32018.675525344865,25951.30334135115
DALYs (Disability-Adjusted Life Years),Ireland,Both,Age-standardized,All causes,Rate,2007,22338.120168450754,25765.187582566694,19519.950407262786
DALYs (Disability-Adjusted Life Years),Myanmar,Both,Age-standardized,All causes,Rate,2013,46242.107588303814,52391.90199252919,40920.78065041118
DALYs (Disability-Adjusted Life Years),Greece,Both,Age-standardized,All causes,Rate,2013,20979.381936735193,24233.849041016823,18188.775420380414
DALYs (Disability-Adjusted Life Years),Switzerland,Both,Age-standardized,All causes,Rate,2013,18901.12275181163,22141.70073550393,16098.78490730434
DALYs (Disability-Adjusted Life Years),Suriname,Both,Age-standardized,All causes,Rate,2013,34598.387163480074,38115.372726166366,31575.72120663073
DALYs (Disability-Adjusted Life Years),Republic of Moldova,Both,Age-standardized,All causes,Rate,2013,32232.213088641787,35273.85590742522,29650.776676938996
DALYs (Disability-Adjusted Life Years),Kuwait,Both,Age-standardized,All causes,Rate,2009,23933.842673152827,27256.103786149106,21159.712613477015
DALYs (Disability-Adjusted Life Years),United Republic of Tanzania,Both,Age-standardized,All causes,Rate,2009,63298.500946123684,69354.97584357057,58487.103188323345
DALYs (Disability-Adjusted Life Years),Samoa,Both,Age-standardized,All causes,Rate,2010,35925.60377592147,40468.34100115943,31540.978049409885
DALYs (Disability-Adjusted Life Years),Saudi Arabia,Both,Age-standardized,All causes,Rate,2010,34843.8823180721,38549.265329892354,31642.86372228995
DALYs (Disability-Adjusted Life Years),Armenia,Both,Age-standardized,All causes,Rate,2011,29172.750691459332,32122.123252962752,26655.936044040827
DALYs (Disability-Adjusted Life Years),Mozambique,Both,Age-standardized,All causes,Rate,2013,83518.77854152748,91714.87943740908,75590.73111603825
DALYs (Disability-Adjusted Life Years),Timor-Leste,Both,Age-standardized,All causes,Rate,2011,40200.755494397024,44660.13561767577,36012.02002668019
DALYs (Disability-Adjusted Life Years),Chile,Both,Age-standardized,All causes,Rate,2008,24266.551416436392,27510.540560301844,21452.47130716149
DALYs (Disability-Adjusted Life Years),Eswatini,Both,Age-standardized,All causes,Rate,2013,99690.11737965448,114705.55302213645,85726.66299797875
DALYs (Disability-Adjusted Life Years),Ecuador,Both,Age-standardized,All causes,Rate,2011,29768.22471965895,32944.33862988538,26766.815585335968
DALYs (Disability-Adjusted Life Years),Slovenia,Both,Age-standardized,All causes,Rate,2011,21331.58696206985,24529.93965593819,18625.4264122968
DALYs (Disability-Adjusted Life Years),Tunisia,Both,Age-standardized,All causes,Rate,2010,27799.136379701446,33276.363411523445,23147.754249962178
DALYs (Disability-Adjusted Life Years),Albania,Both,Age-standardized,All causes,Rate,2011,24422.12669887914,28009.601659736127,21419.851534956375
DALYs (Disability-Adjusted Life Years),Italy,Both,Age-standardized,All causes,Rate,2008,20025.94941133201,23297.04554499574,17243.885736248703
DALYs (Disability-Adjusted Life Years),Ecuador,Both,Age-standardized,All causes,Rate,2008,32222.981244232134,35684.32817994238,29420.86997220687
DALYs (Disability-Adjusted Life Years),Eritrea,Both,Age-standardized,All causes,Rate,2010,65829.38733193048,77018.40956721443,55809.59173737688
DALYs (Disability-Adjusted Life Years),Kyrgyzstan,Both,Age-standardized,All causes,Rate,2013,35134.30019710062,38286.04883260796,32325.4921370028
DALYs (Disability-Adjusted Life Years),Taiwan (Province of China),Both,Age-standardized,All causes,Rate,2013,20499.55579360287,23173.213358519486,18197.929769010003
DALYs (Disability-Adjusted Life Years),Angola,Both,Age-standardized,All causes,Rate,2009,66911.33288858751,75044.20241705769,60131.99460326963
DALYs (Disability-Adjusted Life Years),Bahamas,Both,Age-standardized,All causes,Rate,2013,32463.870245733877,35991.7003040314,29401.67725651832
DALYs (Disability-Adjusted Life Years),San Marino,Both,Age-standardized,All causes,Rate,2012,18259.861415935884,21498.089747814764,15523.941429453342
DALYs (Disability-Adjusted Life Years),Cook Islands,Both,Age-standardized,All causes,Rate,2012,27320.596517724378,31068.433114004518,24250.030877005338
DALYs (Disability-Adjusted Life Years),Iran (Islamic Republic of),Both,Age-standardized,All causes,Rate,2013,28909.311861769587,32309.93850526519,25983.929737503266
DALYs (Disability-Adjusted Life Years),Belgium,Both,Age-standardized,All causes,Rate,2011,21783.52535612269,25217.279401006937,18899.064735472282
DALYs (Disability-Adjusted Life Years),Afghanistan,Both,Age-standardized,All causes,Rate,2010,67838.69329811599,76995.12716694102,59032.07562185035
DALYs (Disability-Adjusted Life Years),Tunisia,Both,Age-standardized,All causes,Rate,2008,28326.050812099686,33687.804579910684,23741.110314651887
DALYs (Disability-Adjusted Life Years),Norway,Both,Age-standardized,All causes,Rate,2006,21153.056778211212,24438.133949880015,18412.371529288448
DALYs (Disability-Adjusted Life Years),Seychelles,Both,Age-standardized,All causes,Rate,2010,30781.04080530164,33871.00509355108,28133.490915509956
DALYs (Disability-Adjusted Life Years),Kuwait,Both,Age-standardized,All causes,Rate,2008,24800.275084181932,28048.800919897483,22088.92407770764
DALYs (Disability-Adjusted Life Years),Nepal,Both,Age-standardized,All causes,Rate,2008,43623.01697847861,48844.60336619223,39594.1030271301
DALYs (Disability-Adjusted Life Years),Tokelau,Both,Age-standardized,All causes,Rate,2008,35329.63104721958,42143.62320467567,30001.49327114764
DALYs (Disability-Adjusted Life Years),Belgium,Both,Age-standardized,All causes,Rate,2012,21638.78142359415,25045.041401083596,18796.136254700792
DALYs (Disability-Adjusted Life Years),Malta,Both,Age-standardized,All causes,Rate,2012,19968.476209588298,23152.636012900624,17322.02420804133
DALYs (Disability-Adjusted Life Years),Georgia,Both,Age-standardized,All causes,Rate,2006,31754.8695727985,34671.7034128524,29131.520259656852
DALYs (Disability-Adjusted Life Years),Nauru,Both,Age-standardized,All causes,Rate,2006,71197.37141422907,80131.54059457015,62481.23030458865
DALYs (Disability-Adjusted Life Years),Cuba,Both,Age-standardized,All causes,Rate,2008,23418.620878300128,26464.78068245477,20807.59649193094
DALYs (Disability-Adjusted Life Years),Brazil,Both,Age-standardized,All causes,Rate,2015,30749.698405828683,34366.765944762876,27606.863018388027
DALYs (Disability-Adjusted Life Years),Grenada,Both,Age-standardized,All causes,Rate,2012,31723.992866204808,35194.42417049588,28693.21939210835
DALYs (Disability-Adjusted Life Years),Hungary,Both,Age-standardized,All causes,Rate,2010,28240.24713524075,31421.225728946618,25590.04437133115
DALYs (Disability-Adjusted Life Years),Chad,Both,Age-standardized,All causes,Rate,2013,72410.08055008644,80475.40463873005,64972.055536092776
DALYs (Disability-Adjusted Life Years),Cabo Verde,Both,Age-standardized,All causes,Rate,2010,31823.53965300277,35697.80983915755,28225.720545532084
DALYs (Disability-Adjusted Life Years),Paraguay,Both,Age-standardized,All causes,Rate,2011,29864.681250899263,33520.91080219753,26526.685065991496
DALYs (Disability-Adjusted Life Years),Grenada,Both,Age-standardized,All causes,Rate,2011,32319.69102508835,35824.23188422762,29366.95128866197
DALYs (Disability-Adjusted Life Years),Suriname,Both,Age-standardized,All causes,Rate,2008,36920.44726890722,40121.706375123,33797.73101184835
DALYs (Disability-Adjusted Life Years),Iraq,Both,Age-standardized,All causes,Rate,2011,37512.55247066684,43892.44856946586,31813.063435980115
DALYs (Disability-Adjusted Life Years),Zambia,Both,Age-standardized,All causes,Rate,2010,74328.56704106904,82474.6522787246,67725.366508012
DALYs (Disability-Adjusted Life Years),Lao People's Democratic Republic,Both,Age-standardized,All causes,Rate,2010,50473.059331436,57013.613714708066,44797.735469342835
DALYs (Disability-Adjusted Life Years),Puerto Rico,Both,Age-standardized,All causes,Rate,2010,24193.037259590597,27471.61824811156,21481.122428766055
DALYs (Disability-Adjusted Life Years),Kazakhstan,Both,Age-standardized,All causes,Rate,2010,42066.005017366886,45246.620573268934,39127.165206525424
DALYs (Disability-Adjusted Life Years),Madagascar,Both,Age-standardized,All causes,Rate,2008,60533.57233745274,67764.42461051284,53620.95014124958
DALYs (Disability-Adjusted Life Years),Nauru,Both,Age-standardized,All causes,Rate,2008,70066.71068379893,79028.32081870479,61672.14172055573
DALYs (Disability-Adjusted Life Years),Namibia,Both,Age-standardized,All causes,Rate,2010,63064.475639652526,70984.17930383756,56112.50751681618
DALYs (Disability-Adjusted Life Years),Madagascar,Both,Age-standardized,All causes,Rate,2009,60033.91734696959,67594.47164282137,53254.69560317284
DALYs (Disability-Adjusted Life Years),Singapore,Both,Age-standardized,All causes,Rate,2011,16819.836459617345,19485.19706521352,14567.3447643173
DALYs (Disability-Adjusted Life Years),Austria,Both,Age-standardized,All causes,Rate,2013,20244.53390568854,23313.451252939707,17525.80371250233
DALYs (Disability-Adjusted Life Years),Burkina Faso,Both,Age-standardized,All causes,Rate,2010,72154.52516088217,79616.49502335172,65670.12953756152
DALYs (Disability-Adjusted Life Years),Zambia,Both,Age-standardized,All causes,Rate,2008,81468.90247611575,89687.23613792301,74385.05577624287
DALYs (Disability-Adjusted Life Years),Bangladesh,Both,Age-standardized,All causes,Rate,2015,35058.73841479898,39794.03332255104,31218.184576329044
DALYs (Disability-Adjusted Life Years),Niger,Both,Age-standardized,All causes,Rate,2010,64559.61460440501,73563.01087098225,56071.85860302535
DALYs (Disability-Adjusted Life Years),Tunisia,Both,Age-standardized,All causes,Rate,2013,26851.72371893226,32286.79305498949,22607.80062858038
DALYs (Disability-Adjusted Life Years),Bermuda,Both,Age-standardized,All causes,Rate,2010,20540.490501453973,23702.008199876545,17963.609418122396
DALYs (Disability-Adjusted Life Years),Ethiopia,Both,Age-standardized,All causes,Rate,2011,53331.868906355936,57929.627268478864,49599.87033677243
DALYs (Disability-Adjusted Life Years),Democratic Republic of the Congo,Both,Age-standardized,All causes,Rate,2013,65677.2687341054,74138.02339991678,58568.90704380339
DALYs (Disability-Adjusted Life Years),Nauru,Both,Age-standardized,All causes,Rate,2010,68137.17567956244,77136.94967838399,59376.65981422811
DALYs (Disability-Adjusted Life Years),Mali,Both,Age-standardized,All causes,Rate,2011,69633.61763507486,76125.23817791104,63867.77360058313
DALYs (Disability-Adjusted Life Years),Sri Lanka,Both,Age-standardized,All causes,Rate,2013,26926.337903967207,30162.14402181781,24275.832516824965
DALYs (Disability-Adjusted Life Years),South Sudan,Both,Age-standardized,All causes,Rate,2010,72182.90394061904,84417.79733644334,60893.284180463095
DALYs (Disability-Adjusted Life Years),Eritrea,Both,Age-standardized,All causes,Rate,2013,61523.5846113041,72049.07379163288,52032.20132289599
DALYs (Disability-Adjusted Life Years),Morocco,Both,Age-standardized,All causes,Rate,2010,35114.38803333186,40630.59332547861,30174.617261804095
DALYs (Disability-Adjusted Life Years),Antigua and Barbuda,Both,Age-standardized,All causes,Rate,2012,27518.92060332518,30837.11477747892,24714.692309726455
DALYs (Disability-Adjusted Life Years),Zambia,Both,Age-standardized,All causes,Rate,2013,66718.1601150722,75190.64820453622,59444.94781061964
DALYs (Disability-Adjusted Life Years),Tonga,Both,Age-standardized,All causes,Rate,2013,32671.0966801702,37498.332485047526,28045.572546287356
DALYs (Disability-Adjusted Life Years),Tuvalu,Both,Age-standardized,All causes,Rate,2012,44700.328932771874,50807.68377640923,39000.47853900544
DALYs (Disability-Adjusted Life Years),Malawi,Both,Age-standardized,All causes,Rate,2013,64658.28898951219,71152.94047571403,59183.9412257661
DALYs (Disability-Adjusted Life Years),Namibia,Both,Age-standardized,All causes,Rate,2013,57040.77327727607,64576.37083509141,49790.79175111111
DALYs (Disability-Adjusted Life Years),Marshall Islands,Both,Age-standardized,All causes,Rate,2010,54888.792213211,61045.37077532068,48974.9270672696
DALYs (Disability-Adjusted Life Years),Uzbekistan,Both,Age-standardized,All causes,Rate,2013,35418.89554414298,38687.36344112347,32475.901500058346
DALYs (Disability-Adjusted Life Years),Saudi Arabia,Both,Age-standardized,All causes,Rate,2008,35836.54757329391,39782.931939248454,32475.371164874934
DALYs (Disability-Adjusted Life Years),Greece,Both,Age-standardized,All causes,Rate,2008,22039.2798882964,25345.656847793023,19280.286727364753
DALYs (Disability-Adjusted Life Years),Switzerland,Both,Age-standardized,All causes,Rate,2008,19799.46815442031,23177.87636635321,16984.831105421643
DALYs (Disability-Adjusted Life Years),Yemen,Both,Age-standardized,All causes,Rate,2011,45747.4577350948,53552.374042914016,38819.663199718954
DALYs (Disability-Adjusted Life Years),Niger,Both,Age-standardized,All causes,Rate,2008,66552.83960315818,75223.45484249982,58604.50116116702
DALYs (Disability-Adjusted Life Years),Eritrea,Both,Age-standardized,All causes,Rate,2008,68271.43144590157,79652.03184599451,58196.522538399906
DALYs (Disability-Adjusted Life Years),Malaysia,Both,Age-standardized,All causes,Rate,2011,28332.782515526746,31489.07517933437,25323.68456774154
DALYs (Disability-Adjusted Life Years),Micronesia (Federated States of),Both,Age-standardized,All causes,Rate,2011,46389.54939223873,53879.47691144344,40228.19766806627
DALYs (Disability-Adjusted Life Years),Serbia,Both,Age-standardized,All causes,Rate,2013,26847.675898753747,29847.833102644185,24308.603604625856
DALYs (Disability-Adjusted Life Years),Tajikistan,Both,Age-standardized,All causes,Rate,2011,37711.903701286246,41359.28817075602,34520.27496574751
DALYs (Disability-Adjusted Life Years),Benin,Both,Age-standardized,All causes,Rate,2007,65399.11041418436,71661.91380264322,59867.259924340164
DALYs (Disability-Adjusted Life Years),Central African Republic,Both,Age-standardized,All causes,Rate,2011,105583.72075023051,120619.27337886216,91399.64261108548
DALYs (Disability-Adjusted Life Years),Ukraine,Both,Age-standardized,All causes,Rate,2011,34990.05070716185,38215.64999394156,32255.513605389875
DALYs (Disability-Adjusted Life Years),Austria,Both,Age-standardized,All causes,Rate,2011,20716.04903813572,23840.95144256003,17980.19427233304
DALYs (Disability-Adjusted Life Years),Cyprus,Both,Age-standardized,All causes,Rate,2013,21094.796847362042,24337.537994109593,18473.700587752217
DALYs (Disability-Adjusted Life Years),Egypt,Both,Age-standardized,All causes,Rate,2016,39173.98263686055,42375.49817179132,36329.638025132524
DALYs (Disability-Adjusted Life Years),Ghana,Both,Age-standardized,All causes,Rate,2013,54569.17230737678,60589.292570992526,49053.34911539958
DALYs (Disability-Adjusted Life Years),Bangladesh,Both,Age-standardized,All causes,Rate,2013,36491.1726269225,40651.6862638296,33106.25608253277
DALYs (Disability-Adjusted Life Years),Greece,Both,Age-standardized,All causes,Rate,2011,21537.766323632783,24848.968833963136,18770.619424476314
DALYs (Disability-Adjusted Life Years),Dominican Republic,Both,Age-standardized,All causes,Rate,2011,32594.441324799423,36649.282386916704,28607.086118013423
DALYs (Disability-Adjusted Life Years),Myanmar,Both,Age-standardized,All causes,Rate,2011,49365.818491282356,55697.823919466406,43679.23000911208
DALYs (Disability-Adjusted Life Years),Pakistan,Both,Age-standardized,All causes,Rate,2016,48972.267784744654,54395.13007934534,43633.744023563515
DALYs (Disability-Adjusted Life Years),Kiribati,Both,Age-standardized,All causes,Rate,2007,58482.14130772062,67021.36467185497,50401.556331968764
DALYs (Disability-Adjusted Life Years),Somalia,Both,Age-standardized,All causes,Rate,2013,81402.51107785257,94137.73555263969,69345.73827996939
DALYs (Disability-Adjusted Life Years),Eritrea,Both,Age-standardized,All causes,Rate,2011,64247.834812519686,75048.04131486101,54344.848228379706
DALYs (Disability-Adjusted Life Years),Libya,Both,Age-standardized,All causes,Rate,2012,32695.423500969635,36576.340308316394,29099.499169289822
DALYs (Disability-Adjusted Life Years),India,Both,Age-standardized,All causes,Rate,2011,45160.30710708403,49516.96286023915,41722.188560667986
DALYs (Disability-Adjusted Life Years),Slovenia,Both,Age-standardized,All causes,Rate,2010,21784.510008604528,24985.272361356543,19129.77759984984
DALYs (Disability-Adjusted Life Years),Syrian Arab Republic,Both,Age-standardized,All causes,Rate,2016,58158.46225700805,64543.34582740903,52902.798707074806
DALYs (Disability-Adjusted Life Years),Guam,Both,Age-standardized,All causes,Rate,2013,26172.7681869813,29103.845336855582,23808.105988819865
DALYs (Disability-Adjusted Life Years),Tuvalu,Both,Age-standardized,All causes,Rate,2013,44422.15691356206,50386.11467963397,38582.83375401777
DALYs (Disability-Adjusted Life Years),Iraq,Both,Age-standardized,All causes,Rate,2016,38612.7126653248,45030.18911016145,33618.02390230915
DALYs (Disability-Adjusted Life Years),Chad,Both,Age-standardized,All causes,Rate,2016,68856.55141815862,78998.42203949807,60125.11196897479
DALYs (Disability-Adjusted Life Years),Cambodia,Both,Age-standardized,All causes,Rate,2013,43106.90138313975,48479.901913319554,38226.871225839845
DALYs (Disability-Adjusted Life Years),Japan,Both,Age-standardized,All causes,Rate,2013,17127.172106030303,19967.008957390077,14741.034384423141
DALYs (Disability-Adjusted Life Years),Guyana,Both,Age-standardized,All causes,Rate,2013,46714.74305863791,51272.78161791235,42336.659725957485
DALYs (Disability-Adjusted Life Years),Guyana,Both,Age-standardized,All causes,Rate,2011,47451.80831270504,51739.88478079238,43564.23930952832
DALYs (Disability-Adjusted Life Years),Türkiye,Both,Age-standardized,All causes,Rate,2016,26914.312760904595,30162.751278079137,23964.107501217637
DALYs (Disability-Adjusted Life Years),Kiribati,Both,Age-standardized,All causes,Rate,2006,59002.28413484617,67632.13685315794,51217.836187323206
DALYs (Disability-Adjusted Life Years),Bahrain,Both,Age-standardized,All causes,Rate,2006,35499.81744894427,38780.21503218304,32513.538209452152
DALYs (Disability-Adjusted Life Years),Netherlands,Both,Age-standardized,All causes,Rate,2013,19587.58326021972,22634.747834266505,16936.847626278246
DALYs (Disability-Adjusted Life Years),Equatorial Guinea,Both,Age-standardized,All causes,Rate,2016,53248.277656944156,65259.40253249623,43285.00953034592
DALYs (Disability-Adjusted Life Years),Saudi Arabia,Both,Age-standardized,All causes,Rate,2006,36398.15339881705,40251.70459735441,32972.65922834708
DALYs (Disability-Adjusted Life Years),South Sudan,Both,Age-standardized,All causes,Rate,2006,76200.11441256182,86847.37936525428,65368.44338952261
DALYs (Disability-Adjusted Life Years),Sao Tome and Principe,Both,Age-standardized,All causes,Rate,2013,39096.41282282484,43733.76355689369,34393.46008281215
DALYs (Disability-Adjusted Life Years),Cabo Verde,Both,Age-standardized,All causes,Rate,2013,30838.12542663836,34604.28857915036,27198.154949616925
DALYs (Disability-Adjusted Life Years),Switzerland,Both,Age-standardized,All causes,Rate,2011,19206.550345637635,22503.867132979147,16386.832487395768
DALYs (Disability-Adjusted Life Years),Suriname,Both,Age-standardized,All causes,Rate,2011,34941.53863340788,38394.24706574842,31666.506722333565
DALYs (Disability-Adjusted Life Years),American Samoa,Both,Age-standardized,All causes,Rate,2013,36333.94376356405,40497.802944383955,32939.795960342686
DALYs (Disability-Adjusted Life Years),Bosnia and Herzegovina,Both,Age-standardized,All causes,Rate,2008,25374.555667523084,28452.765426726102,22737.725604167146
DALYs (Disability-Adjusted Life Years),Cabo Verde,Both,Age-standardized,All causes,Rate,2008,32827.1721675752,37399.8812740632,29109.64913140638
DALYs (Disability-Adjusted Life Years),North Macedonia,Both,Age-standardized,All causes,Rate,2011,31179.768242603197,34145.133526849386,28484.957713695512
DALYs (Disability-Adjusted Life Years),Republic of Korea,Both,Age-standardized,All causes,Rate,2008,20762.508099503295,23649.10417492879,18316.78988211681
DALYs (Disability-Adjusted Life Years),Sao Tome and Principe,Both,Age-standardized,All causes,Rate,2008,43531.151940872645,48257.61026222333,39026.84597897043
DALYs (Disability-Adjusted Life Years),Tunisia,Both,Age-standardized,All causes,Rate,2011,27520.711990658143,32977.60468678946,23116.619462217142
DALYs (Disability-Adjusted Life Years),Angola,Both,Age-standardized,All causes,Rate,2010,64714.80591518074,72984.59899767362,57750.663391084745
DALYs (Disability-Adjusted Life Years),Kenya,Both,Age-standardized,All causes,Rate,2010,60539.27713429713,64900.42067606912,56818.89217302125
DALYs (Disability-Adjusted Life Years),Morocco,Both,Age-standardized,All causes,Rate,2016,32391.873119069907,37551.216929473056,27994.321846264873
DALYs (Disability-Adjusted Life Years),Nepal,Both,Age-standardized,All causes,Rate,2009,42915.2582333769,48780.53775680771,38753.03984359308
DALYs (Disability-Adjusted Life Years),Afghanistan,Both,Age-standardized,All causes,Rate,2016,63697.65897815607,72740.95224730908,55841.68989713354
DALYs (Disability-Adjusted Life Years),Colombia,Both,Age-standardized,All causes,Rate,2010,26946.20339332723,30151.277067738898,24278.88607915196
DALYs (Disability-Adjusted Life Years),Panama,Both,Age-standardized,All causes,Rate,2010,26035.84859050309,29270.54100271632,23275.908268829455
DALYs (Disability-Adjusted Life Years),Jordan,Both,Age-standardized,All causes,Rate,2010,26367.613036148407,29910.72278785472,23456.072044782562
DALYs (Disability-Adjusted Life Years),United States Virgin Islands,Both,Age-standardized,All causes,Rate,2008,28576.335207760978,32446.4793185188,25452.316596961784
DALYs (Disability-Adjusted Life Years),United Arab Emirates,Both,Age-standardized,All causes,Rate,2010,33827.6492726234,39119.520294497845,29986.78420587749
DALYs (Disability-Adjusted Life Years),Cameroon,Both,Age-standardized,All causes,Rate,2010,70264.94211696682,78206.59336147817,62399.24486601187
DALYs (Disability-Adjusted Life Years),China,Both,Age-standardized,All causes,Rate,2011,26745.71680763339,29648.515248321495,24110.429761921576
DALYs (Disability-Adjusted Life Years),Indonesia,Both,Age-standardized,All causes,Rate,2011,38641.5059655301,42379.45140345333,35091.262377840474
DALYs (Disability-Adjusted Life Years),Namibia,Both,Age-standardized,All causes,Rate,2011,60846.063131194795,68827.9226139366,53549.709448146554
DALYs (Disability-Adjusted Life Years),Kiribati,Both,Age-standardized,All causes,Rate,2011,57378.124623068674,65688.35318367714,49417.29241492688
DALYs (Disability-Adjusted Life Years),Eswatini,Both,Age-standardized,All causes,Rate,2011,107815.3003994373,123403.24702873948,94536.5307678308
DALYs (Disability-Adjusted Life Years),Belgium,Both,Age-standardized,All causes,Rate,2009,22169.85046616362,25641.467350874398,19300.35861148471
DALYs (Disability-Adjusted Life Years),Russian Federation,Both,Age-standardized,All causes,Rate,2009,40898.14249145658,44224.3952574827,38137.78969963628
DALYs (Disability-Adjusted Life Years),Tuvalu,Both,Age-standardized,All causes,Rate,2011,44958.652206486586,51244.20110117704,39214.67955667691
DALYs (Disability-Adjusted Life Years),Malta,Both,Age-standardized,All causes,Rate,2009,20515.449350366453,23778.204081415453,18047.452163045287
DALYs (Disability-Adjusted Life Years),Belize,Both,Age-standardized,All causes,Rate,2013,31426.96748208889,34685.09659659912,28622.17322321894
DALYs (Disability-Adjusted Life Years),Switzerland,Both,Age-standardized,All causes,Rate,2009,19711.586215956973,23073.348429527152,16896.459158153742
DALYs (Disability-Adjusted Life Years),Colombia,Both,Age-standardized,All causes,Rate,2013,25155.165327434563,28308.76955469456,22486.598034278817
DALYs (Disability-Adjusted Life Years),Algeria,Both,Age-standardized,All causes,Rate,2013,29109.33527397135,32611.15185987228,26273.55716654109
DALYs (Disability-Adjusted Life Years),Northern Mariana Islands,Both,Age-standardized,All causes,Rate,2013,30476.52712775833,35139.57769093955,26673.888116751034
DALYs (Disability-Adjusted Life Years),Lebanon,Both,Age-standardized,All causes,Rate,2013,25251.56355862257,28862.030009639828,22134.24547904083
DALYs (Disability-Adjusted Life Years),Zambia,Both,Age-standardized,All causes,Rate,2011,71867.34926298849,79953.4541457563,65188.01287133007
DALYs (Disability-Adjusted Life Years),Uruguay,Both,Age-standardized,All causes,Rate,2014,25996.280688393897,29088.835173887062,23376.837819929697
DALYs (Disability-Adjusted Life Years),Venezuela (Bolivarian Republic of),Both,Age-standardized,All causes,Rate,2008,31133.696126091527,34356.81510202697,28433.07531166479
DALYs (Disability-Adjusted Life Years),Gabon,Both,Age-standardized,All causes,Rate,2012,55365.02716729343,63863.85218528787,47955.60303706021
DALYs (Disability-Adjusted Life Years),Mauritius,Both,Age-standardized,All causes,Rate,2012,29634.808278035984,32963.93899063996,26844.412443934234
DALYs (Disability-Adjusted Life Years),Lithuania,Both,Age-standardized,All causes,Rate,2010,31702.253473589863,34891.89766235283,29030.33430144404
DALYs (Disability-Adjusted Life Years),Dominican Republic,Both,Age-standardized,All causes,Rate,2014,33659.59148238806,37207.04613956891,30545.73730813448
DALYs (Disability-Adjusted Life Years),Greece,Both,Age-standardized,All causes,Rate,2009,21918.75651343786,25229.16045173127,19136.851403715165
DALYs (Disability-Adjusted Life Years),Timor-Leste,Both,Age-standardized,All causes,Rate,2014,39214.75443559056,43726.997275103895,34880.97262485532
DALYs (Disability-Adjusted Life Years),Georgia,Both,Age-standardized,All causes,Rate,2011,31763.777114493274,34805.35742768491,29141.870023504478
DALYs (Disability-Adjusted Life Years),Czechia,Both,Age-standardized,All causes,Rate,2011,23538.297734417,26644.50680989031,20783.579620305347
DALYs (Disability-Adjusted Life Years),Belgium,Both,Age-standardized,All causes,Rate,2014,20923.627040066214,24281.110975062293,18051.521891590688
DALYs (Disability-Adjusted Life Years),Grenada,Both,Age-standardized,All causes,Rate,2014,32001.972265901535,35649.67069531725,29043.474291956056
DALYs (Disability-Adjusted Life Years),Puerto Rico,Both,Age-standardized,All causes,Rate,2011,24727.476433090706,28113.044299261503,21970.672526071998
DALYs (Disability-Adjusted Life Years),Democratic People's Republic of Korea,Both,Age-standardized,All causes,Rate,2014,32565.641866129714,38139.040734416696,28060.751724129772
DALYs (Disability-Adjusted Life Years),Latvia,Both,Age-standardized,All causes,Rate,2011,29920.316950769255,32965.87445739034,27329.313610582372
DALYs (Disability-Adjusted Life Years),Australia,Both,Age-standardized,All causes,Rate,2011,20732.05467805252,24064.50282997773,17815.736715574145
DALYs (Disability-Adjusted Life Years),Brazil,Both,Age-standardized,All causes,Rate,2016,30691.86802130716,34278.38239290546,27637.098912616715
DALYs (Disability-Adjusted Life Years),Sierra Leone,Both,Age-standardized,All causes,Rate,2012,74204.91651012696,83490.46774299098,65714.75343335925
DALYs (Disability-Adjusted Life Years),India,Both,Age-standardized,All causes,Rate,2013,43944.88258988046,47945.36241804963,40298.847102683525
DALYs (Disability-Adjusted Life Years),Panama,Both,Age-standardized,All causes,Rate,2009,26269.406023026237,29394.899848634497,23558.4769124096
DALYs (Disability-Adjusted Life Years),Lebanon,Both,Age-standardized,All causes,Rate,2009,26192.22548410801,29713.163467759477,22972.820673214144
DALYs (Disability-Adjusted Life Years),Congo,Both,Age-standardized,All causes,Rate,2013,60196.30610702261,68553.77716729711,52967.784676702766
DALYs (Disability-Adjusted Life Years),Bolivia (Plurinational State of),Both,Age-standardized,All causes,Rate,2008,40283.329523628236,44975.90907277046,35331.67974181673
DALYs (Disability-Adjusted Life Years),Indonesia,Both,Age-standardized,All causes,Rate,2009,39952.32986246983,43573.11317256117,36414.14282544683
DALYs (Disability-Adjusted Life Years),Bangladesh,Both,Age-standardized,All causes,Rate,2016,34606.6322455335,39404.80157927855,30537.413575900595
DALYs (Disability-Adjusted Life Years),Kiribati,Both,Age-standardized,All causes,Rate,2009,57806.86538110973,66693.24422007003,50003.85527153667
DALYs (Disability-Adjusted Life Years),Saudi Arabia,Both,Age-standardized,All causes,Rate,2009,35407.56284348263,39298.53909338855,32105.55325730523
DALYs (Disability-Adjusted Life Years),Kazakhstan,Both,Age-standardized,All causes,Rate,2008,44919.296225860664,48097.06338719942,41826.682342858956
DALYs (Disability-Adjusted Life Years),Hungary,Both,Age-standardized,All causes,Rate,2008,29350.721365063175,32525.655663657093,26658.76509164455
DALYs (Disability-Adjusted Life Years),Lithuania,Both,Age-standardized,All causes,Rate,2008,34908.28157237044,38009.955636249,32136.834039704743
DALYs (Disability-Adjusted Life Years),Ireland,Both,Age-standardized,All causes,Rate,2008,22165.116087077746,25501.01226356601,19332.84925353364
DALYs (Disability-Adjusted Life Years),Lebanon,Both,Age-standardized,All causes,Rate,2008,26666.24976243657,30200.758460776105,23420.037118492044
DALYs (Disability-Adjusted Life Years),Iceland,Both,Age-standardized,All causes,Rate,2011,19155.067330670885,22313.232909510123,16520.833401334043
DALYs (Disability-Adjusted Life Years),Sao Tome and Principe,Both,Age-standardized,All causes,Rate,2014,38084.266198157864,42802.68806060132,33414.21894259703
DALYs (Disability-Adjusted Life Years),United Kingdom,Both,Age-standardized,All causes,Rate,2011,21286.498533063987,24621.260282207353,18470.506762557703
DALYs (Disability-Adjusted Life Years),Barbados,Both,Age-standardized,All causes,Rate,2011,27742.27437570705,31151.19110501582,24939.825590609205
DALYs (Disability-Adjusted Life Years),North Macedonia,Both,Age-standardized,All causes,Rate,2009,32836.40478327716,35732.01740147458,30083.915674143667
DALYs (Disability-Adjusted Life Years),Malaysia,Both,Age-standardized,All causes,Rate,2014,27749.859353011485,30790.703556933895,25179.22846498378
DALYs (Disability-Adjusted Life Years),Slovenia,Both,Age-standardized,All causes,Rate,2014,19945.51586906275,23122.60593101999,17400.513742576702
DALYs (Disability-Adjusted Life Years),Albania,Both,Age-standardized,All causes,Rate,2014,24269.62447577062,28004.303283888326,21597.846874406758
DALYs (Disability-Adjusted Life Years),Malta,Both,Age-standardized,All causes,Rate,2014,19558.771426725954,22745.143544893297,16954.22627872788
DALYs (Disability-Adjusted Life Years),Lesotho,Both,Age-standardized,All causes,Rate,2008,117309.27326456034,128960.35130248462,105862.25057712066
DALYs (Disability-Adjusted Life Years),Armenia,Both,Age-standardized,All causes,Rate,2014,27456.490842690957,30329.88103508576,25088.700357369133
DALYs (Disability-Adjusted Life Years),Singapore,Both,Age-standardized,All causes,Rate,2014,15997.95491738388,18770.549913409282,13797.008858469639
DALYs (Disability-Adjusted Life Years),Paraguay,Both,Age-standardized,All causes,Rate,2014,29253.227610244943,33194.33967509474,26030.615730313806
DALYs (Disability-Adjusted Life Years),Sweden,Both,Age-standardized,All causes,Rate,2011,18930.532301483396,22002.345790170548,16304.201309791011
DALYs (Disability-Adjusted Life Years),Antigua and Barbuda,Both,Age-standardized,All causes,Rate,2014,27569.454825396795,30806.681300688786,24667.743227577186
DALYs (Disability-Adjusted Life Years),Afghanistan,Both,Age-standardized,All causes,Rate,2009,69636.93072188803,78502.94139243712,61073.713670063
DALYs (Disability-Adjusted Life Years),Mozambique,Both,Age-standardized,All causes,Rate,2014,80688.01990440486,88862.98962795542,72270.11311607623
DALYs (Disability-Adjusted Life Years),Afghanistan,Both,Age-standardized,All causes,Rate,2014,63520.65534612948,72409.10261697137,54758.12748634017
DALYs (Disability-Adjusted Life Years),United States of America,Both,Age-standardized,All causes,Rate,2013,25169.044978396192,28645.891410711145,22155.54042786063
DALYs (Disability-Adjusted Life Years),Equatorial Guinea,Both,Age-standardized,All causes,Rate,2014,51303.60256729063,62041.32458420987,42291.190454342744
DALYs (Disability-Adjusted Life Years),Montenegro,Both,Age-standardized,All causes,Rate,2009,27190.010447460943,30291.19662441392,24594.494762870792
DALYs (Disability-Adjusted Life Years),Morocco,Both,Age-standardized,All causes,Rate,2014,33223.98355929935,38431.92027574457,28550.208047124248
DALYs (Disability-Adjusted Life Years),Grenada,Both,Age-standardized,All causes,Rate,2009,33836.594539641126,37292.368967804636,30949.911712772384
DALYs (Disability-Adjusted Life Years),Latvia,Both,Age-standardized,All causes,Rate,2009,31737.94477548198,34822.111995042855,29113.716341936823
DALYs (Disability-Adjusted Life Years),Eritrea,Both,Age-standardized,All causes,Rate,2009,66988.02308651863,78378.17007528554,57043.258803925775
DALYs (Disability-Adjusted Life Years),Zambia,Both,Age-standardized,All causes,Rate,2009,77045.75017657348,85310.58297698264,70341.11162400483
DALYs (Disability-Adjusted Life Years),Honduras,Both,Age-standardized,All causes,Rate,2014,38905.28189395167,44479.80437647223,34247.04724509749
DALYs (Disability-Adjusted Life Years),Australia,Both,Age-standardized,All causes,Rate,2009,21202.367706025634,24548.350886849374,18301.03093218859
DALYs (Disability-Adjusted Life Years),Marshall Islands,Both,Age-standardized,All causes,Rate,2008,55774.72145270228,61391.07237268713,50520.2314779996
DALYs (Disability-Adjusted Life Years),Sierra Leone,Both,Age-standardized,All causes,Rate,2009,81332.41333635754,89416.94727316858,74231.68993687276
DALYs (Disability-Adjusted Life Years),Cameroon,Both,Age-standardized,All causes,Rate,2008,73687.33244297335,81726.06224736753,66111.90243486859
DALYs (Disability-Adjusted Life Years),Nicaragua,Both,Age-standardized,All causes,Rate,2011,28179.923010604572,31558.860509264363,25353.839641834973
DALYs (Disability-Adjusted Life Years),Tunisia,Both,Age-standardized,All causes,Rate,2009,28039.469538219386,33305.017232236474,23473.39518915164
DALYs (Disability-Adjusted Life Years),Myanmar,Both,Age-standardized,All causes,Rate,2014,44801.527902189955,50994.23275463476,39729.959604651485
DALYs (Disability-Adjusted Life Years),Tajikistan,Both,Age-standardized,All causes,Rate,2012,36732.771883908004,40158.15214339888,33733.317377109095
DALYs (Disability-Adjusted Life Years),United Republic of Tanzania,Both,Age-standardized,All causes,Rate,2011,59769.95357179156,65380.128231591494,55204.028313481314
DALYs (Disability-Adjusted Life Years),Burkina Faso,Both,Age-standardized,All causes,Rate,2011,70980.68047687903,77878.66370434222,64144.2789506085
DALYs (Disability-Adjusted Life Years),Niue,Both,Age-standardized,All causes,Rate,2010,38095.20262392584,44217.20175940772,32969.215927564466
DALYs (Disability-Adjusted Life Years),North Macedonia,Both,Age-standardized,All causes,Rate,2012,31266.022849810128,34247.24566875868,28672.702689000194
DALYs (Disability-Adjusted Life Years),South Sudan,Both,Age-standardized,All causes,Rate,2011,72203.97092273479,84550.71941696883,60853.74545106364
DALYs (Disability-Adjusted Life Years),Lao People's Democratic Republic,Both,Age-standardized,All causes,Rate,2012,47320.018453167715,54058.90470125032,41479.71395458013
DALYs (Disability-Adjusted Life Years),Fiji,Both,Age-standardized,All causes,Rate,2012,43136.11850752925,46976.12778026389,39611.80945778358
DALYs (Disability-Adjusted Life Years),Lebanon,Both,Age-standardized,All causes,Rate,2012,25477.256668909515,29037.56015033651,22352.260715499015
DALYs (Disability-Adjusted Life Years),Cuba,Both,Age-standardized,All causes,Rate,2009,23414.930574347844,26520.05678623467,20845.646642963246
DALYs (Disability-Adjusted Life Years),Togo,Both,Age-standardized,All causes,Rate,2009,68861.02018130865,76530.24435818319,61610.614348245486
DALYs (Disability-Adjusted Life Years),Greenland,Both,Age-standardized,All causes,Rate,2009,35463.99766738831,39209.186269860176,32123.552955685074
DALYs (Disability-Adjusted Life Years),Albania,Both,Age-standardized,All causes,Rate,2012,24395.76180364218,28208.090966099702,21313.405559026614
DALYs (Disability-Adjusted Life Years),Somalia,Both,Age-standardized,All causes,Rate,2015,78392.12014481085,91252.43689488264,66872.96066009253
DALYs (Disability-Adjusted Life Years),Trinidad and Tobago,Both,Age-standardized,All causes,Rate,2011,31453.080442081216,34970.930809784244,28604.23658897121
DALYs (Disability-Adjusted Life Years),Kuwait,Both,Age-standardized,All causes,Rate,2011,21353.302779570247,24580.50183597442,18641.86107740925
DALYs (Disability-Adjusted Life Years),Madagascar,Both,Age-standardized,All causes,Rate,2011,58574.32680336927,66425.24382072648,51820.23295352085
DALYs (Disability-Adjusted Life Years),Niger,Both,Age-standardized,All causes,Rate,2011,63882.69356815401,72639.3806922523,55492.99283559737
DALYs (Disability-Adjusted Life Years),Slovenia,Both,Age-standardized,All causes,Rate,2012,21156.011254092962,24243.265996000384,18406.214193869764
DALYs (Disability-Adjusted Life Years),Eswatini,Both,Age-standardized,All causes,Rate,2014,94403.57102981166,108898.852077873,80428.30484058204
DALYs (Disability-Adjusted Life Years),Nauru,Both,Age-standardized,All causes,Rate,2011,66899.62569688601,76380.9375348052,58612.971344446
DALYs (Disability-Adjusted Life Years),Guam,Both,Age-standardized,All causes,Rate,2014,26792.561719530422,29943.69246083558,24287.309630799486
DALYs (Disability-Adjusted Life Years),Guinea-Bissau,Both,Age-standardized,All causes,Rate,2014,70128.96126198853,79214.36752141152,61273.91944700624
DALYs (Disability-Adjusted Life Years),Solomon Islands,Both,Age-standardized,All causes,Rate,2012,49569.880425463554,59207.98583901731,41838.781921100766
DALYs (Disability-Adjusted Life Years),Tuvalu,Both,Age-standardized,All causes,Rate,2014,44151.90523477304,50056.56473713005,38482.12964506641
DALYs (Disability-Adjusted Life Years),Micronesia (Federated States of),Both,Age-standardized,All causes,Rate,2012,46078.15663741905,53643.00044289372,39877.928098676064
DALYs (Disability-Adjusted Life Years),Cabo Verde,Both,Age-standardized,All causes,Rate,2009,32424.869369161148,36606.74245724494,28781.368740440805
DALYs (Disability-Adjusted Life Years),Taiwan (Province of China),Both,Age-standardized,All causes,Rate,2014,20540.346464875565,23229.21958971606,18270.717282068537
DALYs (Disability-Adjusted Life Years),Micronesia (Federated States of),Both,Age-standardized,All causes,Rate,2014,45579.14625701387,53315.09692913941,39429.198023153294
DALYs (Disability-Adjusted Life Years),Republic of Moldova,Both,Age-standardized,All causes,Rate,2014,32667.90125596478,35600.12109979501,30215.704497382667
DALYs (Disability-Adjusted Life Years),Kyrgyzstan,Both,Age-standardized,All causes,Rate,2014,34286.80622835064,37554.54589091928,31439.180851406112
DALYs (Disability-Adjusted Life Years),North Macedonia,Both,Age-standardized,All causes,Rate,2014,30470.8858074817,33517.56959821931,27842.150067002734
DALYs (Disability-Adjusted Life Years),American Samoa,Both,Age-standardized,All causes,Rate,2014,36082.28126722179,40553.43714735791,32639.255078201146
DALYs (Disability-Adjusted Life Years),Luxembourg,Both,Age-standardized,All causes,Rate,2014,19401.90494779042,22511.135883342802,16695.40957513902
DALYs (Disability-Adjusted Life Years),Sweden,Both,Age-standardized,All causes,Rate,2015,18582.869324426112,21649.583263031673,15947.69422791824
DALYs (Disability-Adjusted Life Years),Antigua and Barbuda,Both,Age-standardized,All causes,Rate,2015,27517.53876712627,30920.220952336673,24708.179119716417
DALYs (Disability-Adjusted Life Years),Honduras,Both,Age-standardized,All causes,Rate,2015,38812.09173394928,44449.135520719974,34151.73133608135
DALYs (Disability-Adjusted Life Years),Afghanistan,Both,Age-standardized,All causes,Rate,2012,64875.485234350526,73988.0351910674,55991.97411586554
DALYs (Disability-Adjusted Life Years),Morocco,Both,Age-standardized,All causes,Rate,2012,34112.558248417976,39791.910279492775,29392.14512125349
DALYs (Disability-Adjusted Life Years),United Kingdom,Both,Age-standardized,All causes,Rate,2007,22521.754954904023,25821.406114303103,19716.51422316591
DALYs (Disability-Adjusted Life Years),Timor-Leste,Both,Age-standardized,All causes,Rate,2012,39722.13166617947,44139.3175687351,35481.28736445435
DALYs (Disability-Adjusted Life Years),Trinidad and Tobago,Both,Age-standardized,All causes,Rate,2007,34011.477802381865,37330.13274258555,31158.243089751548
DALYs (Disability-Adjusted Life Years),Serbia,Both,Age-standardized,All causes,Rate,2014,26668.984394083454,29676.09525308321,24123.09203758566
DALYs (Disability-Adjusted Life Years),Japan,Both,Age-standardized,All causes,Rate,2014,16912.817845400397,19778.078825395733,14544.075215018176
DALYs (Disability-Adjusted Life Years),Guyana,Both,Age-standardized,All causes,Rate,2012,47573.740610647,51923.163316090984,43504.31280343609
DALYs (Disability-Adjusted Life Years),India,Both,Age-standardized,All causes,Rate,2012,44470.27378864693,48514.453121837854,41069.746339863785
DALYs (Disability-Adjusted Life Years),Côte d'Ivoire,Both,Age-standardized,All causes,Rate,2011,71535.41765818848,78823.34081664674,65397.33302796953
DALYs (Disability-Adjusted Life Years),Armenia,Both,Age-standardized,All causes,Rate,2012,28431.27483781321,31327.78229450779,26015.975369337506
DALYs (Disability-Adjusted Life Years),Namibia,Both,Age-standardized,All causes,Rate,2012,58133.59514744382,66095.20320556664,50784.597345599504
DALYs (Disability-Adjusted Life Years),Sierra Leone,Both,Age-standardized,All causes,Rate,2011,76478.17601895219,85792.17636513997,68060.9674840412
DALYs (Disability-Adjusted Life Years),Cook Islands,Both,Age-standardized,All causes,Rate,2013,27154.88487883681,30947.607848778658,24043.41820942611
DALYs (Disability-Adjusted Life Years),Saudi Arabia,Both,Age-standardized,All causes,Rate,2007,36196.792593321894,40078.40185046343,32779.290850782505
DALYs (Disability-Adjusted Life Years),Nepal,Both,Age-standardized,All causes,Rate,2007,44356.60137664284,49755.18468662749,40170.377996538205
DALYs (Disability-Adjusted Life Years),Djibouti,Both,Age-standardized,All causes,Rate,2013,51699.746915177144,61999.386929865526,43234.18761216836
DALYs (Disability-Adjusted Life Years),San Marino,Both,Age-standardized,All causes,Rate,2013,18198.85557661095,21407.56567113622,15409.990379287614
DALYs (Disability-Adjusted Life Years),United Republic of Tanzania,Both,Age-standardized,All causes,Rate,2007,67692.27997157484,73631.13454946612,62587.16872809812
DALYs (Disability-Adjusted Life Years),South Sudan,Both,Age-standardized,All causes,Rate,2007,74838.44034407391,85764.09575049349,63781.98128226702
DALYs (Disability-Adjusted Life Years),Senegal,Both,Age-standardized,All causes,Rate,2009,51060.73001552533,55944.44131757304,47128.78635818146
DALYs (Disability-Adjusted Life Years),Iceland,Both,Age-standardized,All causes,Rate,2009,19390.169209197757,22464.346426936914,16778.085458672613
DALYs (Disability-Adjusted Life Years),United Kingdom,Both,Age-standardized,All causes,Rate,2009,21940.812482430465,25294.63461945914,19137.264691262677
DALYs (Disability-Adjusted Life Years),Panama,Both,Age-standardized,All causes,Rate,2008,26242.271465850525,29338.412086573597,23446.513785992673
DALYs (Disability-Adjusted Life Years),Trinidad and Tobago,Both,Age-standardized,All causes,Rate,2009,33350.620434368706,36870.938018190674,30536.784880539337
DALYs (Disability-Adjusted Life Years),United States Virgin Islands,Both,Age-standardized,All causes,Rate,2007,29047.48703459157,32799.699482777454,25899.2702314865
DALYs (Disability-Adjusted Life Years),Peru,Both,Age-standardized,All causes,Rate,2014,23833.309582427846,27459.68814340437,20736.072844767074
DALYs (Disability-Adjusted Life Years),Chad,Both,Age-standardized,All causes,Rate,2014,71128.76714873199,80128.83492534755,63138.776440422385
DALYs (Disability-Adjusted Life Years),Democratic Republic of the Congo,Both,Age-standardized,All causes,Rate,2014,63569.13110441862,72115.0534579166,56403.312867319124
DALYs (Disability-Adjusted Life Years),Sudan,Both,Age-standardized,All causes,Rate,2010,46364.08564315959,53538.39880412926,40186.69034945742
DALYs (Disability-Adjusted Life Years),Greece,Both,Age-standardized,All causes,Rate,2012,21327.55298275891,24599.152761135425,18525.582433479052
DALYs (Disability-Adjusted Life Years),Suriname,Both,Age-standardized,All causes,Rate,2012,34490.01714451839,38040.638011715746,31346.1443989557
DALYs (Disability-Adjusted Life Years),Qatar,Both,Age-standardized,All causes,Rate,2014,25060.936055718517,29179.142709132215,21615.268352107105
DALYs (Disability-Adjusted Life Years),Austria,Both,Age-standardized,All causes,Rate,2014,20020.310171871643,23099.77047170067,17310.782542599445
DALYs (Disability-Adjusted Life Years),India,Both,Age-standardized,All causes,Rate,2014,43099.65128899343,46920.85037106008,39556.96404738047
DALYs (Disability-Adjusted Life Years),Switzerland,Both,Age-standardized,All causes,Rate,2012,19051.690325000636,22330.17407763736,16212.820861968648
DALYs (Disability-Adjusted Life Years),Lithuania,Both,Age-standardized,All causes,Rate,2011,30888.11768546141,34110.16480976322,28153.45090397122
DALYs (Disability-Adjusted Life Years),Libya,Both,Age-standardized,All causes,Rate,2014,36351.221834958844,40653.09156740136,32478.00454137905
DALYs (Disability-Adjusted Life Years),Eritrea,Both,Age-standardized,All causes,Rate,2014,59877.070299419735,70316.10335422613,50405.168929354324
DALYs (Disability-Adjusted Life Years),Tonga,Both,Age-standardized,All causes,Rate,2014,32475.689334505263,37354.070719917254,27976.17750887235
DALYs (Disability-Adjusted Life Years),Sri Lanka,Both,Age-standardized,All causes,Rate,2014,26321.88904802525,29573.312389152456,23712.073244917123
DALYs (Disability-Adjusted Life Years),Singapore,Both,Age-standardized,All causes,Rate,2012,16523.473656153536,19206.802159506842,14321.765436420525
DALYs (Disability-Adjusted Life Years),Uzbekistan,Both,Age-standardized,All causes,Rate,2014,35089.79634062851,38310.41089013097,32159.10187434543
DALYs (Disability-Adjusted Life Years),Zambia,Both,Age-standardized,All causes,Rate,2014,64504.2367916946,73074.6015546685,56906.06549854611
DALYs (Disability-Adjusted Life Years),Chad,Both,Age-standardized,All causes,Rate,2017,68363.17405392208,78624.3398490436,59325.95885697543
DALYs (Disability-Adjusted Life Years),Cambodia,Both,Age-standardized,All causes,Rate,2014,42337.95175014456,47952.418681874144,36988.17593117655
DALYs (Disability-Adjusted Life Years),Finland,Both,Age-standardized,All causes,Rate,2010,21812.716095890035,25141.83692116678,19010.288953856292
DALYs (Disability-Adjusted Life Years),Portugal,Both,Age-standardized,All causes,Rate,2010,22152.53126199594,25583.10647124617,19378.973250712985
DALYs (Disability-Adjusted Life Years),Bermuda,Both,Age-standardized,All causes,Rate,2011,20309.7352277152,23459.250478763828,17722.60839866322
DALYs (Disability-Adjusted Life Years),Turkmenistan,Both,Age-standardized,All causes,Rate,2012,38962.00929292427,42310.69696055052,36361.26743923456
DALYs (Disability-Adjusted Life Years),Egypt,Both,Age-standardized,All causes,Rate,2012,41705.91235752643,45004.14334836884,38799.0693283206
DALYs (Disability-Adjusted Life Years),Georgia,Both,Age-standardized,All causes,Rate,2007,31442.559773111007,34418.396827420795,28871.15276508859
DALYs (Disability-Adjusted Life Years),Gambia,Both,Age-standardized,All causes,Rate,2009,57436.17084763236,64108.67941421362,51127.688612760314
DALYs (Disability-Adjusted Life Years),Iran (Islamic Republic of),Both,Age-standardized,All causes,Rate,2014,28356.883617181134,31766.80330074769,25272.74960373087
DALYs (Disability-Adjusted Life Years),Sri Lanka,Both,Age-standardized,All causes,Rate,2011,28528.30959838114,31757.353858039227,25869.04344048611
DALYs (Disability-Adjusted Life Years),Marshall Islands,Both,Age-standardized,All causes,Rate,2011,54402.040232386695,61207.665235931876,48426.160275862014
DALYs (Disability-Adjusted Life Years),Pakistan,Both,Age-standardized,All causes,Rate,2013,50432.20856193345,56626.87804281783,45617.875505495256
DALYs (Disability-Adjusted Life Years),Mozambique,Both,Age-standardized,All causes,Rate,2012,85161.0378906567,93036.52404927243,76988.40389685934
DALYs (Disability-Adjusted Life Years),Honduras,Both,Age-standardized,All causes,Rate,2012,40255.69104281225,46211.603448902635,35416.13528755162
DALYs (Disability-Adjusted Life Years),Mali,Both,Age-standardized,All causes,Rate,2012,68998.47995720913,75748.80392187949,62851.13404124163
DALYs (Disability-Adjusted Life Years),Central African Republic,Both,Age-standardized,All causes,Rate,2010,107284.14859948354,121914.74878450154,92535.50979399327
DALYs (Disability-Adjusted Life Years),Saint Vincent and the Grenadines,Both,Age-standardized,All causes,Rate,2015,32921.808792580545,36433.13519692022,30096.837187767833
DALYs (Disability-Adjusted Life Years),Ukraine,Both,Age-standardized,All causes,Rate,2012,34760.617254203244,37966.55154299661,32045.874934111805
DALYs (Disability-Adjusted Life Years),Austria,Both,Age-standardized,All causes,Rate,2012,20472.198616863607,23586.57974152462,17715.932131679794
DALYs (Disability-Adjusted Life Years),Cyprus,Both,Age-standardized,All causes,Rate,2014,20807.637978635747,24095.907684544087,18110.64775059965
DALYs (Disability-Adjusted Life Years),Cabo Verde,Both,Age-standardized,All causes,Rate,2014,30465.83456605971,34311.144806884644,26779.048779853736
DALYs (Disability-Adjusted Life Years),Belgium,Both,Age-standardized,All causes,Rate,2010,21978.755697543165,25449.189063942267,19094.49132352869
DALYs (Disability-Adjusted Life Years),Benin,Both,Age-standardized,All causes,Rate,2014,57922.274525395034,64121.61476603615,52629.2773250575
DALYs (Disability-Adjusted Life Years),Mauritania,Both,Age-standardized,All causes,Rate,2014,40342.10504229474,45563.75256929964,35263.29085299143
DALYs (Disability-Adjusted Life Years),Timor-Leste,Both,Age-standardized,All causes,Rate,2015,38891.009355423754,43615.47714913496,34438.312297960874
DALYs (Disability-Adjusted Life Years),Niue,Both,Age-standardized,All causes,Rate,2008,39071.14869179756,45292.42306094465,33791.39757590376
DALYs (Disability-Adjusted Life Years),Tajikistan,Both,Age-standardized,All causes,Rate,2015,34440.17746687943,38221.716854810526,31302.94251661356
DALYs (Disability-Adjusted Life Years),Dominican Republic,Both,Age-standardized,All causes,Rate,2012,33127.542702487,37021.84380175532,29618.038811353446
DALYs (Disability-Adjusted Life Years),Madagascar,Both,Age-standardized,All causes,Rate,2010,59295.41456647002,67245.13164358992,53033.43765116022
DALYs (Disability-Adjusted Life Years),Albania,Both,Age-standardized,All causes,Rate,2015,24155.68961648494,27695.440690126994,21303.660933033265
DALYs (Disability-Adjusted Life Years),Netherlands,Both,Age-standardized,All causes,Rate,2011,19809.632481657856,22757.689738256064,17188.21423053431
DALYs (Disability-Adjusted Life Years),Saint Kitts and Nevis,Both,Age-standardized,All causes,Rate,2009,32742.29778575084,36008.53267612624,29808.279638138647
DALYs (Disability-Adjusted Life Years),Nigeria,Both,Age-standardized,All causes,Rate,2014,62037.94346852717,68603.45278072,56499.053543049136
DALYs (Disability-Adjusted Life Years),Ghana,Both,Age-standardized,All causes,Rate,2011,57404.15172077796,63786.60620992599,51901.65745730192
DALYs (Disability-Adjusted Life Years),Viet Nam,Both,Age-standardized,All causes,Rate,2015,29339.2081868511,32967.398789299834,25687.27159329289
DALYs (Disability-Adjusted Life Years),Samoa,Both,Age-standardized,All causes,Rate,2015,36695.78679094522,41847.26934601142,32380.40533587201
DALYs (Disability-Adjusted Life Years),Poland,Both,Age-standardized,All causes,Rate,2015,24133.328915684877,27196.498629151156,21531.225459861544
DALYs (Disability-Adjusted Life Years),Bangladesh,Both,Age-standardized,All causes,Rate,2017,34466.15925320775,39426.617710492195,30196.59041748751
DALYs (Disability-Adjusted Life Years),Philippines,Both,Age-standardized,All causes,Rate,2010,36682.456327068605,40256.81329818188,33641.86744892013
DALYs (Disability-Adjusted Life Years),Albania,Both,Age-standardized,All causes,Rate,2010,24348.515092821173,27720.901010147427,21621.05702427385
DALYs (Disability-Adjusted Life Years),Poland,Both,Age-standardized,All causes,Rate,2010,25952.565080102315,29059.893263083413,23286.7980382102
DALYs (Disability-Adjusted Life Years),Grenada,Both,Age-standardized,All causes,Rate,2010,33644.95068762799,37112.20668353774,30716.54230933915
DALYs (Disability-Adjusted Life Years),Luxembourg,Both,Age-standardized,All causes,Rate,2015,19264.65345539762,22332.33018617853,16487.306101222257
DALYs (Disability-Adjusted Life Years),Armenia,Both,Age-standardized,All causes,Rate,2015,27514.53628177916,30477.08827000031,25039.362196803882
DALYs (Disability-Adjusted Life Years),Kazakhstan,Both,Age-standardized,All causes,Rate,2011,40290.32660770544,43638.78066740224,37408.17342203457
DALYs (Disability-Adjusted Life Years),Djibouti,Both,Age-standardized,All causes,Rate,2012,52754.86600364675,62841.68194724655,43986.199572627185
DALYs (Disability-Adjusted Life Years),Slovenia,Both,Age-standardized,All causes,Rate,2015,20221.387334175066,23272.864845000553,17475.706592829094
DALYs (Disability-Adjusted Life Years),Netherlands,Both,Age-standardized,All causes,Rate,2014,19476.64242847639,22511.366531440835,16834.647376362198
DALYs (Disability-Adjusted Life Years),Germany,Both,Age-standardized,All causes,Rate,2015,20956.649856193515,24365.567559462175,18171.540813572323
DALYs (Disability-Adjusted Life Years),Sri Lanka,Both,Age-standardized,All causes,Rate,2009,31988.663417657997,35261.070229099125,29329.438263953456
DALYs (Disability-Adjusted Life Years),Philippines,Both,Age-standardized,All causes,Rate,2012,36188.810009808556,39226.30483219516,33105.3514412196
DALYs (Disability-Adjusted Life Years),United Kingdom,Both,Age-standardized,All causes,Rate,2012,21084.672311858987,24443.103812221925,18248.43771263231
DALYs (Disability-Adjusted Life Years),Cyprus,Both,Age-standardized,All causes,Rate,2011,21810.70338831988,25168.396150205997,19248.71974065889
DALYs (Disability-Adjusted Life Years),Democratic People's Republic of Korea,Both,Age-standardized,All causes,Rate,2015,32022.313545393783,37367.91931090555,27575.37794871473
DALYs (Disability-Adjusted Life Years),Niger,Both,Age-standardized,All causes,Rate,2007,70898.0984347983,79303.44657861082,62783.01771695331
DALYs (Disability-Adjusted Life Years),Syrian Arab Republic,Both,Age-standardized,All causes,Rate,2015,57198.98366776811,63430.999829432156,52149.926905918466
DALYs (Disability-Adjusted Life Years),Nauru,Both,Age-standardized,All causes,Rate,2007,70817.34877536933,79784.69648656636,62205.853312077066
DALYs (Disability-Adjusted Life Years),Turkmenistan,Both,Age-standardized,All causes,Rate,2009,41285.82019687461,44695.84472855535,38589.08818477992
DALYs (Disability-Adjusted Life Years),Uganda,Both,Age-standardized,All causes,Rate,2015,55452.847846429955,61761.736999797,49856.36511538478
DALYs (Disability-Adjusted Life Years),Djibouti,Both,Age-standardized,All causes,Rate,2015,49746.22225123928,59889.94170503374,41713.31330676541
DALYs (Disability-Adjusted Life Years),Belize,Both,Age-standardized,All causes,Rate,2014,31469.836446949896,34747.90066324609,28682.74892798241
DALYs (Disability-Adjusted Life Years),Guyana,Both,Age-standardized,All causes,Rate,2014,46629.318284725945,51959.11320511841,41844.88292369487
DALYs (Disability-Adjusted Life Years),Colombia,Both,Age-standardized,All causes,Rate,2014,24715.068391037188,27906.759653259618,22119.672009547423
DALYs (Disability-Adjusted Life Years),Singapore,Both,Age-standardized,All causes,Rate,2015,15787.603681546372,18516.636872777388,13573.62627019879
DALYs (Disability-Adjusted Life Years),Egypt,Both,Age-standardized,All causes,Rate,2015,40671.89465120873,43933.69134158399,37946.5285476673
DALYs (Disability-Adjusted Life Years),Venezuela (Bolivarian Republic of),Both,Age-standardized,All causes,Rate,2009,31031.642461968684,34222.2268023798,28342.0817953581
DALYs (Disability-Adjusted Life Years),Guam,Both,Age-standardized,All causes,Rate,2015,26845.55597645633,30019.68469836981,24389.10790754064
DALYs (Disability-Adjusted Life Years),Tuvalu,Both,Age-standardized,All causes,Rate,2015,43870.25256671536,49769.42171279407,38172.956586298875
DALYs (Disability-Adjusted Life Years),Turkmenistan,Both,Age-standardized,All causes,Rate,2010,39872.3452086402,43283.73351068647,37242.21799841045
DALYs (Disability-Adjusted Life Years),Romania,Both,Age-standardized,All causes,Rate,2010,30059.009277842364,33138.700889376014,27506.21759862396
DALYs (Disability-Adjusted Life Years),Uruguay,Both,Age-standardized,All causes,Rate,2015,25922.675984138627,28972.142494415864,23241.73799755718
DALYs (Disability-Adjusted Life Years),Argentina,Both,Age-standardized,All causes,Rate,2010,27994.627148508916,31216.13410190629,25255.54262703251
DALYs (Disability-Adjusted Life Years),Israel,Both,Age-standardized,All causes,Rate,2010,19405.24428148006,22537.902787223495,16771.02857235252
DALYs (Disability-Adjusted Life Years),Peru,Both,Age-standardized,All causes,Rate,2010,26228.77150401323,29919.921569023223,23244.589694722516
DALYs (Disability-Adjusted Life Years),Bolivia (Plurinational State of),Both,Age-standardized,All causes,Rate,2010,38789.273624273155,44033.055789681915,33850.15028898502
DALYs (Disability-Adjusted Life Years),Venezuela (Bolivarian Republic of),Both,Age-standardized,All causes,Rate,2010,30289.28254890419,33521.877435447714,27650.949458043084
DALYs (Disability-Adjusted Life Years),Pakistan,Both,Age-standardized,All causes,Rate,2015,49548.2052129256,55936.61094921016,44323.21409624964
DALYs (Disability-Adjusted Life Years),Denmark,Both,Age-standardized,All causes,Rate,2012,21149.430881308253,24408.361152755115,18448.42120452478
DALYs (Disability-Adjusted Life Years),South Africa,Both,Age-standardized,All causes,Rate,2012,64537.69208207024,68320.03966459903,61174.10547819413
DALYs (Disability-Adjusted Life Years),Hungary,Both,Age-standardized,All causes,Rate,2011,27655.22045117994,30744.71246155719,24935.514902975592
DALYs (Disability-Adjusted Life Years),Mali,Both,Age-standardized,All causes,Rate,2015,66151.21816392602,73457.7455168985,60173.75675290253
DALYs (Disability-Adjusted Life Years),Israel,Both,Age-standardized,All causes,Rate,2012,18932.533440071344,21997.149127269,16344.548023852449
DALYs (Disability-Adjusted Life Years),Cyprus,Both,Age-standardized,All causes,Rate,2009,22320.196805862146,25630.96983998308,19737.91257661919
DALYs (Disability-Adjusted Life Years),San Marino,Both,Age-standardized,All causes,Rate,2011,18325.080150057347,21539.454313076323,15659.244184657206
DALYs (Disability-Adjusted Life Years),Barbados,Both,Age-standardized,All causes,Rate,2012,26889.188587650675,30216.909282813747,24104.671158878216
DALYs (Disability-Adjusted Life Years),Lesotho,Both,Age-standardized,All causes,Rate,2009,110508.61606430668,122407.95051735055,99547.70352728546
DALYs (Disability-Adjusted Life Years),Solomon Islands,Both,Age-standardized,All causes,Rate,2010,50570.999039231465,59864.71369604172,42647.76479370235
DALYs (Disability-Adjusted Life Years),Brunei Darussalam,Both,Age-standardized,All causes,Rate,2010,26020.269555397324,29038.534703954283,23226.28891047156
DALYs (Disability-Adjusted Life Years),Cuba,Both,Age-standardized,All causes,Rate,2010,23382.50212687798,26398.194079585348,20788.596770754393
DALYs (Disability-Adjusted Life Years),Algeria,Both,Age-standardized,All causes,Rate,2014,28861.22757789545,32294.259863975694,26005.243889101894
DALYs (Disability-Adjusted Life Years),Burundi,Both,Age-standardized,All causes,Rate,2014,58502.19172341066,65114.7979940776,52646.77982878609
DALYs (Disability-Adjusted Life Years),Sierra Leone,Both,Age-standardized,All causes,Rate,2010,78743.0122920527,87187.9517122024,71069.51822848505
DALYs (Disability-Adjusted Life Years),Malta,Both,Age-standardized,All causes,Rate,2010,20269.098765793726,23501.13640037523,17676.00766962237
DALYs (Disability-Adjusted Life Years),United States of America,Both,Age-standardized,All causes,Rate,2010,25255.530839530777,28722.572527851964,22245.40192191497
DALYs (Disability-Adjusted Life Years),Sudan,Both,Age-standardized,All causes,Rate,2011,45951.385720781094,53165.289352222535,39907.73949341113
DALYs (Disability-Adjusted Life Years),Mozambique,Both,Age-standardized,All causes,Rate,2010,86276.03424065936,93850.48469929039,78104.16319868126
DALYs (Disability-Adjusted Life Years),China,Both,Age-standardized,All causes,Rate,2012,25943.519281708344,28799.480140481497,23234.186228306964
DALYs (Disability-Adjusted Life Years),Romania,Both,Age-standardized,All causes,Rate,2012,28508.081031290727,31569.126905596506,25931.214245322786
DALYs (Disability-Adjusted Life Years),Brunei Darussalam,Both,Age-standardized,All causes,Rate,2012,26064.564295641634,28999.20271949403,23347.539824376036
DALYs (Disability-Adjusted Life Years),Trinidad and Tobago,Both,Age-standardized,All causes,Rate,2012,30548.212706382878,34125.040014046885,27583.929122276408
DALYs (Disability-Adjusted Life Years),Democratic People's Republic of Korea,Both,Age-standardized,All causes,Rate,2016,31592.84588644282,37087.88382312158,27076.109290260552
DALYs (Disability-Adjusted Life Years),Lesotho,Both,Age-standardized,All causes,Rate,2012,105475.7849159729,118136.41208982053,94074.3009672581
DALYs (Disability-Adjusted Life Years),United States of America,Both,Age-standardized,All causes,Rate,2014,25251.940233463592,28749.29186731171,22230.055497018933
DALYs (Disability-Adjusted Life Years),Gambia,Both,Age-standardized,All causes,Rate,2012,54306.98051056657,60537.4769315395,48140.09106280663
DALYs (Disability-Adjusted Life Years),Côte d'Ivoire,Both,Age-standardized,All causes,Rate,2010,72131.85664755617,79005.3057999941,66093.129560925
DALYs (Disability-Adjusted Life Years),Monaco,Both,Age-standardized,All causes,Rate,2011,22120.31436953522,25523.06316610673,19322.56665494029
DALYs (Disability-Adjusted Life Years),Cyprus,Both,Age-standardized,All causes,Rate,2012,21414.544619184187,24690.373601961477,18858.54163432396
DALYs (Disability-Adjusted Life Years),Germany,Both,Age-standardized,All causes,Rate,2012,21174.10351609239,24555.216190112427,18358.677072504794
DALYs (Disability-Adjusted Life Years),Netherlands,Both,Age-standardized,All causes,Rate,2012,19751.2393651068,22735.087703141566,17109.810667835933
DALYs (Disability-Adjusted Life Years),Sweden,Both,Age-standardized,All causes,Rate,2012,18879.11324894928,21966.52981016874,16252.898087468626
DALYs (Disability-Adjusted Life Years),Saint Vincent and the Grenadines,Both,Age-standardized,All causes,Rate,2012,33166.826973609765,36725.84253827122,30068.008127759684
DALYs (Disability-Adjusted Life Years),Albania,Both,Age-standardized,All causes,Rate,2013,24312.122077503736,28082.882660370808,21526.34547554173
DALYs (Disability-Adjusted Life Years),Malta,Both,Age-standardized,All causes,Rate,2013,19781.24214941147,22993.827477068917,17133.239645635145
DALYs (Disability-Adjusted Life Years),Luxembourg,Both,Age-standardized,All causes,Rate,2010,20256.071974299703,23419.520737834326,17619.409960101904
DALYs (Disability-Adjusted Life Years),Uruguay,Both,Age-standardized,All causes,Rate,2010,26874.53611893383,29924.72574966489,24208.984180553027
DALYs (Disability-Adjusted Life Years),Palestine,Both,Age-standardized,All causes,Rate,2012,33034.853125250884,36615.52853536944,29746.635019711197
DALYs (Disability-Adjusted Life Years),Guinea-Bissau,Both,Age-standardized,All causes,Rate,2015,68836.74495968757,77856.58463352689,59803.968412530274
DALYs (Disability-Adjusted Life Years),Botswana,Both,Age-standardized,All causes,Rate,2014,59078.451942795575,65007.72330823268,54371.223094176436
DALYs (Disability-Adjusted Life Years),Puerto Rico,Both,Age-standardized,All causes,Rate,2012,23926.710264219473,27197.694274401085,21182.22701080281
DALYs (Disability-Adjusted Life Years),Honduras,Both,Age-standardized,All causes,Rate,2016,35461.77627765285,41047.30019321029,30768.476728944992
DALYs (Disability-Adjusted Life Years),Cook Islands,Both,Age-standardized,All causes,Rate,2014,27018.401300600603,30696.213753069773,23884.599999755417
DALYs (Disability-Adjusted Life Years),Canada,Both,Age-standardized,All causes,Rate,2016,20108.13978818998,23321.904449779155,17458.259071909742
DALYs (Disability-Adjusted Life Years),Taiwan (Province of China),Both,Age-standardized,All causes,Rate,2015,20260.033507158256,22958.36991782447,17961.350110886036
DALYs (Disability-Adjusted Life Years),Denmark,Both,Age-standardized,All causes,Rate,2010,21993.374826279585,25262.09147740659,19229.266270754386
DALYs (Disability-Adjusted Life Years),Kuwait,Both,Age-standardized,All causes,Rate,2010,22291.7413209754,25496.446361419083,19560.431369336267
DALYs (Disability-Adjusted Life Years),Netherlands,Both,Age-standardized,All causes,Rate,2009,20189.72111504251,23204.00707451021,17606.376448085604
DALYs (Disability-Adjusted Life Years),Malawi,Both,Age-standardized,All causes,Rate,2009,78971.96012600814,86396.60475732609,73302.0896760484
DALYs (Disability-Adjusted Life Years),Samoa,Both,Age-standardized,All causes,Rate,2013,36323.5263526053,41116.59199505733,32140.271171666413
DALYs (Disability-Adjusted Life Years),Azerbaijan,Both,Age-standardized,All causes,Rate,2012,36116.59066239566,39437.56178987112,33172.28880846366
DALYs (Disability-Adjusted Life Years),Uzbekistan,Both,Age-standardized,All causes,Rate,2012,35925.82233070066,39088.67030010554,32992.07166937291
DALYs (Disability-Adjusted Life Years),Poland,Both,Age-standardized,All causes,Rate,2013,24838.864013228827,27907.86755106517,22158.056357464557
DALYs (Disability-Adjusted Life Years),Ukraine,Both,Age-standardized,All causes,Rate,2013,34401.29866554415,37675.67125338977,31677.155690089276
DALYs (Disability-Adjusted Life Years),Peru,Both,Age-standardized,All causes,Rate,2013,24411.722265317843,27881.707967538227,21496.04170343446
DALYs (Disability-Adjusted Life Years),Ukraine,Both,Age-standardized,All causes,Rate,2015,33428.930008955635,36624.466576615225,30778.73769777122
DALYs (Disability-Adjusted Life Years),Austria,Both,Age-standardized,All causes,Rate,2015,19904.946952527684,22995.834782281843,17204.506158278455
DALYs (Disability-Adjusted Life Years),Dominican Republic,Both,Age-standardized,All causes,Rate,2015,32946.80825691603,36399.660751326905,29805.908502995804
DALYs (Disability-Adjusted Life Years),Grenada,Both,Age-standardized,All causes,Rate,2013,31857.042360207077,35394.78791583547,28845.454849425678
DALYs (Disability-Adjusted Life Years),Uzbekistan,Both,Age-standardized,All causes,Rate,2009,36972.178637742596,40649.823724509304,33953.11724099785
DALYs (Disability-Adjusted Life Years),Honduras,Both,Age-standardized,All causes,Rate,2013,39342.93007287091,44878.75600721003,34445.892990461245
DALYs (Disability-Adjusted Life Years),Somalia,Both,Age-standardized,All causes,Rate,2016,77616.76881922083,90332.51348862739,66069.56238312012
DALYs (Disability-Adjusted Life Years),Viet Nam,Both,Age-standardized,All causes,Rate,2013,29856.72894243097,33318.449580476714,26492.682240229093
DALYs (Disability-Adjusted Life Years),Serbia,Both,Age-standardized,All causes,Rate,2009,29227.32219034488,32348.097533119002,26605.082981042662
DALYs (Disability-Adjusted Life Years),Egypt,Both,Age-standardized,All causes,Rate,2013,40970.36758795053,44278.190983396606,38025.85299310753
DALYs (Disability-Adjusted Life Years),Luxembourg,Both,Age-standardized,All causes,Rate,2013,19478.246585329784,22665.38148906962,16754.010613163424
DALYs (Disability-Adjusted Life Years),Uruguay,Both,Age-standardized,All causes,Rate,2013,26449.664863327398,29564.71001794183,23814.571499208363
DALYs (Disability-Adjusted Life Years),Nicaragua,Both,Age-standardized,All causes,Rate,2012,27997.52904876063,31413.216274879996,25183.23178578896
DALYs (Disability-Adjusted Life Years),Serbia,Both,Age-standardized,All causes,Rate,2012,27471.743068891836,30550.018386349497,24937.037656579236
DALYs (Disability-Adjusted Life Years),Kuwait,Both,Age-standardized,All causes,Rate,2012,21506.62438410159,24799.22072812897,18780.592660279373
DALYs (Disability-Adjusted Life Years),El Salvador,Both,Age-standardized,All causes,Rate,2012,32606.747883089,35790.328721003236,29829.188037215677
DALYs (Disability-Adjusted Life Years),Mauritania,Both,Age-standardized,All causes,Rate,2016,39041.964068150744,44714.789656965004,33824.08663964928
DALYs (Disability-Adjusted Life Years),Northern Mariana Islands,Both,Age-standardized,All causes,Rate,2014,30642.188945442977,35305.56523047251,26706.526680133746
DALYs (Disability-Adjusted Life Years),Nigeria,Both,Age-standardized,All causes,Rate,2016,59333.8475091062,65477.68231228226,53236.71488289093
DALYs (Disability-Adjusted Life Years),Bhutan,Both,Age-standardized,All causes,Rate,2011,36504.50425843408,42523.53387983759,31966.59505305869
DALYs (Disability-Adjusted Life Years),Antigua and Barbuda,Both,Age-standardized,All causes,Rate,2013,27417.243770337896,30728.323552118458,24664.376910192706
DALYs (Disability-Adjusted Life Years),Syrian Arab Republic,Both,Age-standardized,All causes,Rate,2013,45640.411759958624,50948.05116630219,41358.06456044586
DALYs (Disability-Adjusted Life Years),Algeria,Both,Age-standardized,All causes,Rate,2012,29381.154804992937,32838.12017673283,26467.79311298027
DALYs (Disability-Adjusted Life Years),Congo,Both,Age-standardized,All causes,Rate,2012,61107.06429803145,69051.43643224853,54447.617400598545
DALYs (Disability-Adjusted Life Years),Benin,Both,Age-standardized,All causes,Rate,2013,58765.54374876307,65403.06022936761,53564.77633706951
DALYs (Disability-Adjusted Life Years),Botswana,Both,Age-standardized,All causes,Rate,2013,61421.91878554601,67654.19717994233,56273.266000988
DALYs (Disability-Adjusted Life Years),Tonga,Both,Age-standardized,All causes,Rate,2009,37779.33214490371,42691.246849044,33301.50066109988
DALYs (Disability-Adjusted Life Years),Ghana,Both,Age-standardized,All causes,Rate,2009,60333.69526361826,66277.4029231169,54944.86575661315
DALYs (Disability-Adjusted Life Years),San Marino,Both,Age-standardized,All causes,Rate,2009,18498.023268602657,21679.257277189772,15767.914738185602
DALYs (Disability-Adjusted Life Years),Yemen,Both,Age-standardized,All causes,Rate,2012,45273.81406269376,53072.268925376666,38644.10437624044
DALYs (Disability-Adjusted Life Years),Central African Republic,Both,Age-standardized,All causes,Rate,2012,103498.67060857698,117945.26801439984,88942.13151327756
DALYs (Disability-Adjusted Life Years),Georgia,Both,Age-standardized,All causes,Rate,2008,35046.47433218869,37934.45075406605,32494.714153944682
DALYs (Disability-Adjusted Life Years),Jamaica,Both,Age-standardized,All causes,Rate,2011,29004.4743893607,32206.810902479654,26362.255464326412
DALYs (Disability-Adjusted Life Years),Latvia,Both,Age-standardized,All causes,Rate,2008,33097.57655914472,36162.57020821276,30357.653897714565
DALYs (Disability-Adjusted Life Years),Japan,Both,Age-standardized,All causes,Rate,2012,17369.33716633816,20211.789529719725,14995.905396093129
DALYs (Disability-Adjusted Life Years),Israel,Both,Age-standardized,All causes,Rate,2008,20615.894407644904,23753.99799038187,17937.659820001358
DALYs (Disability-Adjusted Life Years),Slovenia,Both,Age-standardized,All causes,Rate,2013,20773.611244572716,24015.669041062953,18154.57438429869
DALYs (Disability-Adjusted Life Years),Singapore,Both,Age-standardized,All causes,Rate,2013,16268.002236248622,19024.50741735508,14056.225700399005
DALYs (Disability-Adjusted Life Years),Belgium,Both,Age-standardized,All causes,Rate,2013,21340.73139492684,24752.089876863167,18463.275850265887
DALYs (Disability-Adjusted Life Years),Argentina,Both,Age-standardized,All causes,Rate,2008,28486.438812258126,31684.026596645388,25776.522019258275
DALYs (Disability-Adjusted Life Years),Malawi,Both,Age-standardized,All causes,Rate,2012,67592.85016789634,73764.92110234057,62058.091079677266
DALYs (Disability-Adjusted Life Years),Comoros,Both,Age-standardized,All causes,Rate,2011,49368.56629906902,55951.3604712091,43615.904149731985
DALYs (Disability-Adjusted Life Years),Libya,Both,Age-standardized,All causes,Rate,2013,32434.78716857069,36479.306783328015,28630.39822336072
DALYs (Disability-Adjusted Life Years),Mauritania,Both,Age-standardized,All causes,Rate,2013,40956.14977385124,46349.720144143255,35856.363982876996
DALYs (Disability-Adjusted Life Years),Peru,Both,Age-standardized,All causes,Rate,2015,23372.524730009758,26581.31802323247,20233.08461221375
DALYs (Disability-Adjusted Life Years),San Marino,Both,Age-standardized,All causes,Rate,2014,18172.17849100661,21359.055482192616,15360.805572118647
DALYs (Disability-Adjusted Life Years),Libya,Both,Age-standardized,All causes,Rate,2015,36568.101840398755,41294.20424354842,32365.547231199733
DALYs (Disability-Adjusted Life Years),Democratic Republic of the Congo,Both,Age-standardized,All causes,Rate,2015,61578.51075658473,70276.696397985,54133.96548928029
DALYs (Disability-Adjusted Life Years),Armenia,Both,Age-standardized,All causes,Rate,2016,27229.761404048037,30218.91604780916,24765.110757984472
DALYs (Disability-Adjusted Life Years),Uganda,Both,Age-standardized,All causes,Rate,2013,59040.320478860034,65671.02825555901,53543.63374121836
DALYs (Disability-Adjusted Life Years),Bulgaria,Both,Age-standardized,All causes,Rate,2016,30794.4652854228,33891.409133273024,28141.54481589938
DALYs (Disability-Adjusted Life Years),Nigeria,Both,Age-standardized,All causes,Rate,2013,63181.79173003535,69818.79475871455,57526.057573740094
DALYs (Disability-Adjusted Life Years),Kiribati,Both,Age-standardized,All causes,Rate,2008,58128.11684698974,66947.01141482405,50020.54803884768
DALYs (Disability-Adjusted Life Years),Côte d'Ivoire,Both,Age-standardized,All causes,Rate,2015,61697.32721116589,69079.22472229488,55212.27973707119
DALYs (Disability-Adjusted Life Years),Papua New Guinea,Both,Age-standardized,All causes,Rate,2013,49885.26776823553,56961.00422110694,43833.616737469965
DALYs (Disability-Adjusted Life Years),Chad,Both,Age-standardized,All causes,Rate,2018,67512.83407521392,78822.28997712537,58334.02339774008
DALYs (Disability-Adjusted Life Years),Singapore,Both,Age-standardized,All causes,Rate,2016,15586.063382792607,18338.129665009375,13379.260721996277
DALYs (Disability-Adjusted Life Years),Belarus,Both,Age-standardized,All causes,Rate,2016,29077.146012463683,32223.330347980373,26476.33023385281
DALYs (Disability-Adjusted Life Years),Rwanda,Both,Age-standardized,All causes,Rate,2012,50574.18893420024,57445.22862665342,45206.034091362366
DALYs (Disability-Adjusted Life Years),Dominican Republic,Both,Age-standardized,All causes,Rate,2013,33543.86433761736,37089.82514324571,30126.07509067211
DALYs (Disability-Adjusted Life Years),Somalia,Both,Age-standardized,All causes,Rate,2012,99539.73448096929,112655.64299864837,87220.58673965017
DALYs (Disability-Adjusted Life Years),Yemen,Both,Age-standardized,All causes,Rate,2010,46229.57624092899,53986.71107418246,38997.45849360408
DALYs (Disability-Adjusted Life Years),Bulgaria,Both,Age-standardized,All causes,Rate,2011,32155.62552895741,35321.03753402712,29524.1746785436
DALYs (Disability-Adjusted Life Years),Belarus,Both,Age-standardized,All causes,Rate,2011,35864.75476075748,38986.09583812085,33190.99470077895
DALYs (Disability-Adjusted Life Years),Iran (Islamic Republic of),Both,Age-standardized,All causes,Rate,2015,27713.323085903245,31127.855080230976,24786.207934845
DALYs (Disability-Adjusted Life Years),Madagascar,Both,Age-standardized,All causes,Rate,2012,57820.30542836148,65445.860699419776,50961.214845862516
DALYs (Disability-Adjusted Life Years),Sweden,Both,Age-standardized,All causes,Rate,2016,18515.02009276654,21617.681012765956,15874.594112392098
DALYs (Disability-Adjusted Life Years),Antigua and Barbuda,Both,Age-standardized,All causes,Rate,2016,27611.80805379216,31145.809284937786,24731.29793884414
DALYs (Disability-Adjusted Life Years),Togo,Both,Age-standardized,All causes,Rate,2012,63162.6566558323,70465.39143688268,55716.487310779696
DALYs (Disability-Adjusted Life Years),Seychelles,Both,Age-standardized,All causes,Rate,2014,30577.299397780054,33632.81114233385,28004.663592427158
DALYs (Disability-Adjusted Life Years),Germany,Both,Age-standardized,All causes,Rate,2011,21375.804642830917,24718.858694935047,18526.639928968096
DALYs (Disability-Adjusted Life Years),Philippines,Both,Age-standardized,All causes,Rate,2013,36613.99406603697,40057.7337050301,33680.17478969219
DALYs (Disability-Adjusted Life Years),Maldives,Both,Age-standardized,All causes,Rate,2016,21912.13978964598,24833.71486671652,19464.801059124675
DALYs (Disability-Adjusted Life Years),Solomon Islands,Both,Age-standardized,All causes,Rate,2013,49267.99184150141,59051.25569240477,41591.341000417146
DALYs (Disability-Adjusted Life Years),Gabon,Both,Age-standardized,All causes,Rate,2013,53646.3199869727,62444.300122294735,46162.29507877681
DALYs (Disability-Adjusted Life Years),Mauritius,Both,Age-standardized,All causes,Rate,2013,29153.486580684035,32376.343686711272,26463.346170908997
DALYs (Disability-Adjusted Life Years),Monaco,Both,Age-standardized,All causes,Rate,2012,22001.043929595864,25348.97495655014,19252.100985661906
DALYs (Disability-Adjusted Life Years),Benin,Both,Age-standardized,All causes,Rate,2011,60563.32889106649,66735.7569278895,55281.29626580654
DALYs (Disability-Adjusted Life Years),Uzbekistan,Both,Age-standardized,All causes,Rate,2010,36449.688105164125,39911.83042711131,33429.80925760458
DALYs (Disability-Adjusted Life Years),Congo,Both,Age-standardized,All causes,Rate,2009,64720.9942836506,71691.3188084922,58445.443685597675
DALYs (Disability-Adjusted Life Years),Serbia,Both,Age-standardized,All causes,Rate,2010,28416.636203894246,31459.321828141663,25886.667664292556
DALYs (Disability-Adjusted Life Years),Sri Lanka,Both,Age-standardized,All causes,Rate,2010,30501.30138873171,33715.96578141021,27831.80870456154
DALYs (Disability-Adjusted Life Years),Ghana,Both,Age-standardized,All causes,Rate,2010,59099.49686926177,64925.97859352398,53508.20065317805
DALYs (Disability-Adjusted Life Years),South Africa,Both,Age-standardized,All causes,Rate,2013,60913.82872146327,64802.04828020795,57398.871213184524
DALYs (Disability-Adjusted Life Years),Fiji,Both,Age-standardized,All causes,Rate,2013,42794.95069216277,46970.27178100409,38525.75276610224
DALYs (Disability-Adjusted Life Years),Azerbaijan,Both,Age-standardized,All causes,Rate,2013,35470.38001202601,38760.528808128794,32722.071775797813
DALYs (Disability-Adjusted Life Years),Bahamas,Both,Age-standardized,All causes,Rate,2014,32803.99194872333,36361.617767113145,29622.774128852703
DALYs (Disability-Adjusted Life Years),Saint Lucia,Both,Age-standardized,All causes,Rate,2014,28896.52010993806,32488.352819836004,25789.676866409227
DALYs (Disability-Adjusted Life Years),Mauritius,Both,Age-standardized,All causes,Rate,2015,29138.179506895085,32507.69486214323,26466.09367695216
DALYs (Disability-Adjusted Life Years),South Africa,Both,Age-standardized,All causes,Rate,2015,57755.65194962174,61628.70655148074,54240.02304877803
DALYs (Disability-Adjusted Life Years),Croatia,Both,Age-standardized,All causes,Rate,2013,23199.056183078235,26224.150658036495,20584.484127143638
DALYs (Disability-Adjusted Life Years),Sierra Leone,Both,Age-standardized,All causes,Rate,2015,70026.40923954741,80259.43941279949,60663.97433256726
DALYs (Disability-Adjusted Life Years),American Samoa,Both,Age-standardized,All causes,Rate,2015,36104.10018038256,40821.09683545656,32693.413767418566
DALYs (Disability-Adjusted Life Years),Puerto Rico,Both,Age-standardized,All causes,Rate,2015,22399.97894450318,25678.197944413834,19705.78528217678
DALYs (Disability-Adjusted Life Years),Central African Republic,Both,Age-standardized,All causes,Rate,2009,108901.89161908135,124092.4280633084,94698.05162800338
DALYs (Disability-Adjusted Life Years),United Republic of Tanzania,Both,Age-standardized,All causes,Rate,2010,61395.66948722496,67061.6788183265,56584.58890445096
DALYs (Disability-Adjusted Life Years),Papua New Guinea,Both,Age-standardized,All causes,Rate,2016,48206.50382128876,54743.314715662425,42183.85965630038
DALYs (Disability-Adjusted Life Years),Germany,Both,Age-standardized,All causes,Rate,2016,20934.300188401216,24329.151330549113,18190.679449149204
DALYs (Disability-Adjusted Life Years),Palau,Both,Age-standardized,All causes,Rate,2013,43593.44190300886,49810.73141047726,38077.8774509653
DALYs (Disability-Adjusted Life Years),Saint Vincent and the Grenadines,Both,Age-standardized,All causes,Rate,2016,32919.89707724732,36546.62267491488,30121.254943618587
DALYs (Disability-Adjusted Life Years),Guinea-Bissau,Both,Age-standardized,All causes,Rate,2016,67362.03419422165,76161.51454221348,58445.39320418606
DALYs (Disability-Adjusted Life Years),Uganda,Both,Age-standardized,All causes,Rate,2016,55130.2734971649,61756.63471498596,49197.23617528767
DALYs (Disability-Adjusted Life Years),Senegal,Both,Age-standardized,All causes,Rate,2016,45726.67308078628,51541.52275415077,40642.922510413584
DALYs (Disability-Adjusted Life Years),Palau,Both,Age-standardized,All causes,Rate,2016,42286.623629861955,47879.231382184196,36779.64420270451
DALYs (Disability-Adjusted Life Years),Djibouti,Both,Age-standardized,All causes,Rate,2016,48464.280418603004,58256.65944695928,40350.62324623794
DALYs (Disability-Adjusted Life Years),Burkina Faso,Both,Age-standardized,All causes,Rate,2014,66771.31483476343,73341.80586276598,60250.52745376023
DALYs (Disability-Adjusted Life Years),Montenegro,Both,Age-standardized,All causes,Rate,2017,26854.056285825616,29946.97163925053,24223.985888146726
DALYs (Disability-Adjusted Life Years),Samoa,Both,Age-standardized,All causes,Rate,2011,35869.530781989604,40470.9686208119,31373.381858432327
DALYs (Disability-Adjusted Life Years),Bermuda,Both,Age-standardized,All causes,Rate,2012,20232.12674338456,23407.499506607794,17639.367274488803
DALYs (Disability-Adjusted Life Years),Luxembourg,Both,Age-standardized,All causes,Rate,2011,19974.755747231615,23172.35624663635,17284.34438085486
DALYs (Disability-Adjusted Life Years),Mauritius,Both,Age-standardized,All causes,Rate,2011,29998.68271481126,33299.63503528598,27189.98192695693
DALYs (Disability-Adjusted Life Years),Mozambique,Both,Age-standardized,All causes,Rate,2011,85797.81213641624,93558.16259807204,77656.47045295239
DALYs (Disability-Adjusted Life Years),Marshall Islands,Both,Age-standardized,All causes,Rate,2012,53915.64939754765,60954.60365641223,47773.693374907925
DALYs (Disability-Adjusted Life Years),Tajikistan,Both,Age-standardized,All causes,Rate,2013,35463.30703508519,39196.852678246316,32301.848548738722
DALYs (Disability-Adjusted Life Years),Yemen,Both,Age-standardized,All causes,Rate,2009,47240.36571743451,55228.578983700594,39943.85661795917
DALYs (Disability-Adjusted Life Years),Russian Federation,Both,Age-standardized,All causes,Rate,2017,32233.076831511353,35446.97120946196,29543.1327232616
DALYs (Disability-Adjusted Life Years),Estonia,Both,Age-standardized,All causes,Rate,2013,25077.409665476556,28170.891965247913,22360.01791905188
DALYs (Disability-Adjusted Life Years),France,Both,Age-standardized,All causes,Rate,2013,20176.95899629433,23500.88121260357,17376.592858846772
DALYs (Disability-Adjusted Life Years),Finland,Both,Age-standardized,All causes,Rate,2013,20732.955708735717,24002.146088715916,17936.307581299123
DALYs (Disability-Adjusted Life Years),Morocco,Both,Age-standardized,All causes,Rate,2011,34577.91326244718,39739.01677538832,29749.17853238801
DALYs (Disability-Adjusted Life Years),Gambia,Both,Age-standardized,All causes,Rate,2010,56213.949302847446,62741.719478105886,49855.93596331393
DALYs (Disability-Adjusted Life Years),Sierra Leone,Both,Age-standardized,All causes,Rate,2014,74463.30326293287,84318.96201886349,65528.57708320554
DALYs (Disability-Adjusted Life Years),Togo,Both,Age-standardized,All causes,Rate,2010,66894.02790751228,73858.99830090003,59511.231367618355
DALYs (Disability-Adjusted Life Years),Portugal,Both,Age-standardized,All causes,Rate,2013,20974.93232284626,24314.45836385875,18222.932720394296
DALYs (Disability-Adjusted Life Years),Canada,Both,Age-standardized,All causes,Rate,2017,20162.71785968192,23375.17132918529,17470.298899562476
DALYs (Disability-Adjusted Life Years),Greenland,Both,Age-standardized,All causes,Rate,2010,34805.07802902883,38503.15174774127,31456.510993583353
DALYs (Disability-Adjusted Life Years),Saint Kitts and Nevis,Both,Age-standardized,All causes,Rate,2010,32737.683148312746,36192.776745712115,29872.188548858776
DALYs (Disability-Adjusted Life Years),Tonga,Both,Age-standardized,All causes,Rate,2010,33298.18809814289,38322.36790031593,28660.6598177611
DALYs (Disability-Adjusted Life Years),Congo,Both,Age-standardized,All causes,Rate,2010,63295.16979675113,70918.47662554198,56981.67405754502
DALYs (Disability-Adjusted Life Years),Malawi,Both,Age-standardized,All causes,Rate,2010,75146.33151040145,82053.75700831055,69405.00403226937
DALYs (Disability-Adjusted Life Years),Nigeria,Both,Age-standardized,All causes,Rate,2017,57630.72372662412,63733.99520751775,52045.85967536425
DALYs (Disability-Adjusted Life Years),Qatar,Both,Age-standardized,All causes,Rate,2012,27264.2408479074,31458.17758515785,23530.705077799797
DALYs (Disability-Adjusted Life Years),Côte d'Ivoire,Both,Age-standardized,All causes,Rate,2013,66063.06128889782,73382.65948333954,59816.072785108765
DALYs (Disability-Adjusted Life Years),Egypt,Both,Age-standardized,All causes,Rate,2017,37805.797771562036,41078.72559832089,34957.46101112772
DALYs (Disability-Adjusted Life Years),Lao People's Democratic Republic,Both,Age-standardized,All causes,Rate,2013,46195.60640584678,53258.659148633946,40231.25884770311
DALYs (Disability-Adjusted Life Years),Guinea,Both,Age-standardized,All causes,Rate,2014,68618.61021873845,77524.21336281448,60572.78170578566
DALYs (Disability-Adjusted Life Years),Syrian Arab Republic,Both,Age-standardized,All causes,Rate,2017,59373.472038806096,65473.86689778467,54273.18956824718
DALYs (Disability-Adjusted Life Years),Sierra Leone,Both,Age-standardized,All causes,Rate,2013,71597.3428058663,81403.31265803307,62758.61754609736
DALYs (Disability-Adjusted Life Years),Puerto Rico,Both,Age-standardized,All causes,Rate,2013,23688.56241032863,26863.419856083605,21020.831569379145
DALYs (Disability-Adjusted Life Years),New Zealand,Both,Age-standardized,All causes,Rate,2013,21338.145020725813,24662.825152396872,18462.285180794162
DALYs (Disability-Adjusted Life Years),Jamaica,Both,Age-standardized,All causes,Rate,2013,26628.67995390814,29698.619619547117,24024.70842391132
DALYs (Disability-Adjusted Life Years),Central African Republic,Both,Age-standardized,All causes,Rate,2008,111590.29619010801,126662.80151276683,96679.99130107228
DALYs (Disability-Adjusted Life Years),Taiwan (Province of China),Both,Age-standardized,All causes,Rate,2016,20422.231389655954,23114.619284241766,18103.345834863703
DALYs (Disability-Adjusted Life Years),Togo,Both,Age-standardized,All causes,Rate,2008,70491.16896317748,78198.68609158312,63353.00348187269
DALYs (Disability-Adjusted Life Years),Chile,Both,Age-standardized,All causes,Rate,2015,23083.648955742978,26240.059805036697,20290.23726853171
DALYs (Disability-Adjusted Life Years),Viet Nam,Both,Age-standardized,All causes,Rate,2016,28983.69821944725,32692.18302877166,25208.345419187528
DALYs (Disability-Adjusted Life Years),Cambodia,Both,Age-standardized,All causes,Rate,2015,41721.39799535582,47460.81608468857,36161.230010339226
DALYs (Disability-Adjusted Life Years),South Sudan,Both,Age-standardized,All causes,Rate,2008,73921.82543013695,85570.3103257048,62626.94547405615
DALYs (Disability-Adjusted Life Years),Dominica,Both,Age-standardized,All causes,Rate,2015,36395.1634119049,40205.026126830664,33132.4682635893
DALYs (Disability-Adjusted Life Years),Bosnia and Herzegovina,Both,Age-standardized,All causes,Rate,2016,24403.88702693482,27527.394399335848,21680.877321439188
DALYs (Disability-Adjusted Life Years),Austria,Both,Age-standardized,All causes,Rate,2016,19710.1058715393,22796.732800269758,17008.24477129376
DALYs (Disability-Adjusted Life Years),Luxembourg,Both,Age-standardized,All causes,Rate,2016,19140.50367128992,22176.339732925047,16444.921377026945
DALYs (Disability-Adjusted Life Years),Dominican Republic,Both,Age-standardized,All causes,Rate,2016,32723.532203086463,36425.52932529102,29578.24491026349
DALYs (Disability-Adjusted Life Years),Paraguay,Both,Age-standardized,All causes,Rate,2015,29028.146787045633,32896.45226461323,25877.068061446935
DALYs (Disability-Adjusted Life Years),Peru,Both,Age-standardized,All causes,Rate,2016,23455.09684786953,26661.714148574545,20541.08173910149
DALYs (Disability-Adjusted Life Years),Vanuatu,Both,Age-standardized,All causes,Rate,2012,45697.77881351819,51095.938327916054,41325.39464621512
DALYs (Disability-Adjusted Life Years),Peru,Both,Age-standardized,All causes,Rate,2011,25529.5794769777,29081.08917153136,22437.98105311156
DALYs (Disability-Adjusted Life Years),South Africa,Both,Age-standardized,All causes,Rate,2011,68870.17913491369,72569.74065788624,65337.38591340238
DALYs (Disability-Adjusted Life Years),Gambia,Both,Age-standardized,All causes,Rate,2013,53906.054770355906,60020.191939875935,47681.4832537771
DALYs (Disability-Adjusted Life Years),Ethiopia,Both,Age-standardized,All causes,Rate,2013,49760.27728731015,53907.25111272394,46061.88790967367
DALYs (Disability-Adjusted Life Years),Togo,Both,Age-standardized,All causes,Rate,2013,61820.56746486885,69826.91208491648,54178.351259827454
DALYs (Disability-Adjusted Life Years),Guam,Both,Age-standardized,All causes,Rate,2016,26929.611383695505,30002.770560767443,24551.446920892966
DALYs (Disability-Adjusted Life Years),Ecuador,Both,Age-standardized,All causes,Rate,2017,27010.558761723198,30314.61278866656,24292.225733809257
DALYs (Disability-Adjusted Life Years),Yemen,Both,Age-standardized,All causes,Rate,2008,48154.751908824175,55994.4005342822,40878.98384162199
DALYs (Disability-Adjusted Life Years),United Republic of Tanzania,Both,Age-standardized,All causes,Rate,2014,53350.14846198755,59045.15532014607,48442.7374605299
DALYs (Disability-Adjusted Life Years),Paraguay,Both,Age-standardized,All causes,Rate,2017,28888.85025284572,32827.02582419073,25622.082084413883
DALYs (Disability-Adjusted Life Years),Germany,Both,Age-standardized,All causes,Rate,2014,20864.698305927468,24226.012367343963,18067.21443330419
DALYs (Disability-Adjusted Life Years),Saint Vincent and the Grenadines,Both,Age-standardized,All causes,Rate,2014,33238.608397323784,36779.97147854817,30328.81697177317
DALYs (Disability-Adjusted Life Years),Philippines,Both,Age-standardized,All causes,Rate,2011,36531.967356530906,39905.11567442093,33516.31700919092
DALYs (Disability-Adjusted Life Years),Solomon Islands,Both,Age-standardized,All causes,Rate,2011,50107.07185075913,59352.14352478191,42300.02342614191
DALYs (Disability-Adjusted Life Years),Turkmenistan,Both,Age-standardized,All causes,Rate,2011,39413.2104523686,42762.57338080508,36940.74822784571
DALYs (Disability-Adjusted Life Years),Croatia,Both,Age-standardized,All causes,Rate,2015,23359.362334410587,26374.55553571334,20721.94582612697
DALYs (Disability-Adjusted Life Years),Fiji,Both,Age-standardized,All causes,Rate,2015,42283.48806820042,47679.194271727836,37111.13332951132
DALYs (Disability-Adjusted Life Years),Finland,Both,Age-standardized,All causes,Rate,2015,20062.009533949524,23242.607479442886,17349.195333761956
DALYs (Disability-Adjusted Life Years),Japan,Both,Age-standardized,All causes,Rate,2015,16680.82648989083,19511.811553973148,14305.67311788699
DALYs (Disability-Adjusted Life Years),Lebanon,Both,Age-standardized,All causes,Rate,2010,25899.277999908976,29493.443960517783,22692.7580930375
DALYs (Disability-Adjusted Life Years),Benin,Both,Age-standardized,All causes,Rate,2012,59758.35978628338,66144.87053356676,54495.692441380575
DALYs (Disability-Adjusted Life Years),Jamaica,Both,Age-standardized,All causes,Rate,2012,26704.355209028086,29828.218712194634,24145.180777626745
DALYs (Disability-Adjusted Life Years),Jamaica,Both,Age-standardized,All causes,Rate,2015,27624.81196523531,31290.10160881477,24747.386625606698
DALYs (Disability-Adjusted Life Years),Cameroon,Both,Age-standardized,All causes,Rate,2007,75913.76043079143,83636.19652135042,68098.35881314985
DALYs (Disability-Adjusted Life Years),Jordan,Both,Age-standardized,All causes,Rate,2013,25185.8524250634,28661.073624582878,22192.78162472036
DALYs (Disability-Adjusted Life Years),Portugal,Both,Age-standardized,All causes,Rate,2015,20309.50214153947,23535.203442794507,17582.017027315684
DALYs (Disability-Adjusted Life Years),El Salvador,Both,Age-standardized,All causes,Rate,2013,32665.53216666878,35807.25483201759,29862.422046564858
DALYs (Disability-Adjusted Life Years),Japan,Both,Age-standardized,All causes,Rate,2010,17696.01327201669,20546.496883802396,15325.676336115857
DALYs (Disability-Adjusted Life Years),Belize,Both,Age-standardized,All causes,Rate,2015,31415.188571010294,34716.72681680144,28696.445752651543
DALYs (Disability-Adjusted Life Years),Estonia,Both,Age-standardized,All causes,Rate,2014,25028.23642503238,28163.603653483915,22417.707084012854
DALYs (Disability-Adjusted Life Years),New Zealand,Both,Age-standardized,All causes,Rate,2014,21343.737492649874,24707.461365050283,18472.644192844156
DALYs (Disability-Adjusted Life Years),Estonia,Both,Age-standardized,All causes,Rate,2015,24355.16276229556,27488.628256267362,21649.447154963782
DALYs (Disability-Adjusted Life Years),Azerbaijan,Both,Age-standardized,All causes,Rate,2015,34354.32005291539,37466.20478452932,31543.940591018836
DALYs (Disability-Adjusted Life Years),Maldives,Both,Age-standardized,All causes,Rate,2014,22563.9612069124,25567.771311319364,20129.99060002319
DALYs (Disability-Adjusted Life Years),Saint Kitts and Nevis,Both,Age-standardized,All causes,Rate,2012,32496.404563997505,35799.950287555395,29503.184134823034
DALYs (Disability-Adjusted Life Years),Republic of Korea,Both,Age-standardized,All causes,Rate,2016,17966.342543727882,20818.719005749983,15513.547155366183
DALYs (Disability-Adjusted Life Years),Uruguay,Both,Age-standardized,All causes,Rate,2016,25871.642332084444,28911.657078406806,23203.73440143454
DALYs (Disability-Adjusted Life Years),Uruguay,Both,Age-standardized,All causes,Rate,2011,26995.18654143619,29981.094371555217,24385.752930183444
DALYs (Disability-Adjusted Life Years),Libya,Both,Age-standardized,All causes,Rate,2016,37248.4863395274,42391.07297066672,32659.824499622624
DALYs (Disability-Adjusted Life Years),Poland,Both,Age-standardized,All causes,Rate,2011,25535.889525423903,28623.948017328992,22901.234079918468
DALYs (Disability-Adjusted Life Years),China,Both,Age-standardized,All causes,Rate,2013,25319.27055035339,28396.139414146815,22617.894769305534
DALYs (Disability-Adjusted Life Years),Papua New Guinea,Both,Age-standardized,All causes,Rate,2014,49200.899097278576,55772.74644902364,42996.09292097297
DALYs (Disability-Adjusted Life Years),Turkmenistan,Both,Age-standardized,All causes,Rate,2013,38970.72611403119,42342.372914111096,36276.58360648151
DALYs (Disability-Adjusted Life Years),Belarus,Both,Age-standardized,All causes,Rate,2014,30833.923340069952,33755.94883871483,28158.26852952263
DALYs (Disability-Adjusted Life Years),Ecuador,Both,Age-standardized,All causes,Rate,2015,27339.9183146861,30936.90008637675,24591.97633102728
DALYs (Disability-Adjusted Life Years),Brunei Darussalam,Both,Age-standardized,All causes,Rate,2013,26475.120383556383,29494.39574398307,23853.124603823704
DALYs (Disability-Adjusted Life Years),Romania,Both,Age-standardized,All causes,Rate,2013,27536.738578182052,30595.281823690195,24973.474145610042
DALYs (Disability-Adjusted Life Years),Denmark,Both,Age-standardized,All causes,Rate,2013,20863.40990802567,24098.613654838442,18137.516500317444
DALYs (Disability-Adjusted Life Years),Norway,Both,Age-standardized,All causes,Rate,2013,19470.829211857417,22615.90699336741,16820.04628410205
DALYs (Disability-Adjusted Life Years),Cuba,Both,Age-standardized,All causes,Rate,2013,23006.31233368356,26003.95470099604,20453.738203289406
DALYs (Disability-Adjusted Life Years),United States of America,Both,Age-standardized,All causes,Rate,2015,25481.471474598377,28967.776406771056,22452.965256038915
DALYs (Disability-Adjusted Life Years),Bolivia (Plurinational State of),Both,Age-standardized,All causes,Rate,2013,36894.730920913375,42488.46526322784,32102.98384886837
DALYs (Disability-Adjusted Life Years),Venezuela (Bolivarian Republic of),Both,Age-standardized,All causes,Rate,2013,30172.622924996274,33394.980267306295,27547.745002111857
DALYs (Disability-Adjusted Life Years),Bermuda,Both,Age-standardized,All causes,Rate,2013,20127.77622908608,23290.539833217448,17536.82213317464
DALYs (Disability-Adjusted Life Years),Kyrgyzstan,Both,Age-standardized,All causes,Rate,2016,32261.35564996335,35326.021681386046,29594.101700218707
DALYs (Disability-Adjusted Life Years),Democratic Republic of the Congo,Both,Age-standardized,All causes,Rate,2016,60009.14172958446,69031.60777550313,52211.57664430849
DALYs (Disability-Adjusted Life Years),Saint Kitts and Nevis,Both,Age-standardized,All causes,Rate,2013,32519.846040323337,35849.99002910478,29363.56109203008
DALYs (Disability-Adjusted Life Years),Angola,Both,Age-standardized,All causes,Rate,2014,56935.972290593425,64834.26901884408,49740.31351506001
DALYs (Disability-Adjusted Life Years),Algeria,Both,Age-standardized,All causes,Rate,2015,28571.397111590086,32021.71765341256,25673.8149033726
DALYs (Disability-Adjusted Life Years),Romania,Both,Age-standardized,All causes,Rate,2011,28697.924021192983,31755.61888871235,26132.310413097082
DALYs (Disability-Adjusted Life Years),Burundi,Both,Age-standardized,All causes,Rate,2015,57646.0323989054,64311.33092089265,51597.99100459701
DALYs (Disability-Adjusted Life Years),Brunei Darussalam,Both,Age-standardized,All causes,Rate,2011,26042.705510114396,28894.68239513292,23283.749972180063
DALYs (Disability-Adjusted Life Years),Benin,Both,Age-standardized,All causes,Rate,2015,57014.228480762074,63574.481378103555,51630.40155491232
DALYs (Disability-Adjusted Life Years),Maldives,Both,Age-standardized,All causes,Rate,2017,21578.793989232996,24615.081355316703,19011.951264527157
DALYs (Disability-Adjusted Life Years),United Arab Emirates,Both,Age-standardized,All causes,Rate,2014,33983.97908211588,38859.25184808004,29939.688057166906
DALYs (Disability-Adjusted Life Years),Denmark,Both,Age-standardized,All causes,Rate,2011,21525.53628224263,24810.87104127255,18745.046531953012
DALYs (Disability-Adjusted Life Years),Mauritania,Both,Age-standardized,All causes,Rate,2015,39770.88880223648,45292.227603644256,34746.42689758034
DALYs (Disability-Adjusted Life Years),Israel,Both,Age-standardized,All causes,Rate,2011,19213.039660540533,22332.56009092366,16593.76027830135
DALYs (Disability-Adjusted Life Years),South Africa,Both,Age-standardized,All causes,Rate,2016,56018.92156593661,59972.94108585332,52660.811150494505
DALYs (Disability-Adjusted Life Years),Gambia,Both,Age-standardized,All causes,Rate,2014,53549.96323903034,59880.3688202127,47425.584146243
DALYs (Disability-Adjusted Life Years),Mongolia,Both,Age-standardized,All causes,Rate,2017,37662.25660496446,41395.761154936416,34482.53146734307
DALYs (Disability-Adjusted Life Years),India,Both,Age-standardized,All causes,Rate,2015,42195.97543352781,46103.68406229707,38670.78178793106
DALYs (Disability-Adjusted Life Years),American Samoa,Both,Age-standardized,All causes,Rate,2016,36128.439082189434,41108.56749238941,32449.31367630893
DALYs (Disability-Adjusted Life Years),Liberia,Both,Age-standardized,All causes,Rate,2016,59228.321550616136,68930.76962472426,51531.5288848357
DALYs (Disability-Adjusted Life Years),Argentina,Both,Age-standardized,All causes,Rate,2011,27821.094921597687,31026.252366944955,25119.71480836114
DALYs (Disability-Adjusted Life Years),Northern Mariana Islands,Both,Age-standardized,All causes,Rate,2016,30609.28635835416,34942.55624703546,26725.653667561954
DALYs (Disability-Adjusted Life Years),Czechia,Both,Age-standardized,All causes,Rate,2012,23183.5760580796,26254.67357093268,20506.62683508573
DALYs (Disability-Adjusted Life Years),Angola,Both,Age-standardized,All causes,Rate,2013,59246.08565619034,67485.91860769152,51827.31625822587
DALYs (Disability-Adjusted Life Years),Republic of Moldova,Both,Age-standardized,All causes,Rate,2016,31558.854065043106,34607.88405190491,29051.75472110102
DALYs (Disability-Adjusted Life Years),United States Virgin Islands,Both,Age-standardized,All causes,Rate,2016,29157.631667394846,33765.51349359632,25235.477209580382
DALYs (Disability-Adjusted Life Years),Mauritius,Both,Age-standardized,All causes,Rate,2016,28948.10419292962,32275.899830458144,26152.33173309961
DALYs (Disability-Adjusted Life Years),Spain,Both,Age-standardized,All causes,Rate,2017,18378.748029614446,21558.18979514904,15683.301167297295
DALYs (Disability-Adjusted Life Years),Cameroon,Both,Age-standardized,All causes,Rate,2014,65611.5626918679,74458.8988972647,57415.223433980325
DALYs (Disability-Adjusted Life Years),Viet Nam,Both,Age-standardized,All causes,Rate,2014,29569.326853523515,33178.69342105535,26021.995360612647
DALYs (Disability-Adjusted Life Years),Qatar,Both,Age-standardized,All causes,Rate,2015,23771.08276268582,27435.463858046976,20393.186536602574
DALYs (Disability-Adjusted Life Years),Egypt,Both,Age-standardized,All causes,Rate,2014,40537.09242365257,43853.67459276429,37673.27234091228
DALYs (Disability-Adjusted Life Years),Syrian Arab Republic,Both,Age-standardized,All causes,Rate,2014,57457.63123918428,63541.92969345893,52179.03001555906
DALYs (Disability-Adjusted Life Years),Monaco,Both,Age-standardized,All causes,Rate,2015,21544.4084880542,25173.494665001344,18749.97598289648
DALYs (Disability-Adjusted Life Years),Bosnia and Herzegovina,Both,Age-standardized,All causes,Rate,2015,24557.671073870013,27682.396757361927,21928.83328169746
DALYs (Disability-Adjusted Life Years),Bahamas,Both,Age-standardized,All causes,Rate,2017,31886.207415293542,36229.594162228605,28185.57436288438
DALYs (Disability-Adjusted Life Years),Pakistan,Both,Age-standardized,All causes,Rate,2014,50092.873251676254,55868.80308060753,44451.950363055934
DALYs (Disability-Adjusted Life Years),Iran (Islamic Republic of),Both,Age-standardized,All causes,Rate,2016,26783.870196731998,30162.952666887664,23903.60123349908
DALYs (Disability-Adjusted Life Years),Djibouti,Both,Age-standardized,All causes,Rate,2014,50685.59263024775,60894.65414611921,42411.45952069907
DALYs (Disability-Adjusted Life Years),Nigeria,Both,Age-standardized,All causes,Rate,2015,60656.06348512773,66896.8817958527,55049.3699829731
DALYs (Disability-Adjusted Life Years),Barbados,Both,Age-standardized,All causes,Rate,2013,26954.968210669635,30241.649573853912,24105.89642310248
DALYs (Disability-Adjusted Life Years),Qatar,Both,Age-standardized,All causes,Rate,2013,26034.958232265886,30213.910630326813,22445.603468303943
DALYs (Disability-Adjusted Life Years),Kuwait,Both,Age-standardized,All causes,Rate,2013,21042.46832090508,24262.499433542664,18374.523197943614
DALYs (Disability-Adjusted Life Years),Andorra,Both,Age-standardized,All causes,Rate,2017,19005.682220447055,22532.625106334253,15874.533729077111
DALYs (Disability-Adjusted Life Years),El Salvador,Both,Age-standardized,All causes,Rate,2015,36128.44152550403,39369.24693212818,33426.33987463811
DALYs (Disability-Adjusted Life Years),Italy,Both,Age-standardized,All causes,Rate,2017,18461.738572067923,21713.286842117875,15753.846946706884
DALYs (Disability-Adjusted Life Years),Chile,Both,Age-standardized,All causes,Rate,2017,22481.89442787539,25627.101176317847,19718.388321261726
DALYs (Disability-Adjusted Life Years),Dominica,Both,Age-standardized,All causes,Rate,2017,38073.98230934208,42112.691319556565,34303.7247636923
DALYs (Disability-Adjusted Life Years),Cuba,Both,Age-standardized,All causes,Rate,2011,22772.19933652578,25895.605435343772,20189.32181577961
DALYs (Disability-Adjusted Life Years),United States of America,Both,Age-standardized,All causes,Rate,2011,25234.873753633095,28694.155436439385,22237.57249242734
DALYs (Disability-Adjusted Life Years),Andorra,Both,Age-standardized,All causes,Rate,2014,19238.52422164243,22800.752599385778,16302.709375366296
DALYs (Disability-Adjusted Life Years),Venezuela (Bolivarian Republic of),Both,Age-standardized,All causes,Rate,2011,30170.149552414838,33376.059319774104,27467.59370144934
DALYs (Disability-Adjusted Life Years),Poland,Both,Age-standardized,All causes,Rate,2012,25327.19538495301,28400.19796272304,22729.88241240796
DALYs (Disability-Adjusted Life Years),Lesotho,Both,Age-standardized,All causes,Rate,2011,104770.5237869006,116577.73462890544,93717.70749604907
DALYs (Disability-Adjusted Life Years),Canada,Both,Age-standardized,All causes,Rate,2015,20037.024648049366,23225.33155671643,17332.10311438604
DALYs (Disability-Adjusted Life Years),Gambia,Both,Age-standardized,All causes,Rate,2011,55077.613654070614,61238.539030803055,48678.27456889183
DALYs (Disability-Adjusted Life Years),Mali,Both,Age-standardized,All causes,Rate,2014,67557.59067783832,74631.13635635565,61555.19048278861
DALYs (Disability-Adjusted Life Years),Botswana,Both,Age-standardized,All causes,Rate,2015,57331.49374827049,63070.482480904175,52336.11897692804
DALYs (Disability-Adjusted Life Years),Tajikistan,Both,Age-standardized,All causes,Rate,2014,35067.03280081156,38717.92963095178,31801.867156776054
DALYs (Disability-Adjusted Life Years),Burundi,Both,Age-standardized,All causes,Rate,2013,60020.61955290091,66333.73731628014,54178.70504781601
DALYs (Disability-Adjusted Life Years),Sudan,Both,Age-standardized,All causes,Rate,2012,44626.8226295596,51814.06748654029,38408.25258497159
DALYs (Disability-Adjusted Life Years),Yemen,Both,Age-standardized,All causes,Rate,2013,44019.58966557754,51543.65936668534,37604.8032121187
DALYs (Disability-Adjusted Life Years),Canada,Both,Age-standardized,All causes,Rate,2018,20201.725366381466,23398.300225105795,17535.261935363265
DALYs (Disability-Adjusted Life Years),Central African Republic,Both,Age-standardized,All causes,Rate,2013,105748.72331845795,121185.99205224487,90985.9196793039
DALYs (Disability-Adjusted Life Years),Micronesia (Federated States of),Both,Age-standardized,All causes,Rate,2015,45701.64556813603,53628.70846712603,39504.12788886227
DALYs (Disability-Adjusted Life Years),Sweden,Both,Age-standardized,All causes,Rate,2014,18637.773644673118,21704.294824925906,15917.283873026989
DALYs (Disability-Adjusted Life Years),Kyrgyzstan,Both,Age-standardized,All causes,Rate,2015,33514.250147949184,36685.25635688017,30668.186931539072
DALYs (Disability-Adjusted Life Years),Madagascar,Both,Age-standardized,All causes,Rate,2013,57159.10526268752,64905.11023370662,50307.8009849284
DALYs (Disability-Adjusted Life Years),Lesotho,Both,Age-standardized,All causes,Rate,2013,104917.94992611685,118192.56662427344,93130.34934945655
DALYs (Disability-Adjusted Life Years),Dominica,Both,Age-standardized,All causes,Rate,2014,33993.749249667606,37736.64849605438,30886.917522174273
DALYs (Disability-Adjusted Life Years),Spain,Both,Age-standardized,All causes,Rate,2015,18525.10750666632,21672.800397414456,15829.002366219333
DALYs (Disability-Adjusted Life Years),San Marino,Both,Age-standardized,All causes,Rate,2010,18413.69361981015,21608.88732514925,15754.013348791019
DALYs (Disability-Adjusted Life Years),Cook Islands,Both,Age-standardized,All causes,Rate,2015,26920.235277289405,30641.261608173158,23696.812113978653
DALYs (Disability-Adjusted Life Years),Uzbekistan,Both,Age-standardized,All causes,Rate,2011,36180.76716737193,39543.645629244136,33281.18203678668
DALYs (Disability-Adjusted Life Years),Samoa,Both,Age-standardized,All causes,Rate,2014,36496.23465555773,41491.78845941281,32321.63438752062
DALYs (Disability-Adjusted Life Years),Poland,Both,Age-standardized,All causes,Rate,2014,24167.07448326375,27259.854333822503,21561.483187674938
DALYs (Disability-Adjusted Life Years),Samoa,Both,Age-standardized,All causes,Rate,2012,36502.27405216116,41094.81983895883,32212.20772013267
DALYs (Disability-Adjusted Life Years),Papua New Guinea,Both,Age-standardized,All causes,Rate,2017,47892.675149923954,54610.72658241424,41956.42820608124
DALYs (Disability-Adjusted Life Years),Mongolia,Both,Age-standardized,All causes,Rate,2014,40152.471930400294,43782.39316164091,36839.16588977037
DALYs (Disability-Adjusted Life Years),Spain,Both,Age-standardized,All causes,Rate,2014,18515.224503972036,21676.12713201284,15817.668683365275
DALYs (Disability-Adjusted Life Years),Pakistan,Both,Age-standardized,All causes,Rate,2017,48354.44162671475,54181.23611124515,42986.566618752724
DALYs (Disability-Adjusted Life Years),Niger,Both,Age-standardized,All causes,Rate,2014,61031.74538483489,70616.63611297234,53001.530707719205
DALYs (Disability-Adjusted Life Years),Bulgaria,Both,Age-standardized,All causes,Rate,2014,31403.79137289031,34595.926439348565,28750.171324083007
DALYs (Disability-Adjusted Life Years),Ukraine,Both,Age-standardized,All causes,Rate,2014,34805.622344389274,38033.67616280647,32133.903464962987
DALYs (Disability-Adjusted Life Years),Uganda,Both,Age-standardized,All causes,Rate,2014,57239.744811184966,63773.12107225843,51837.53837908429
DALYs (Disability-Adjusted Life Years),Republic of Moldova,Both,Age-standardized,All causes,Rate,2015,32717.575911828222,35611.14400192766,30215.895716526564
DALYs (Disability-Adjusted Life Years),Palau,Both,Age-standardized,All causes,Rate,2014,43069.50682807827,48974.83930613255,37458.13503950522
DALYs (Disability-Adjusted Life Years),Uruguay,Both,Age-standardized,All causes,Rate,2012,26783.30401752299,29880.24584443314,24157.588611345116
DALYs (Disability-Adjusted Life Years),Monaco,Both,Age-standardized,All causes,Rate,2013,21878.909027982423,25277.177776033812,19120.588771508596
DALYs (Disability-Adjusted Life Years),France,Both,Age-standardized,All causes,Rate,2014,19893.539695562136,23239.31296849124,17108.960357944696
DALYs (Disability-Adjusted Life Years),Oman,Both,Age-standardized,All causes,Rate,2011,31059.720766406983,35169.91352162729,27906.186600153378
DALYs (Disability-Adjusted Life Years),Seychelles,Both,Age-standardized,All causes,Rate,2011,30571.72731887305,33624.315663481306,27934.07309318713
DALYs (Disability-Adjusted Life Years),Bahamas,Both,Age-standardized,All causes,Rate,2015,32601.633802243745,36306.42051462664,29388.381628446336
DALYs (Disability-Adjusted Life Years),Togo,Both,Age-standardized,All causes,Rate,2011,64855.07162887371,72234.79740048015,57624.30644008991
DALYs (Disability-Adjusted Life Years),Saint Kitts and Nevis,Both,Age-standardized,All causes,Rate,2011,32630.15928411042,35950.527374697675,29665.470076039313
DALYs (Disability-Adjusted Life Years),Peru,Both,Age-standardized,All causes,Rate,2012,24970.841480209423,28480.638504418122,21872.007794062385
DALYs (Disability-Adjusted Life Years),Thailand,Both,Age-standardized,All causes,Rate,2012,27131.148728165226,30734.08544586599,23985.105463989497
DALYs (Disability-Adjusted Life Years),Guatemala,Both,Age-standardized,All causes,Rate,2014,37762.8492578272,41363.1778234344,34880.985124347084
DALYs (Disability-Adjusted Life Years),Lesotho,Both,Age-standardized,All causes,Rate,2014,106131.08128133655,120112.37077632525,93840.46411333297
DALYs (Disability-Adjusted Life Years),South Africa,Both,Age-standardized,All causes,Rate,2014,59023.33027754264,63278.78668730515,55668.29499969763
DALYs (Disability-Adjusted Life Years),Serbia,Both,Age-standardized,All causes,Rate,2011,27984.843699822894,31003.525327953485,25406.202770436183
DALYs (Disability-Adjusted Life Years),Democratic People's Republic of Korea,Both,Age-standardized,All causes,Rate,2017,31025.102385564518,36588.878839611985,26418.63313211471
DALYs (Disability-Adjusted Life Years),Taiwan (Province of China),Both,Age-standardized,All causes,Rate,2017,20004.800248800304,22727.594416032032,17671.48146386911
DALYs (Disability-Adjusted Life Years),Viet Nam,Both,Age-standardized,All causes,Rate,2017,28620.044172603626,32404.48767148635,24783.040855591804
DALYs (Disability-Adjusted Life Years),Uganda,Both,Age-standardized,All causes,Rate,2017,52699.88016743886,59080.40621984321,46727.227279555475
DALYs (Disability-Adjusted Life Years),Djibouti,Both,Age-standardized,All causes,Rate,2017,47431.67018282615,57302.12077022654,39628.47247105791
DALYs (Disability-Adjusted Life Years),Mexico,Both,Age-standardized,All causes,Rate,2014,29248.916175921404,32527.35876183943,26515.715191292456
DALYs (Disability-Adjusted Life Years),Kyrgyzstan,Both,Age-standardized,All causes,Rate,2017,31336.169164886018,34339.31187849215,28615.366146407094
DALYs (Disability-Adjusted Life Years),Bosnia and Herzegovina,Both,Age-standardized,All causes,Rate,2017,24260.2782702853,27379.70496396457,21570.705827431764
DALYs (Disability-Adjusted Life Years),Republic of Korea,Both,Age-standardized,All causes,Rate,2017,17666.841989746696,20533.522989918474,15238.145687066679
DALYs (Disability-Adjusted Life Years),Belarus,Both,Age-standardized,All causes,Rate,2012,32488.984094381347,35724.900020603935,29764.458996268568
DALYs (Disability-Adjusted Life Years),France,Both,Age-standardized,All causes,Rate,2017,19590.42960405162,22896.489704461103,16839.97671002885
DALYs (Disability-Adjusted Life Years),Mauritius,Both,Age-standardized,All causes,Rate,2014,29289.62887019412,32291.09564196145,26470.626578997453
DALYs (Disability-Adjusted Life Years),Syrian Arab Republic,Both,Age-standardized,All causes,Rate,2012,46420.2167497169,51474.32255276636,42100.03583070241
DALYs (Disability-Adjusted Life Years),Republic of Moldova,Both,Age-standardized,All causes,Rate,2017,29834.9540836703,32859.74589127362,27306.202288457167
DALYs (Disability-Adjusted Life Years),Gabon,Both,Age-standardized,All causes,Rate,2014,52100.93723098346,60791.858592812794,44288.64033235402
DALYs (Disability-Adjusted Life Years),Pakistan,Both,Age-standardized,All causes,Rate,2012,50685.19927643844,56084.98007607587,45415.93500170182
DALYs (Disability-Adjusted Life Years),Palestine,Both,Age-standardized,All causes,Rate,2017,28225.870156989335,31640.60120872334,25115.69881398586
DALYs (Disability-Adjusted Life Years),Philippines,Both,Age-standardized,All causes,Rate,2009,37045.89895768872,40527.373667112064,34182.40808244398
DALYs (Disability-Adjusted Life Years),Solomon Islands,Both,Age-standardized,All causes,Rate,2009,51296.11716192162,60604.13816423929,43297.20907073779
DALYs (Disability-Adjusted Life Years),Argentina,Both,Age-standardized,All causes,Rate,2009,28201.176729188603,31368.786482257714,25481.66070067358
DALYs (Disability-Adjusted Life Years),Palestine,Both,Age-standardized,All causes,Rate,2014,30266.51871864408,33847.7008070192,26982.770482539887
DALYs (Disability-Adjusted Life Years),Guinea,Both,Age-standardized,All causes,Rate,2009,72980.94738965081,80184.56785945842,65282.1653323733
DALYs (Disability-Adjusted Life Years),Israel,Both,Age-standardized,All causes,Rate,2009,20215.02831945118,23334.04593699371,17535.33631495252
DALYs (Disability-Adjusted Life Years),Greenland,Both,Age-standardized,All causes,Rate,2011,34237.488958872505,37890.53121254883,31017.355154681216
DALYs (Disability-Adjusted Life Years),Bolivia (Plurinational State of),Both,Age-standardized,All causes,Rate,2011,38156.74541513407,43350.83647672738,33195.327994011095
DALYs (Disability-Adjusted Life Years),Bolivia (Plurinational State of),Both,Age-standardized,All causes,Rate,2009,39465.21570018433,44484.656900345566,34376.920565436194
DALYs (Disability-Adjusted Life Years),Croatia,Both,Age-standardized,All causes,Rate,2014,23105.248788724854,26134.9004167585,20518.894384533192
DALYs (Disability-Adjusted Life Years),Azerbaijan,Both,Age-standardized,All causes,Rate,2014,34946.69276613861,38296.59237405545,32010.631202719498
DALYs (Disability-Adjusted Life Years),Finland,Both,Age-standardized,All causes,Rate,2014,20406.25814652833,23576.269232095565,17693.998044835895
DALYs (Disability-Adjusted Life Years),Lao People's Democratic Republic,Both,Age-standardized,All causes,Rate,2014,44902.18202811388,52192.43318668623,38763.792221088064
DALYs (Disability-Adjusted Life Years),Fiji,Both,Age-standardized,All causes,Rate,2014,42494.72597219782,47709.03912645347,37387.87548558251
DALYs (Disability-Adjusted Life Years),Benin,Both,Age-standardized,All causes,Rate,2016,55892.3686861094,62558.7524386054,50648.76963627332
DALYs (Disability-Adjusted Life Years),Bulgaria,Both,Age-standardized,All causes,Rate,2012,31458.246076396135,34577.95888228762,28802.399468844967
DALYs (Disability-Adjusted Life Years),Côte d'Ivoire,Both,Age-standardized,All causes,Rate,2014,64084.33693392856,71565.70926882852,57797.7234113803
DALYs (Disability-Adjusted Life Years),Iran (Islamic Republic of),Both,Age-standardized,All causes,Rate,2017,26299.08784154249,29667.808412175335,23364.326668119946
DALYs (Disability-Adjusted Life Years),Liberia,Both,Age-standardized,All causes,Rate,2017,57723.449666392626,67921.11075405194,50110.78257850431
DALYs (Disability-Adjusted Life Years),Luxembourg,Both,Age-standardized,All causes,Rate,2012,19602.984760225685,22751.289782985757,16863.333605920317
DALYs (Disability-Adjusted Life Years),Senegal,Both,Age-standardized,All causes,Rate,2017,44813.06845886719,50808.50215214213,39486.068885182955
DALYs (Disability-Adjusted Life Years),Andorra,Both,Age-standardized,All causes,Rate,2018,18893.429581017022,22486.5710954095,15704.748872959077
DALYs (Disability-Adjusted Life Years),Saint Lucia,Both,Age-standardized,All causes,Rate,2017,28779.997160889827,32601.17414504439,25191.485209581493
DALYs (Disability-Adjusted Life Years),Dominica,Both,Age-standardized,All causes,Rate,2018,33645.38929328749,38082.72850801474,29676.834858123657
DALYs (Disability-Adjusted Life Years),Thailand,Both,Age-standardized,All causes,Rate,2010,28087.620097394305,31418.261522142675,25127.269430515957
DALYs (Disability-Adjusted Life Years),Guatemala,Both,Age-standardized,All causes,Rate,2017,36532.279068335534,40191.94489343689,33463.12337057613
DALYs (Disability-Adjusted Life Years),Indonesia,Both,Age-standardized,All causes,Rate,2012,38049.269064887856,42181.31606447185,34398.05726180924
DALYs (Disability-Adjusted Life Years),Ecuador,Both,Age-standardized,All causes,Rate,2018,26988.240360591204,30428.224720675902,24175.2092952505
DALYs (Disability-Adjusted Life Years),Côte d'Ivoire,Both,Age-standardized,All causes,Rate,2009,72536.86983956782,78693.94989299912,66529.08975801086
DALYs (Disability-Adjusted Life Years),Russian Federation,Both,Age-standardized,All causes,Rate,2018,31919.814638055406,35147.73829997711,29219.97300755168
DALYs (Disability-Adjusted Life Years),Guinea,Both,Age-standardized,All causes,Rate,2012,68672.51895030795,77084.44325171824,61277.958431905514
DALYs (Disability-Adjusted Life Years),Gabon,Both,Age-standardized,All causes,Rate,2017,50007.27304829137,58720.27853560458,42173.59355444518
DALYs (Disability-Adjusted Life Years),Portugal,Both,Age-standardized,All causes,Rate,2014,20567.608754408902,23835.788327905975,17819.69117697864
DALYs (Disability-Adjusted Life Years),Rwanda,Both,Age-standardized,All causes,Rate,2017,44907.11336664304,52056.07152357214,38809.42806865045
DALYs (Disability-Adjusted Life Years),Mexico,Both,Age-standardized,All causes,Rate,2017,29196.56818200187,32477.071807502973,26391.57615195518
DALYs (Disability-Adjusted Life Years),Philippines,Both,Age-standardized,All causes,Rate,2014,35602.31295121989,38848.29461917286,32449.39887025235
DALYs (Disability-Adjusted Life Years),Nepal,Both,Age-standardized,All causes,Rate,2011,41523.893759948674,47302.18331233405,37291.25574867676
DALYs (Disability-Adjusted Life Years),Solomon Islands,Both,Age-standardized,All causes,Rate,2014,49113.03700882053,58769.92745367977,41537.87242724236
DALYs (Disability-Adjusted Life Years),Argentina,Both,Age-standardized,All causes,Rate,2012,27538.43996380336,30710.13770388794,24847.634825177505
DALYs (Disability-Adjusted Life Years),Turkmenistan,Both,Age-standardized,All causes,Rate,2014,38932.789224110864,42296.618663105655,36181.28953374755
DALYs (Disability-Adjusted Life Years),Romania,Both,Age-standardized,All causes,Rate,2014,27870.39274128256,30909.89659408981,25338.13430395065
DALYs (Disability-Adjusted Life Years),Burkina Faso,Both,Age-standardized,All causes,Rate,2012,69854.45418552343,76351.0239489475,62910.10222391282
DALYs (Disability-Adjusted Life Years),Brunei Darussalam,Both,Age-standardized,All causes,Rate,2014,26570.569876233967,29511.052607478206,23917.266497507113
DALYs (Disability-Adjusted Life Years),China,Both,Age-standardized,All causes,Rate,2014,24735.271995085557,27690.474899663186,22085.777447736917
DALYs (Disability-Adjusted Life Years),Denmark,Both,Age-standardized,All causes,Rate,2014,20611.92061353795,23798.609091852806,17962.47595320879
DALYs (Disability-Adjusted Life Years),Norway,Both,Age-standardized,All causes,Rate,2014,19063.745263022043,22168.331698664646,16349.608616111966
DALYs (Disability-Adjusted Life Years),Guinea-Bissau,Both,Age-standardized,All causes,Rate,2017,66143.08833169495,75075.8080382348,57295.5920455291
DALYs (Disability-Adjusted Life Years),Portugal,Both,Age-standardized,All causes,Rate,2011,21782.506996628283,25161.687427774927,18991.28097589219
DALYs (Disability-Adjusted Life Years),Haiti,Both,Age-standardized,All causes,Rate,2014,60446.98255595018,69800.00452640602,52833.432707009866
DALYs (Disability-Adjusted Life Years),Japan,Both,Age-standardized,All causes,Rate,2011,18053.0703070321,20899.850642597932,15656.15030285441
DALYs (Disability-Adjusted Life Years),Finland,Both,Age-standardized,All causes,Rate,2011,21428.722061441942,24767.892296113165,18550.34040929458
DALYs (Disability-Adjusted Life Years),Cameroon,Both,Age-standardized,All causes,Rate,2013,66326.73552940997,74867.03937752117,58189.236217700454
DALYs (Disability-Adjusted Life Years),Mauritania,Both,Age-standardized,All causes,Rate,2011,42275.21315255456,47670.05804775928,37013.62736778931
DALYs (Disability-Adjusted Life Years),El Salvador,Both,Age-standardized,All causes,Rate,2014,33980.32997229605,37188.01489011239,31127.03360532067
DALYs (Disability-Adjusted Life Years),Costa Rica,Both,Age-standardized,All causes,Rate,2014,22655.622582484644,25848.10985239019,19936.425535715895
DALYs (Disability-Adjusted Life Years),Papua New Guinea,Both,Age-standardized,All causes,Rate,2015,48642.08531115131,55182.052319826136,42362.25285787042
DALYs (Disability-Adjusted Life Years),Brazil,Both,Age-standardized,All causes,Rate,2017,30041.96046645918,33585.07012141764,27101.773107205652
DALYs (Disability-Adjusted Life Years),Tonga,Both,Age-standardized,All causes,Rate,2011,33099.91495629446,38135.476476776385,28375.504371406558
DALYs (Disability-Adjusted Life Years),Mongolia,Both,Age-standardized,All causes,Rate,2015,39148.034595624835,42728.964916717836,35773.93996946048
DALYs (Disability-Adjusted Life Years),Bulgaria,Both,Age-standardized,All causes,Rate,2015,30961.046622417172,34254.17821593778,28146.70372725711
DALYs (Disability-Adjusted Life Years),Jamaica,Both,Age-standardized,All causes,Rate,2014,27762.452956209192,30928.237215081168,25177.264225878032
DALYs (Disability-Adjusted Life Years),Tokelau,Both,Age-standardized,All causes,Rate,2009,34960.145810108035,41456.00442447521,29621.076901002038
DALYs (Disability-Adjusted Life Years),Paraguay,Both,Age-standardized,All causes,Rate,2016,29394.06363145014,33162.18374233239,26327.513445326156
DALYs (Disability-Adjusted Life Years),Guam,Both,Age-standardized,All causes,Rate,2017,27211.20754366292,30299.578906983726,24750.713643411953
DALYs (Disability-Adjusted Life Years),United States of America,Both,Age-standardized,All causes,Rate,2012,25171.504920816613,28654.056391067763,22167.05717897538
DALYs (Disability-Adjusted Life Years),Belarus,Both,Age-standardized,All causes,Rate,2015,29556.89865299833,32700.158796303313,26941.892735441903
DALYs (Disability-Adjusted Life Years),Uganda,Both,Age-standardized,All causes,Rate,2012,61297.50210623753,67857.07103811807,55800.25368701946
DALYs (Disability-Adjusted Life Years),Cambodia,Both,Age-standardized,All causes,Rate,2016,41134.855238405195,47123.51345543127,35638.38747999252
DALYs (Disability-Adjusted Life Years),Fiji,Both,Age-standardized,All causes,Rate,2016,42404.90725473982,48298.14897820196,37153.418479801636
DALYs (Disability-Adjusted Life Years),Cuba,Both,Age-standardized,All causes,Rate,2012,23035.487304702303,26114.161892595177,20462.87461713044
DALYs (Disability-Adjusted Life Years),Azerbaijan,Both,Age-standardized,All causes,Rate,2016,33992.72798388353,37147.98553896229,31190.71096458091
DALYs (Disability-Adjusted Life Years),Andorra,Both,Age-standardized,All causes,Rate,2015,19136.68651642054,22602.099170708083,16123.656621807644
DALYs (Disability-Adjusted Life Years),Italy,Both,Age-standardized,All causes,Rate,2015,18734.47330678046,21998.46696711498,15983.400996704222
DALYs (Disability-Adjusted Life Years),Croatia,Both,Age-standardized,All causes,Rate,2016,22567.34786783628,25536.71042127316,20002.393256493266
DALYs (Disability-Adjusted Life Years),Estonia,Both,Age-standardized,All causes,Rate,2016,24372.876087400335,27499.405976251834,21701.040114863703
DALYs (Disability-Adjusted Life Years),New Zealand,Both,Age-standardized,All causes,Rate,2016,20950.926416989994,24285.16321365582,18078.882926522554
DALYs (Disability-Adjusted Life Years),Iraq,Both,Age-standardized,All causes,Rate,2015,38810.25903369021,45245.19324269998,33816.88864909151
DALYs (Disability-Adjusted Life Years),Ireland,Both,Age-standardized,All causes,Rate,2016,20054.40815601571,23351.955915060742,17320.104670244524
DALYs (Disability-Adjusted Life Years),Türkiye,Both,Age-standardized,All causes,Rate,2015,26986.605238212407,30383.5228189858,23979.24366789591
DALYs (Disability-Adjusted Life Years),Ethiopia,Both,Age-standardized,All causes,Rate,2015,47042.542617367806,51425.44355105254,43038.25449601716
DALYs (Disability-Adjusted Life Years),Togo,Both,Age-standardized,All causes,Rate,2014,60598.07818391337,68955.11358975901,52827.86511986274
DALYs (Disability-Adjusted Life Years),Belize,Both,Age-standardized,All causes,Rate,2016,31348.70143992148,34649.61568493519,28680.964575536334
DALYs (Disability-Adjusted Life Years),Qatar,Both,Age-standardized,All causes,Rate,2016,23322.068289912902,26965.297065511106,19994.438145813492
DALYs (Disability-Adjusted Life Years),Eswatini,Both,Age-standardized,All causes,Rate,2015,89348.73140449205,103507.75701744639,75860.63745008291
DALYs (Disability-Adjusted Life Years),Bahrain,Both,Age-standardized,All causes,Rate,2014,27392.1877719492,30889.149599776487,24511.047342818034
DALYs (Disability-Adjusted Life Years),Palau,Both,Age-standardized,All causes,Rate,2015,42599.46867264329,48675.074267776385,37004.25049500187
DALYs (Disability-Adjusted Life Years),Oman,Both,Age-standardized,All causes,Rate,2014,29732.534634025047,33814.01232312889,26718.698775339177
DALYs (Disability-Adjusted Life Years),Bhutan,Both,Age-standardized,All causes,Rate,2014,34629.20260133018,40070.87249407405,30007.26479395613
DALYs (Disability-Adjusted Life Years),Iceland,Both,Age-standardized,All causes,Rate,2012,18996.63183481039,22123.984725395203,16319.224697878453
DALYs (Disability-Adjusted Life Years),Jordan,Both,Age-standardized,All causes,Rate,2014,24748.89106239636,28223.509486023373,21700.243446173474
DALYs (Disability-Adjusted Life Years),Kenya,Both,Age-standardized,All causes,Rate,2014,53331.42567221115,57927.32718746868,49396.288246421645
DALYs (Disability-Adjusted Life Years),Maldives,Both,Age-standardized,All causes,Rate,2015,22215.57331199964,25233.33411938136,19754.170520444764
DALYs (Disability-Adjusted Life Years),American Samoa,Both,Age-standardized,All causes,Rate,2017,36063.41554255981,40853.589555572195,32432.85097889976
DALYs (Disability-Adjusted Life Years),Zimbabwe,Both,Age-standardized,All causes,Rate,2017,69587.17768848008,78387.94818691628,61093.88540320714
DALYs (Disability-Adjusted Life Years),Democratic Republic of the Congo,Both,Age-standardized,All causes,Rate,2017,58401.48245466812,67339.9729811152,50529.38405467078
DALYs (Disability-Adjusted Life Years),Slovakia,Both,Age-standardized,All causes,Rate,2010,26608.95008959504,29799.81097396133,23919.203849684807
DALYs (Disability-Adjusted Life Years),Zimbabwe,Both,Age-standardized,All causes,Rate,2012,79365.394572266,87075.90885755238,72254.23001266073
DALYs (Disability-Adjusted Life Years),Costa Rica,Both,Age-standardized,All causes,Rate,2010,23724.02190330083,26878.960281994714,21007.227547660255
DALYs (Disability-Adjusted Life Years),Bolivia (Plurinational State of),Both,Age-standardized,All causes,Rate,2012,37451.97996865064,43002.12849904709,32571.386255892467
DALYs (Disability-Adjusted Life Years),Finland,Both,Age-standardized,All causes,Rate,2012,21126.27444307812,24432.134160196983,18278.918649768388
DALYs (Disability-Adjusted Life Years),Thailand,Both,Age-standardized,All causes,Rate,2013,26681.24502670675,29961.12342684295,23603.25720296324
DALYs (Disability-Adjusted Life Years),Senegal,Both,Age-standardized,All causes,Rate,2015,46494.8093824436,51948.99406325443,41770.18889959891
DALYs (Disability-Adjusted Life Years),Burundi,Both,Age-standardized,All causes,Rate,2016,56340.06791093047,63026.45940789913,49956.556552219554
DALYs (Disability-Adjusted Life Years),Norway,Both,Age-standardized,All causes,Rate,2012,19737.03627114981,22934.221085531935,16972.7185224264
DALYs (Disability-Adjusted Life Years),Sudan,Both,Age-standardized,All causes,Rate,2013,44040.78890243216,51281.56354905489,37882.08229592338
DALYs (Disability-Adjusted Life Years),Barbados,Both,Age-standardized,All causes,Rate,2014,26955.613204495883,30395.33424879933,23915.807066604873
DALYs (Disability-Adjusted Life Years),Panama,Both,Age-standardized,All causes,Rate,2017,24698.016767014116,28024.60719085127,22090.35863862907
DALYs (Disability-Adjusted Life Years),Comoros,Both,Age-standardized,All causes,Rate,2014,45866.123410713306,52555.48065895692,40470.364188135485
DALYs (Disability-Adjusted Life Years),Jordan,Both,Age-standardized,All causes,Rate,2016,23873.13217626317,27483.61930767106,20765.365469243592
DALYs (Disability-Adjusted Life Years),Namibia,Both,Age-standardized,All causes,Rate,2014,56870.31209541646,64468.69849643815,48869.11122912877
DALYs (Disability-Adjusted Life Years),Equatorial Guinea,Both,Age-standardized,All causes,Rate,2015,52334.442228422275,63759.303112113506,42503.81790877238
DALYs (Disability-Adjusted Life Years),India,Both,Age-standardized,All causes,Rate,2016,41082.42435614145,45015.38625732848,37926.148753357505
DALYs (Disability-Adjusted Life Years),Canada,Both,Age-standardized,All causes,Rate,2019,20036.678374434563,23223.686972239844,17378.77983289519
DALYs (Disability-Adjusted Life Years),Italy,Both,Age-standardized,All causes,Rate,2018,18344.687852011455,21596.11660497893,15615.520123096083
DALYs (Disability-Adjusted Life Years),Chile,Both,Age-standardized,All causes,Rate,2018,22259.491422032323,25393.17464668569,19503.574750383756
DALYs (Disability-Adjusted Life Years),Suriname,Both,Age-standardized,All causes,Rate,2014,34727.94175583563,38425.53654310007,31752.93572475597
DALYs (Disability-Adjusted Life Years),Paraguay,Both,Age-standardized,All causes,Rate,2018,29081.94198002501,32760.78083034445,25734.59704553581
DALYs (Disability-Adjusted Life Years),Norway,Both,Age-standardized,All causes,Rate,2010,20310.669931105884,23585.261153755288,17576.25187129614
DALYs (Disability-Adjusted Life Years),Colombia,Both,Age-standardized,All causes,Rate,2016,24505.71235262727,27462.41786078706,21863.668572776372
DALYs (Disability-Adjusted Life Years),Morocco,Both,Age-standardized,All causes,Rate,2018,31660.307800921815,36389.412654700056,27108.77146698128
DALYs (Disability-Adjusted Life Years),Panama,Both,Age-standardized,All causes,Rate,2016,24762.261909338617,28003.18376844555,22151.063377483268
DALYs (Disability-Adjusted Life Years),Türkiye,Both,Age-standardized,All causes,Rate,2018,25474.196362864943,28904.133382477852,22398.194213468545
DALYs (Disability-Adjusted Life Years),United States Virgin Islands,Both,Age-standardized,All causes,Rate,2012,28752.80466618664,33101.241938992374,25270.96877123379
DALYs (Disability-Adjusted Life Years),Slovakia,Both,Age-standardized,All causes,Rate,2012,25821.294134411728,28922.328369221083,23227.132920818145
DALYs (Disability-Adjusted Life Years),Equatorial Guinea,Both,Age-standardized,All causes,Rate,2018,52412.434758966796,63915.24350545028,42339.45998327095
DALYs (Disability-Adjusted Life Years),Australia,Both,Age-standardized,All causes,Rate,2012,20414.42773031072,23761.21762557164,17554.132863418392
DALYs (Disability-Adjusted Life Years),Portugal,Both,Age-standardized,All causes,Rate,2012,21414.5561387824,24784.420224866622,18598.093246683537
DALYs (Disability-Adjusted Life Years),Ethiopia,Both,Age-standardized,All causes,Rate,2018,43980.768772820724,48505.267389926135,39667.15442248361
DALYs (Disability-Adjusted Life Years),Mongolia,Both,Age-standardized,All causes,Rate,2018,36941.33812380684,41036.92946409274,33465.350091329536
DALYs (Disability-Adjusted Life Years),Bosnia and Herzegovina,Both,Age-standardized,All causes,Rate,2013,24346.599498977033,27514.9049934316,21744.953344359215
DALYs (Disability-Adjusted Life Years),Montenegro,Both,Age-standardized,All causes,Rate,2018,26736.07354310013,29759.1441403527,24100.167161768855
DALYs (Disability-Adjusted Life Years),Northern Mariana Islands,Both,Age-standardized,All causes,Rate,2017,30249.265854523284,34796.24989749043,26219.275267272173
DALYs (Disability-Adjusted Life Years),United States Virgin Islands,Both,Age-standardized,All causes,Rate,2017,29434.65050915987,34411.13941166905,25524.71840384097
DALYs (Disability-Adjusted Life Years),Croatia,Both,Age-standardized,All causes,Rate,2012,23821.899955658442,26847.098586605713,21238.420693711967
DALYs (Disability-Adjusted Life Years),Republic of Korea,Both,Age-standardized,All causes,Rate,2013,18864.44752023144,21732.834467705918,16431.212975897542
DALYs (Disability-Adjusted Life Years),Sweden,Both,Age-standardized,All causes,Rate,2013,18798.75898915694,21896.944192740604,16153.592772796483
DALYs (Disability-Adjusted Life Years),Saint Vincent and the Grenadines,Both,Age-standardized,All causes,Rate,2013,33886.68989136612,37576.40587451576,30903.71458026137
DALYs (Disability-Adjusted Life Years),Malaysia,Both,Age-standardized,All causes,Rate,2015,28510.401116156758,31561.789175951548,25984.81345117199
DALYs (Disability-Adjusted Life Years),Iraq,Both,Age-standardized,All causes,Rate,2013,38018.90841499116,44266.9848553992,32673.693547451378
DALYs (Disability-Adjusted Life Years),Monaco,Both,Age-standardized,All causes,Rate,2014,21712.642469653194,25179.497836361443,18864.671080172076
DALYs (Disability-Adjusted Life Years),Republic of Korea,Both,Age-standardized,All causes,Rate,2015,18210.03533436175,21004.226488322212,15736.232851912913
DALYs (Disability-Adjusted Life Years),France,Both,Age-standardized,All causes,Rate,2015,19944.036297456983,23201.560163926282,17146.27743950415
DALYs (Disability-Adjusted Life Years),Botswana,Both,Age-standardized,All causes,Rate,2016,54994.721071980646,60783.90715644344,49919.468109277885
DALYs (Disability-Adjusted Life Years),Saint Lucia,Both,Age-standardized,All causes,Rate,2015,28860.26467020183,32521.91725488072,25558.930256676536
DALYs (Disability-Adjusted Life Years),Tuvalu,Both,Age-standardized,All causes,Rate,2016,43606.79707020136,49467.790838537374,37898.92881437746
DALYs (Disability-Adjusted Life Years),Colombia,Both,Age-standardized,All causes,Rate,2017,24221.065077410793,27230.127278615502,21667.767859730462
DALYs (Disability-Adjusted Life Years),Slovenia,Both,Age-standardized,All causes,Rate,2017,19712.676112148765,22881.321432089913,17155.716445320555
DALYs (Disability-Adjusted Life Years),Venezuela (Bolivarian Republic of),Both,Age-standardized,All causes,Rate,2012,30468.08284755674,33635.55116324199,27837.036741338707
DALYs (Disability-Adjusted Life Years),Oman,Both,Age-standardized,All causes,Rate,2012,30367.75331436114,34462.46677419552,27183.017518213925
DALYs (Disability-Adjusted Life Years),Vanuatu,Both,Age-standardized,All causes,Rate,2013,45122.98790817275,50315.6873925412,40824.2280021176
DALYs (Disability-Adjusted Life Years),Oman,Both,Age-standardized,All causes,Rate,2010,31378.283873496697,35258.615459571694,28062.142772565458
DALYs (Disability-Adjusted Life Years),Greenland,Both,Age-standardized,All causes,Rate,2014,32845.56073534267,36605.237350518226,29526.811459818793
DALYs (Disability-Adjusted Life Years),Tokelau,Both,Age-standardized,All causes,Rate,2014,33336.89297857389,39819.76716906838,28430.17654304408
DALYs (Disability-Adjusted Life Years),Palau,Both,Age-standardized,All causes,Rate,2017,42038.35212044723,47710.501835495576,36541.604241971916
DALYs (Disability-Adjusted Life Years),Vanuatu,Both,Age-standardized,All causes,Rate,2010,46824.74547755488,52649.8464101818,41785.013150767256
DALYs (Disability-Adjusted Life Years),Democratic People's Republic of Korea,Both,Age-standardized,All causes,Rate,2018,30649.738672365085,36114.179330569306,26113.20719792458
DALYs (Disability-Adjusted Life Years),Maldives,Both,Age-standardized,All causes,Rate,2018,21162.647057709444,24160.359397747812,18576.97096756996
DALYs (Disability-Adjusted Life Years),Haiti,Both,Age-standardized,All causes,Rate,2010,193362.57320446937,209282.3283638924,179128.43460280774
DALYs (Disability-Adjusted Life Years),Papua New Guinea,Both,Age-standardized,All causes,Rate,2018,47765.62592788479,54745.374950272606,42123.89628083664
DALYs (Disability-Adjusted Life Years),Singapore,Both,Age-standardized,All causes,Rate,2017,15388.5928990936,18098.43986652056,13169.015568684694
DALYs (Disability-Adjusted Life Years),Bulgaria,Both,Age-standardized,All causes,Rate,2013,30958.815647782427,34247.94808644241,28295.771978879937
DALYs (Disability-Adjusted Life Years),Palestine,Both,Age-standardized,All causes,Rate,2015,29846.894190305473,33300.5069376144,26619.53327899401
DALYs (Disability-Adjusted Life Years),Gabon,Both,Age-standardized,All causes,Rate,2015,51246.10400772409,60238.138257430364,43435.12862669276
DALYs (Disability-Adjusted Life Years),Iraq,Both,Age-standardized,All causes,Rate,2017,37582.161064744156,43760.88037755038,32753.28789217976
DALYs (Disability-Adjusted Life Years),Türkiye,Both,Age-standardized,All causes,Rate,2017,26179.91920258485,29590.08871127629,23212.807582446254
DALYs (Disability-Adjusted Life Years),Taiwan (Province of China),Both,Age-standardized,All causes,Rate,2018,19886.714379337674,22637.155996019457,17568.935237524136
DALYs (Disability-Adjusted Life Years),Eswatini,Both,Age-standardized,All causes,Rate,2018,78492.92780987656,92507.85783741031,65878.23358081153
DALYs (Disability-Adjusted Life Years),Viet Nam,Both,Age-standardized,All causes,Rate,2018,28296.24272433016,32121.4577260367,24371.41627121133
DALYs (Disability-Adjusted Life Years),Guinea-Bissau,Both,Age-standardized,All causes,Rate,2018,65345.38110857903,74519.05679909038,56697.68843350753
DALYs (Disability-Adjusted Life Years),Guinea,Both,Age-standardized,All causes,Rate,2013,67537.99555299364,76081.93778889443,59827.95824201922
DALYs (Disability-Adjusted Life Years),Bhutan,Both,Age-standardized,All causes,Rate,2012,35778.065881523544,41600.85214769873,31248.454992487063
DALYs (Disability-Adjusted Life Years),Bosnia and Herzegovina,Both,Age-standardized,All causes,Rate,2018,24140.429886550657,27329.726692094537,21536.432506238172
DALYs (Disability-Adjusted Life Years),Comoros,Both,Age-standardized,All causes,Rate,2012,47843.76976756779,54799.33261019265,42391.352562236985
DALYs (Disability-Adjusted Life Years),Senegal,Both,Age-standardized,All causes,Rate,2018,43698.910454889294,49570.42753395069,38222.949780030314
DALYs (Disability-Adjusted Life Years),Guatemala,Both,Age-standardized,All causes,Rate,2015,37739.82265308018,41384.699996905096,34782.99124613398
DALYs (Disability-Adjusted Life Years),Bermuda,Both,Age-standardized,All causes,Rate,2014,20030.023035997237,23212.945408925145,17388.553707782557
DALYs (Disability-Adjusted Life Years),Guatemala,Both,Age-standardized,All causes,Rate,2013,38227.43976306294,41712.34920618771,35326.073060211456
DALYs (Disability-Adjusted Life Years),Andorra,Both,Age-standardized,All causes,Rate,2019,18731.16755212931,22372.006124429372,15533.243531288143
DALYs (Disability-Adjusted Life Years),Palestine,Both,Age-standardized,All causes,Rate,2013,30773.18281421533,34385.56052615897,27449.982722840392
DALYs (Disability-Adjusted Life Years),Republic of Moldova,Both,Age-standardized,All causes,Rate,2018,29558.98478687416,32465.591494368146,27016.267106909374
DALYs (Disability-Adjusted Life Years),Grenada,Both,Age-standardized,All causes,Rate,2015,31989.465612087824,35710.998658805824,29026.439894037005
DALYs (Disability-Adjusted Life Years),Mexico,Both,Age-standardized,All causes,Rate,2015,28985.720486480965,32210.25837714859,26240.742410376
DALYs (Disability-Adjusted Life Years),France,Both,Age-standardized,All causes,Rate,2018,19446.99083197934,22818.671605944433,16637.8549625467
DALYs (Disability-Adjusted Life Years),Chile,Both,Age-standardized,All causes,Rate,2016,22741.3391912811,25872.25775093117,19982.97625281204
DALYs (Disability-Adjusted Life Years),Monaco,Both,Age-standardized,All causes,Rate,2016,21380.39638815932,25089.471789919065,18581.819499016427
DALYs (Disability-Adjusted Life Years),Burundi,Both,Age-standardized,All causes,Rate,2012,61719.90080786732,68504.60848535359,55513.144270097684
DALYs (Disability-Adjusted Life Years),Cook Islands,Both,Age-standardized,All causes,Rate,2016,26859.750654207794,30715.58643742442,23574.75257741048
DALYs (Disability-Adjusted Life Years),Lao People's Democratic Republic,Both,Age-standardized,All causes,Rate,2017,42198.030132484484,48924.27613492335,35879.07095229042
DALYs (Disability-Adjusted Life Years),Marshall Islands,Both,Age-standardized,All causes,Rate,2017,51394.567570789164,60180.444884018456,44316.74506790243
DALYs (Disability-Adjusted Life Years),Estonia,Both,Age-standardized,All causes,Rate,2017,23344.423448345868,26382.670198535918,20714.611293704336
DALYs (Disability-Adjusted Life Years),Kazakhstan,Both,Age-standardized,All causes,Rate,2017,32602.540916160804,35836.528943974976,29790.914715593863
DALYs (Disability-Adjusted Life Years),Estonia,Both,Age-standardized,All causes,Rate,2012,26157.90970311728,29286.454189432643,23554.236621166
DALYs (Disability-Adjusted Life Years),Dominica,Both,Age-standardized,All causes,Rate,2016,34134.065540898235,38033.78088503233,30600.105521037392
DALYs (Disability-Adjusted Life Years),Liberia,Both,Age-standardized,All causes,Rate,2015,63963.079149964375,72783.28880465157,56246.7875132401
DALYs (Disability-Adjusted Life Years),Guam,Both,Age-standardized,All causes,Rate,2018,27358.643595415215,30629.835327883713,24919.396770428364
DALYs (Disability-Adjusted Life Years),Kyrgyzstan,Both,Age-standardized,All causes,Rate,2018,30396.510941926717,33448.092476748134,27785.709717371687
DALYs (Disability-Adjusted Life Years),Palau,Both,Age-standardized,All causes,Rate,2018,41199.42783759492,47349.63296655977,35716.22822363332
DALYs (Disability-Adjusted Life Years),Italy,Both,Age-standardized,All causes,Rate,2019,17985.036145095208,21192.70750647235,15306.367508544488
DALYs (Disability-Adjusted Life Years),Türkiye,Both,Age-standardized,All causes,Rate,2013,27114.82281943994,30470.383423889853,24133.848759786673
DALYs (Disability-Adjusted Life Years),Indonesia,Both,Age-standardized,All causes,Rate,2015,36497.25350482626,40941.2090266118,32608.756920955806
DALYs (Disability-Adjusted Life Years),Tokelau,Both,Age-standardized,All causes,Rate,2013,33668.09563619511,39765.67813930771,28574.889948097105
DALYs (Disability-Adjusted Life Years),Greenland,Both,Age-standardized,All causes,Rate,2013,33335.80693949932,37122.62258506008,30019.518727916282
DALYs (Disability-Adjusted Life Years),Seychelles,Both,Age-standardized,All causes,Rate,2012,30595.195417358806,33711.060036368166,27954.534967087813
DALYs (Disability-Adjusted Life Years),Greenland,Both,Age-standardized,All causes,Rate,2012,33671.74378577824,37325.89677197165,30387.632585825664
DALYs (Disability-Adjusted Life Years),Georgia,Both,Age-standardized,All causes,Rate,2012,31725.9841807326,34816.89806169827,29179.492598613688
DALYs (Disability-Adjusted Life Years),China,Both,Age-standardized,All causes,Rate,2015,24194.58188801447,27453.66300164107,21578.230148051465
DALYs (Disability-Adjusted Life Years),Spain,Both,Age-standardized,All causes,Rate,2013,18611.61179872058,21773.280841993368,15896.642025187035
DALYs (Disability-Adjusted Life Years),Lithuania,Both,Age-standardized,All causes,Rate,2014,29241.357940788832,32348.924190141115,26669.942379943055
DALYs (Disability-Adjusted Life Years),Timor-Leste,Both,Age-standardized,All causes,Rate,2016,38651.074892539385,43565.78563098472,34072.4451587644
DALYs (Disability-Adjusted Life Years),Kazakhstan,Both,Age-standardized,All causes,Rate,2013,37145.664286334875,40403.87071752811,34240.92759683398
DALYs (Disability-Adjusted Life Years),Mongolia,Both,Age-standardized,All causes,Rate,2016,38405.285547381514,42088.83567311119,35207.95956706442
DALYs (Disability-Adjusted Life Years),Rwanda,Both,Age-standardized,All causes,Rate,2015,46635.40307928195,53509.820765209806,40723.59797108989
DALYs (Disability-Adjusted Life Years),Niue,Both,Age-standardized,All causes,Rate,2012,37789.55628454408,44234.19804627676,32491.584929572175
DALYs (Disability-Adjusted Life Years),United States Virgin Islands,Both,Age-standardized,All causes,Rate,2015,29137.541764381942,33873.46235465279,25265.290199201096
DALYs (Disability-Adjusted Life Years),Montenegro,Both,Age-standardized,All causes,Rate,2016,26734.60376583717,29812.244780491783,24115.189184597068
DALYs (Disability-Adjusted Life Years),Andorra,Both,Age-standardized,All causes,Rate,2016,19095.08173426699,22614.347753918297,16046.353163280597
DALYs (Disability-Adjusted Life Years),Russian Federation,Both,Age-standardized,All causes,Rate,2016,33920.99211958387,37155.15703910777,31208.00713321309
DALYs (Disability-Adjusted Life Years),Honduras,Both,Age-standardized,All causes,Rate,2017,35106.8173507954,40415.58789194979,30554.280818317315
DALYs (Disability-Adjusted Life Years),Belize,Both,Age-standardized,All causes,Rate,2017,31061.282776218053,34212.56359340762,28349.6323308667
DALYs (Disability-Adjusted Life Years),Jordan,Both,Age-standardized,All causes,Rate,2017,23397.545952592784,26773.230206310767,20311.0430917118
DALYs (Disability-Adjusted Life Years),New Zealand,Both,Age-standardized,All causes,Rate,2017,20993.051044773172,24261.06047650532,18114.521494810204
DALYs (Disability-Adjusted Life Years),Hungary,Both,Age-standardized,All causes,Rate,2013,26461.251523806735,29572.76903628402,23933.338917463072
DALYs (Disability-Adjusted Life Years),Republic of Korea,Both,Age-standardized,All causes,Rate,2018,17526.61993518444,20400.22461076483,15103.790678387524
DALYs (Disability-Adjusted Life Years),Spain,Both,Age-standardized,All causes,Rate,2018,18321.151476133167,21535.48400036058,15632.973655933774
DALYs (Disability-Adjusted Life Years),Hungary,Both,Age-standardized,All causes,Rate,2017,25597.45101765747,28687.781517241696,23009.981938998942
DALYs (Disability-Adjusted Life Years),Marshall Islands,Both,Age-standardized,All causes,Rate,2013,53349.067252111025,60667.38233075706,46954.086506456384
DALYs (Disability-Adjusted Life Years),Bhutan,Both,Age-standardized,All causes,Rate,2010,37364.19961754296,43490.04860227652,32641.532758119072
DALYs (Disability-Adjusted Life Years),Ireland,Both,Age-standardized,All causes,Rate,2017,19625.498779540772,22822.669415068853,16911.657930888392
DALYs (Disability-Adjusted Life Years),Belarus,Both,Age-standardized,All causes,Rate,2013,31764.084734130614,34916.473693832886,29052.349248679217
DALYs (Disability-Adjusted Life Years),Cameroon,Both,Age-standardized,All causes,Rate,2012,67318.1119879451,75756.74472837146,59350.70245246628
DALYs (Disability-Adjusted Life Years),Germany,Both,Age-standardized,All causes,Rate,2013,21114.807479445637,24472.319800398305,18328.179189939387
DALYs (Disability-Adjusted Life Years),Seychelles,Both,Age-standardized,All causes,Rate,2015,30833.92757825992,33866.74597578096,28281.321538659853
DALYs (Disability-Adjusted Life Years),Ecuador,Both,Age-standardized,All causes,Rate,2016,27346.224571089977,30889.090895392113,24578.29799628907
DALYs (Disability-Adjusted Life Years),Ethiopia,Both,Age-standardized,All causes,Rate,2016,46015.89782559587,50402.354675979,42305.06592384308
DALYs (Disability-Adjusted Life Years),Guinea,Both,Age-standardized,All causes,Rate,2010,71368.4359735585,78220.66749095076,64123.96526163362
DALYs (Disability-Adjusted Life Years),Saint Lucia,Both,Age-standardized,All causes,Rate,2013,29180.789971920305,32748.61354468802,26138.45090926052
DALYs (Disability-Adjusted Life Years),Vanuatu,Both,Age-standardized,All causes,Rate,2015,44654.57850627187,50014.581462960065,39901.0481408997
DALYs (Disability-Adjusted Life Years),Brunei Darussalam,Both,Age-standardized,All causes,Rate,2015,26753.934102499396,29732.066346281015,24139.85633918659
DALYs (Disability-Adjusted Life Years),Rwanda,Both,Age-standardized,All causes,Rate,2013,48270.725913720045,54659.671328721604,42882.62050667774
DALYs (Disability-Adjusted Life Years),Italy,Both,Age-standardized,All causes,Rate,2016,18525.260679438492,21764.090094550807,15790.64611325372
DALYs (Disability-Adjusted Life Years),Zimbabwe,Both,Age-standardized,All causes,Rate,2013,75898.33039265728,83407.75880375705,68840.1963120738
DALYs (Disability-Adjusted Life Years),Burkina Faso,Both,Age-standardized,All causes,Rate,2015,65178.69386871793,71824.29584324654,58485.85051172139
DALYs (Disability-Adjusted Life Years),Mali,Both,Age-standardized,All causes,Rate,2016,64025.6792809979,71162.05101212961,57929.87622033554
DALYs (Disability-Adjusted Life Years),Zimbabwe,Both,Age-standardized,All causes,Rate,2015,71778.95447672182,79756.56574245146,64057.36617784827
DALYs (Disability-Adjusted Life Years),Guatemala,Both,Age-standardized,All causes,Rate,2018,36512.481535126826,40249.81879664462,33475.83412286855
DALYs (Disability-Adjusted Life Years),Northern Mariana Islands,Both,Age-standardized,All causes,Rate,2015,30692.750322940792,35205.68602429139,26864.03067535882
DALYs (Disability-Adjusted Life Years),Tokelau,Both,Age-standardized,All causes,Rate,2010,34628.21963954507,40907.636331299174,29317.77148255654
DALYs (Disability-Adjusted Life Years),Haiti,Both,Age-standardized,All causes,Rate,2011,66078.10082291953,75023.44349925914,58397.647527124944
DALYs (Disability-Adjusted Life Years),Thailand,Both,Age-standardized,All causes,Rate,2011,27611.228450298182,30801.3007116102,24514.26264926223
DALYs (Disability-Adjusted Life Years),Colombia,Both,Age-standardized,All causes,Rate,2015,24625.230807887106,27828.108413907208,22000.401847840196
DALYs (Disability-Adjusted Life Years),Lesotho,Both,Age-standardized,All causes,Rate,2010,106240.19822622974,117980.8755711055,95635.99137900387
DALYs (Disability-Adjusted Life Years),Jordan,Both,Age-standardized,All causes,Rate,2015,24196.383186213287,27724.425048592453,21096.07696566577
DALYs (Disability-Adjusted Life Years),Slovakia,Both,Age-standardized,All causes,Rate,2015,25110.922601757768,28198.92351561104,22472.988374296554
DALYs (Disability-Adjusted Life Years),Bahamas,Both,Age-standardized,All causes,Rate,2018,31624.67346354727,36552.876359143025,27540.723518501753
DALYs (Disability-Adjusted Life Years),Mexico,Both,Age-standardized,All causes,Rate,2018,29155.042937384675,32439.353615162214,26445.823224097247
DALYs (Disability-Adjusted Life Years),Cambodia,Both,Age-standardized,All causes,Rate,2017,40613.90158906512,46853.08884941657,34859.63960246355
DALYs (Disability-Adjusted Life Years),Saint Lucia,Both,Age-standardized,All causes,Rate,2018,28686.456883029954,32773.58058099791,25026.716714459828
DALYs (Disability-Adjusted Life Years),Iran (Islamic Republic of),Both,Age-standardized,All causes,Rate,2018,25792.8944173802,29257.874476221925,22867.66768140775
DALYs (Disability-Adjusted Life Years),United Arab Emirates,Both,Age-standardized,All causes,Rate,2017,33261.80982237089,37739.842164229885,29194.735151065503
DALYs (Disability-Adjusted Life Years),Tunisia,Both,Age-standardized,All causes,Rate,2018,25698.979517149146,30749.517514723713,21577.516080055397
DALYs (Disability-Adjusted Life Years),Kenya,Both,Age-standardized,All causes,Rate,2017,47967.36291999205,52489.25872638419,43838.940075765415
DALYs (Disability-Adjusted Life Years),Denmark,Both,Age-standardized,All causes,Rate,2015,20392.094308457108,23527.76547486474,17761.882688321235
DALYs (Disability-Adjusted Life Years),Botswana,Both,Age-standardized,All causes,Rate,2017,52940.18744204512,59205.39598435246,47856.82006548462
DALYs (Disability-Adjusted Life Years),Cameroon,Both,Age-standardized,All causes,Rate,2017,59180.06728993093,68160.25151990949,51441.13853909491
DALYs (Disability-Adjusted Life Years),Norway,Both,Age-standardized,All causes,Rate,2015,18782.00445547369,21871.77654814117,16053.964496121793
DALYs (Disability-Adjusted Life Years),Niue,Both,Age-standardized,All causes,Rate,2017,37140.14660781631,43836.21602723595,31549.251967327822
DALYs (Disability-Adjusted Life Years),Switzerland,Both,Age-standardized,All causes,Rate,2017,18150.171005725013,21349.522271603073,15392.206231138849
DALYs (Disability-Adjusted Life Years),Haiti,Both,Age-standardized,All causes,Rate,2015,59959.04073769648,69618.42935156208,52333.169633958176
DALYs (Disability-Adjusted Life Years),Czechia,Both,Age-standardized,All causes,Rate,2015,22218.26400336792,25294.84077380585,19531.74412150805
DALYs (Disability-Adjusted Life Years),Eswatini,Both,Age-standardized,All causes,Rate,2016,85575.88717588769,98915.60917401683,72353.93352832427
DALYs (Disability-Adjusted Life Years),Dominican Republic,Both,Age-standardized,All causes,Rate,2017,32744.920731493676,36512.375285870214,29546.552615051645
DALYs (Disability-Adjusted Life Years),Eritrea,Both,Age-standardized,All causes,Rate,2018,56013.59217084111,66739.74272747007,47296.88413535545
DALYs (Disability-Adjusted Life Years),Democratic People's Republic of Korea,Both,Age-standardized,All causes,Rate,2019,30231.735056154936,35768.655670873806,25551.54352614326
DALYs (Disability-Adjusted Life Years),Congo,Both,Age-standardized,All causes,Rate,2014,59421.72076322623,67633.61656006631,51763.64339531532
DALYs (Disability-Adjusted Life Years),Brazil,Both,Age-standardized,All causes,Rate,2018,29504.999187964302,33108.12256431803,26596.67916870646
DALYs (Disability-Adjusted Life Years),Zambia,Both,Age-standardized,All causes,Rate,2018,58490.27476270544,68436.9921956085,50095.97840733949
DALYs (Disability-Adjusted Life Years),Puerto Rico,Both,Age-standardized,All causes,Rate,2014,23042.17117335495,26343.330340593762,20346.547823802208
DALYs (Disability-Adjusted Life Years),Russian Federation,Both,Age-standardized,All causes,Rate,2019,31320.022817033423,34479.08861610312,28608.063666147533
DALYs (Disability-Adjusted Life Years),Ghana,Both,Age-standardized,All causes,Rate,2014,53552.22577481838,59882.73859012603,47674.09832803713
DALYs (Disability-Adjusted Life Years),North Macedonia,Both,Age-standardized,All causes,Rate,2015,30180.2345917728,33294.80463328345,27569.917671579802
DALYs (Disability-Adjusted Life Years),Lao People's Democratic Republic,Both,Age-standardized,All causes,Rate,2015,43925.36208491495,51162.51628177173,37805.44572346204
DALYs (Disability-Adjusted Life Years),Panama,Both,Age-standardized,All causes,Rate,2015,24969.57558273392,28124.94792919455,22304.296885737334
DALYs (Disability-Adjusted Life Years),Malaysia,Both,Age-standardized,All causes,Rate,2016,28270.9103594123,31245.88623436174,25700.17456084568
DALYs (Disability-Adjusted Life Years),Mexico,Both,Age-standardized,All causes,Rate,2020,36196.5784180581,39683.97998990386,33473.863713122264
DALYs (Disability-Adjusted Life Years),Ghana,Both,Age-standardized,All causes,Rate,2018,49016.22639791781,56092.74953983638,42956.35898219689
DALYs (Disability-Adjusted Life Years),United Arab Emirates,Both,Age-standardized,All causes,Rate,2015,34158.24638263635,38980.00431522848,30187.264381621248
DALYs (Disability-Adjusted Life Years),Kiribati,Both,Age-standardized,All causes,Rate,2015,55385.912745009715,63299.84636111828,48138.01139507283
DALYs (Disability-Adjusted Life Years),France,Both,Age-standardized,All causes,Rate,2016,19667.696712022152,22993.1288620682,16873.90966426914
DALYs (Disability-Adjusted Life Years),Spain,Both,Age-standardized,All causes,Rate,2016,18405.820522158818,21572.4357838807,15688.575849435987
DALYs (Disability-Adjusted Life Years),Saint Lucia,Both,Age-standardized,All causes,Rate,2016,28836.076212118067,32628.68001795086,25225.456518508276
DALYs (Disability-Adjusted Life Years),Democratic Republic of the Congo,Both,Age-standardized,All causes,Rate,2018,56369.83763434009,65082.51755491348,48345.29588399505
DALYs (Disability-Adjusted Life Years),Angola,Both,Age-standardized,All causes,Rate,2017,54506.92908050585,63543.691087756684,46789.0316752317
DALYs (Disability-Adjusted Life Years),Cabo Verde,Both,Age-standardized,All causes,Rate,2018,31281.362319723794,35629.86819455243,26984.77827939519
DALYs (Disability-Adjusted Life Years),Sao Tome and Principe,Both,Age-standardized,All causes,Rate,2018,35019.35691109372,40292.22500791746,30625.841327735394
DALYs (Disability-Adjusted Life Years),Myanmar,Both,Age-standardized,All causes,Rate,2016,42742.78132139464,48254.298241548146,37540.49986560335
DALYs (Disability-Adjusted Life Years),Timor-Leste,Both,Age-standardized,All causes,Rate,2019,38166.00562256456,43641.86927504819,33357.4748952674
DALYs (Disability-Adjusted Life Years),Kenya,Both,Age-standardized,All causes,Rate,2018,46672.1377275237,51573.460178433015,42111.15330908269
DALYs (Disability-Adjusted Life Years),Albania,Both,Age-standardized,All causes,Rate,2019,23693.845226544716,27003.642950991012,20820.071756446352
DALYs (Disability-Adjusted Life Years),Micronesia (Federated States of),Both,Age-standardized,All causes,Rate,2016,45157.64005787594,53069.212979185955,38591.964408314794
DALYs (Disability-Adjusted Life Years),Slovenia,Both,Age-standardized,All causes,Rate,2019,19228.7179222825,22208.89005038622,16744.91645308967
DALYs (Disability-Adjusted Life Years),Guatemala,Both,Age-standardized,All causes,Rate,2016,37521.28062622532,41264.9791929045,34512.92660474242
DALYs (Disability-Adjusted Life Years),Botswana,Both,Age-standardized,All causes,Rate,2018,51661.88846969474,58117.68380506963,46742.99566305978
DALYs (Disability-Adjusted Life Years),North Macedonia,Both,Age-standardized,All causes,Rate,2016,30161.64394521414,33277.64722061778,27576.066478819288
DALYs (Disability-Adjusted Life Years),Cook Islands,Both,Age-standardized,All causes,Rate,2017,26648.62254670996,30627.130832153183,23367.05563802839
DALYs (Disability-Adjusted Life Years),Chile,Both,Age-standardized,All causes,Rate,2019,22159.970972147,25295.91167798606,19419.741625156545
DALYs (Disability-Adjusted Life Years),Antigua and Barbuda,Both,Age-standardized,All causes,Rate,2021,28434.122281300562,31762.393529897105,25642.514494786406
DALYs (Disability-Adjusted Life Years),Dominica,Both,Age-standardized,All causes,Rate,2019,33622.52924800594,38407.80313065907,29631.710307036814
DALYs (Disability-Adjusted Life Years),Ecuador,Both,Age-standardized,All causes,Rate,2019,26697.351948937907,30126.321657957877,23499.637829195854
DALYs (Disability-Adjusted Life Years),United States Virgin Islands,Both,Age-standardized,All causes,Rate,2013,28939.96256315265,33431.87517759012,25290.36856928145
DALYs (Disability-Adjusted Life Years),Paraguay,Both,Age-standardized,All causes,Rate,2019,29293.696047852885,33344.890195804175,25367.161709765307
DALYs (Disability-Adjusted Life Years),Czechia,Both,Age-standardized,All causes,Rate,2013,22841.459720428764,25999.36244081235,20237.834451467224
DALYs (Disability-Adjusted Life Years),Mexico,Both,Age-standardized,All causes,Rate,2016,29267.445003553312,32562.62177800694,26478.308829379694
DALYs (Disability-Adjusted Life Years),Brazil,Both,Age-standardized,All causes,Rate,2020,30907.123179681228,34711.03844198963,27933.38873135754
DALYs (Disability-Adjusted Life Years),Lithuania,Both,Age-standardized,All causes,Rate,2013,30179.662979022054,33427.3081523685,27549.899512674314
DALYs (Disability-Adjusted Life Years),Bangladesh,Both,Age-standardized,All causes,Rate,2018,33433.54493809822,38444.63467005669,29082.325610431457
DALYs (Disability-Adjusted Life Years),Ireland,Both,Age-standardized,All causes,Rate,2013,20664.77493073057,24022.31861649141,17827.075954689244
DALYs (Disability-Adjusted Life Years),Kiribati,Both,Age-standardized,All causes,Rate,2012,56855.571352920044,65111.91952754391,49133.187429374404
DALYs (Disability-Adjusted Life Years),Slovakia,Both,Age-standardized,All causes,Rate,2013,25304.96002943976,28395.13973730201,22763.5189782967
DALYs (Disability-Adjusted Life Years),Iceland,Both,Age-standardized,All causes,Rate,2013,18863.47894154976,22056.68094603918,16203.215563586557
DALYs (Disability-Adjusted Life Years),Switzerland,Both,Age-standardized,All causes,Rate,2015,18555.868731902654,21717.84025612386,15779.253820098005
DALYs (Disability-Adjusted Life Years),Haiti,Both,Age-standardized,All causes,Rate,2013,61272.68866841106,70547.10789631274,53442.56789911467
DALYs (Disability-Adjusted Life Years),Armenia,Both,Age-standardized,All causes,Rate,2019,25278.321402808622,28225.273784579662,22840.357526679025
DALYs (Disability-Adjusted Life Years),Morocco,Both,Age-standardized,All causes,Rate,2019,31287.75219391989,35911.57189694879,26693.231794492433
DALYs (Disability-Adjusted Life Years),Afghanistan,Both,Age-standardized,All causes,Rate,2019,61083.647356034366,69366.72779805619,53516.98159517083
DALYs (Disability-Adjusted Life Years),Equatorial Guinea,Both,Age-standardized,All causes,Rate,2019,52794.31221876322,65647.62820385688,42276.2956755243
DALYs (Disability-Adjusted Life Years),Sudan,Both,Age-standardized,All causes,Rate,2014,43051.10544417474,50349.687329461965,37079.63789827117
DALYs (Disability-Adjusted Life Years),Liberia,Both,Age-standardized,All causes,Rate,2013,62014.80138816712,70246.59000469184,54721.420682309894
DALYs (Disability-Adjusted Life Years),Marshall Islands,Both,Age-standardized,All causes,Rate,2015,52400.38596050175,60055.754761034164,45788.23303867049
DALYs (Disability-Adjusted Life Years),Costa Rica,Both,Age-standardized,All causes,Rate,2015,22924.348925144695,26103.569366421347,20240.992857376976
DALYs (Disability-Adjusted Life Years),Ukraine,Both,Age-standardized,All causes,Rate,2016,32700.590760882642,35931.7644039548,30014.40589204357
DALYs (Disability-Adjusted Life Years),Kazakhstan,Both,Age-standardized,All causes,Rate,2015,34562.10730477268,37861.43902717284,31693.77328093438
DALYs (Disability-Adjusted Life Years),Bhutan,Both,Age-standardized,All causes,Rate,2015,34141.32866943434,39361.96439641635,29414.14009391832
DALYs (Disability-Adjusted Life Years),Dominica,Both,Age-standardized,All causes,Rate,2021,38176.21880348659,44611.91747949219,32528.05265091043
DALYs (Disability-Adjusted Life Years),Bahamas,Both,Age-standardized,All causes,Rate,2016,32209.898085965655,36106.05503535802,28709.558776063615
DALYs (Disability-Adjusted Life Years),Hungary,Both,Age-standardized,All causes,Rate,2015,26261.646166985887,29316.405868997263,23704.111281552974
DALYs (Disability-Adjusted Life Years),Lithuania,Both,Age-standardized,All causes,Rate,2015,29134.833504566126,32198.57876843224,26541.070402257687
DALYs (Disability-Adjusted Life Years),New Zealand,Both,Age-standardized,All causes,Rate,2015,21149.868227795454,24438.48741860524,18271.58975942857
DALYs (Disability-Adjusted Life Years),Costa Rica,Both,Age-standardized,All causes,Rate,2013,22715.542786395497,25980.44785325499,19994.10875440736
DALYs (Disability-Adjusted Life Years),Italy,Both,Age-standardized,All causes,Rate,2014,18704.173153944925,21947.92478858711,15966.006164662056
DALYs (Disability-Adjusted Life Years),Guyana,Both,Age-standardized,All causes,Rate,2015,45918.563159351,51638.80782811495,40536.98785028919
DALYs (Disability-Adjusted Life Years),Russian Federation,Both,Age-standardized,All causes,Rate,2014,36030.719725600255,39340.62675364294,33256.55528359971
DALYs (Disability-Adjusted Life Years),Ecuador,Both,Age-standardized,All causes,Rate,2014,27849.30617507092,31229.10023452389,24967.935439709327
DALYs (Disability-Adjusted Life Years),Iraq,Both,Age-standardized,All causes,Rate,2014,40606.07890583846,47175.98948658322,35303.806111984406
DALYs (Disability-Adjusted Life Years),Cambodia,Both,Age-standardized,All causes,Rate,2018,40097.001922286465,46246.88154471228,34351.840274073285
DALYs (Disability-Adjusted Life Years),Timor-Leste,Both,Age-standardized,All causes,Rate,2017,38424.23316404241,43642.39876612142,33798.16550032739
DALYs (Disability-Adjusted Life Years),Serbia,Both,Age-standardized,All causes,Rate,2018,25438.95202743647,28401.73319951796,22830.082348761767
DALYs (Disability-Adjusted Life Years),Ireland,Both,Age-standardized,All causes,Rate,2018,19596.111614352263,22703.70780091982,16791.71642224022
DALYs (Disability-Adjusted Life Years),Grenada,Both,Age-standardized,All causes,Rate,2021,37995.61677707367,44542.73059594188,32579.321672974882
DALYs (Disability-Adjusted Life Years),Grenada,Both,Age-standardized,All causes,Rate,2017,31867.19654483305,35610.18452210266,28800.637035660428
DALYs (Disability-Adjusted Life Years),Chad,Both,Age-standardized,All causes,Rate,2021,70276.65186723156,82687.51226331206,60279.210381517936
DALYs (Disability-Adjusted Life Years),Albania,Both,Age-standardized,All causes,Rate,2017,24108.547922511094,27348.86136105794,21390.246589046787
DALYs (Disability-Adjusted Life Years),Vanuatu,Both,Age-standardized,All causes,Rate,2011,46271.10085020144,51775.77300070881,41640.744252597644
DALYs (Disability-Adjusted Life Years),Belize,Both,Age-standardized,All causes,Rate,2018,31089.723929078715,34599.65034460761,28338.656546238795
DALYs (Disability-Adjusted Life Years),Ireland,Both,Age-standardized,All causes,Rate,2015,20173.222859079,23509.603474650965,17429.729256349554
DALYs (Disability-Adjusted Life Years),Kenya,Both,Age-standardized,All causes,Rate,2015,51461.011271172654,55923.43631023773,47354.12845502373
DALYs (Disability-Adjusted Life Years),Angola,Both,Age-standardized,All causes,Rate,2015,55699.83241349462,64007.960624551764,48280.81988842569
DALYs (Disability-Adjusted Life Years),Cameroon,Both,Age-standardized,All causes,Rate,2015,64028.06411822748,73110.9940975784,55879.1291040878
DALYs (Disability-Adjusted Life Years),Niue,Both,Age-standardized,All causes,Rate,2015,37355.06272920425,43560.83036933145,31867.798864119333
DALYs (Disability-Adjusted Life Years),Palestine,Both,Age-standardized,All causes,Rate,2016,28994.85994397196,32264.617730347956,25809.238082073927
DALYs (Disability-Adjusted Life Years),Gabon,Both,Age-standardized,All causes,Rate,2016,50627.09932843808,59069.120055640335,42624.924447020465
DALYs (Disability-Adjusted Life Years),United States Virgin Islands,Both,Age-standardized,All causes,Rate,2018,29019.879860416666,33840.32146798721,25115.933014627117
DALYs (Disability-Adjusted Life Years),Zimbabwe,Both,Age-standardized,All causes,Rate,2016,70475.63757403458,78989.18639886095,62206.91080077232
DALYs (Disability-Adjusted Life Years),Puerto Rico,Both,Age-standardized,All causes,Rate,2016,22724.223545224584,25992.630440101206,20038.80150645361
DALYs (Disability-Adjusted Life Years),Saint Lucia,Both,Age-standardized,All causes,Rate,2019,28594.11667415809,33011.78665919095,24800.87980694976
DALYs (Disability-Adjusted Life Years),Sao Tome and Principe,Both,Age-standardized,All causes,Rate,2016,36418.07541270902,41422.278798423475,31847.845197106097
DALYs (Disability-Adjusted Life Years),Malta,Both,Age-standardized,All causes,Rate,2017,18932.705061231227,22065.556242612838,16307.872310460192
DALYs (Disability-Adjusted Life Years),Guatemala,Both,Age-standardized,All causes,Rate,2019,36563.06651215553,40301.5378550764,33628.792336078994
DALYs (Disability-Adjusted Life Years),Rwanda,Both,Age-standardized,All causes,Rate,2016,46166.247640078815,53302.599279216076,39990.326925581896
DALYs (Disability-Adjusted Life Years),Tajikistan,Both,Age-standardized,All causes,Rate,2016,33923.664524636646,37678.56297599509,30691.514815208444
DALYs (Disability-Adjusted Life Years),Belgium,Both,Age-standardized,All causes,Rate,2018,20196.36769827607,23500.23631465205,17410.23464160579
DALYs (Disability-Adjusted Life Years),Uzbekistan,Both,Age-standardized,All causes,Rate,2018,32487.045468002147,35643.421886845885,29722.467545723484
DALYs (Disability-Adjusted Life Years),Sri Lanka,Both,Age-standardized,All causes,Rate,2018,25031.17519783158,29741.970100796123,21107.487642457796
DALYs (Disability-Adjusted Life Years),Grenada,Both,Age-standardized,All causes,Rate,2018,31551.581967600585,35395.504047752096,28423.216934181415
DALYs (Disability-Adjusted Life Years),Tonga,Both,Age-standardized,All causes,Rate,2018,31628.14327376064,37069.78858061571,27122.763676312432
DALYs (Disability-Adjusted Life Years),New Zealand,Both,Age-standardized,All causes,Rate,2018,20763.78475856073,24112.71850662499,17907.45771087007
DALYs (Disability-Adjusted Life Years),Honduras,Both,Age-standardized,All causes,Rate,2018,34939.75927623019,40678.63342999887,30537.38818172913
DALYs (Disability-Adjusted Life Years),Mozambique,Both,Age-standardized,All causes,Rate,2019,68570.0433573716,77409.79155404735,59619.5574744266
DALYs (Disability-Adjusted Life Years),Northern Mariana Islands,Both,Age-standardized,All causes,Rate,2018,30356.96565644953,35186.85027687574,26226.04266713661
DALYs (Disability-Adjusted Life Years),Eswatini,Both,Age-standardized,All causes,Rate,2019,75015.91153115792,88735.26553831919,62003.96512363992
DALYs (Disability-Adjusted Life Years),Norway,Both,Age-standardized,All causes,Rate,2011,20269.16829506968,23517.7699268646,17534.16115532297
DALYs (Disability-Adjusted Life Years),Barbados,Both,Age-standardized,All causes,Rate,2015,26906.634185165658,30498.348540777948,23779.98116281699
DALYs (Disability-Adjusted Life Years),Oman,Both,Age-standardized,All causes,Rate,2015,30024.31189743946,34110.20506252199,26997.644763190172
DALYs (Disability-Adjusted Life Years),Bhutan,Both,Age-standardized,All causes,Rate,2013,35138.84503267515,40790.99393772061,30498.238995638825
DALYs (Disability-Adjusted Life Years),Costa Rica,Both,Age-standardized,All causes,Rate,2011,23025.119491176745,26317.70043054049,20343.594586138388
DALYs (Disability-Adjusted Life Years),Bahrain,Both,Age-standardized,All causes,Rate,2015,27150.756998638986,30543.970043829737,24223.134886104384
DALYs (Disability-Adjusted Life Years),Guinea,Both,Age-standardized,All causes,Rate,2011,69937.62163493058,77292.61524503033,62524.19497347661
DALYs (Disability-Adjusted Life Years),Slovakia,Both,Age-standardized,All causes,Rate,2011,26300.311334001803,29475.172929577708,23610.21115864641
DALYs (Disability-Adjusted Life Years),Bahrain,Both,Age-standardized,All causes,Rate,2013,29004.43568853312,32402.420525191304,26131.212226445077
DALYs (Disability-Adjusted Life Years),Oman,Both,Age-standardized,All causes,Rate,2013,29797.5943920921,33877.2481864825,26726.62874108266
DALYs (Disability-Adjusted Life Years),Comoros,Both,Age-standardized,All causes,Rate,2015,44906.03197404731,51245.16211970148,39431.239318484426
DALYs (Disability-Adjusted Life Years),Indonesia,Both,Age-standardized,All causes,Rate,2013,37536.63538166733,41221.74471733846,33896.79057076653
DALYs (Disability-Adjusted Life Years),Mexico,Both,Age-standardized,All causes,Rate,2019,29164.991759120832,32466.830483953963,26495.92602380938
DALYs (Disability-Adjusted Life Years),Australia,Both,Age-standardized,All causes,Rate,2013,20277.640871902317,23611.48274570954,17423.870399424137
DALYs (Disability-Adjusted Life Years),Democratic Republic of the Congo,Both,Age-standardized,All causes,Rate,2019,55252.820463353935,63594.560471286444,47437.05822982776
DALYs (Disability-Adjusted Life Years),United Kingdom,Both,Age-standardized,All causes,Rate,2013,20983.907774099687,24334.1396430525,18164.633226212052
DALYs (Disability-Adjusted Life Years),Belgium,Both,Age-standardized,All causes,Rate,2017,20350.21691775882,23704.381390779352,17630.02942458655
DALYs (Disability-Adjusted Life Years),American Samoa,Both,Age-standardized,All causes,Rate,2018,35976.420799974025,40782.70045692119,32149.86447158067
DALYs (Disability-Adjusted Life Years),Eritrea,Both,Age-standardized,All causes,Rate,2019,55085.7020289181,65851.75097668909,46409.53883390116
DALYs (Disability-Adjusted Life Years),Antigua and Barbuda,Both,Age-standardized,All causes,Rate,2017,27600.53882435466,31309.539647663078,24684.798803091344
DALYs (Disability-Adjusted Life Years),Sao Tome and Principe,Both,Age-standardized,All causes,Rate,2017,35180.93949557795,40289.875866546696,30849.072664142263
DALYs (Disability-Adjusted Life Years),Cameroon,Both,Age-standardized,All causes,Rate,2016,61580.371305388006,70253.5757927063,53501.85110679371
DALYs (Disability-Adjusted Life Years),Bahrain,Both,Age-standardized,All causes,Rate,2011,30808.213638453413,34050.84479377525,27747.320411768254
DALYs (Disability-Adjusted Life Years),Equatorial Guinea,Both,Age-standardized,All causes,Rate,2017,52626.294531461856,64135.40262031392,42877.83410678431
DALYs (Disability-Adjusted Life Years),Ethiopia,Both,Age-standardized,All causes,Rate,2017,44924.309173650385,49463.626390467194,40943.61224034726
DALYs (Disability-Adjusted Life Years),Tajikistan,Both,Age-standardized,All causes,Rate,2017,33232.75821767457,37097.367530083604,29560.820418806165
DALYs (Disability-Adjusted Life Years),Japan,Both,Age-standardized,All causes,Rate,2018,16215.742632097612,18998.83824184602,13866.938478257165
DALYs (Disability-Adjusted Life Years),Panama,Both,Age-standardized,All causes,Rate,2018,24373.74628073635,27602.643947463977,21770.023637476028
DALYs (Disability-Adjusted Life Years),Comoros,Both,Age-standardized,All causes,Rate,2013,46864.597639205094,53613.93517474671,41416.292523570075
DALYs (Disability-Adjusted Life Years),United Arab Emirates,Both,Age-standardized,All causes,Rate,2018,32144.422627234217,36587.9583100951,27847.20803064832
DALYs (Disability-Adjusted Life Years),Jordan,Both,Age-standardized,All causes,Rate,2018,22743.839135729842,26113.85064668171,19507.238525692723
DALYs (Disability-Adjusted Life Years),Guinea-Bissau,Both,Age-standardized,All causes,Rate,2019,64047.812770329925,73201.52669534727,55513.3642322291
DALYs (Disability-Adjusted Life Years),Greece,Both,Age-standardized,All causes,Rate,2017,20611.487658565682,23854.848875936186,17875.30836438214
DALYs (Disability-Adjusted Life Years),Guam,Both,Age-standardized,All causes,Rate,2019,27152.927872521876,30371.798570695584,24543.29695177533
DALYs (Disability-Adjusted Life Years),Canada,Both,Age-standardized,All causes,Rate,2020,20946.65516170461,24197.574966254055,18186.131996719363
DALYs (Disability-Adjusted Life Years),Tuvalu,Both,Age-standardized,All causes,Rate,2019,41958.79901836685,48074.76222350536,36472.051881212596
DALYs (Disability-Adjusted Life Years),Panama,Both,Age-standardized,All causes,Rate,2013,25660.111369752354,28817.630113097504,23058.53533899198
DALYs (Disability-Adjusted Life Years),Seychelles,Both,Age-standardized,All causes,Rate,2013,30483.15896686776,33555.14594030601,27941.248215728087
DALYs (Disability-Adjusted Life Years),Malaysia,Both,Age-standardized,All causes,Rate,2019,27838.92577214198,30882.920749161658,25298.301488886354
DALYs (Disability-Adjusted Life Years),Ethiopia,Both,Age-standardized,All causes,Rate,2014,48255.34235950199,52427.98834984221,44668.94705747433
DALYs (Disability-Adjusted Life Years),Bosnia and Herzegovina,Both,Age-standardized,All causes,Rate,2014,24270.732547243784,27406.639088423733,21640.602167157573
DALYs (Disability-Adjusted Life Years),Senegal,Both,Age-standardized,All causes,Rate,2014,47078.202266860644,52196.64864627642,42397.299874288605
DALYs (Disability-Adjusted Life Years),Namibia,Both,Age-standardized,All causes,Rate,2015,56354.46518140541,64170.202220697625,48061.0298441301
DALYs (Disability-Adjusted Life Years),United Arab Emirates,Both,Age-standardized,All causes,Rate,2013,33176.139228220825,38093.897806078756,29286.904134930504
DALYs (Disability-Adjusted Life Years),Republic of Korea,Both,Age-standardized,All causes,Rate,2014,18528.47874987202,21403.020374649586,16077.938915575502
DALYs (Disability-Adjusted Life Years),Niger,Both,Age-standardized,All causes,Rate,2015,60154.269217368805,69834.93173346658,52125.769018118786
DALYs (Disability-Adjusted Life Years),Bermuda,Both,Age-standardized,All causes,Rate,2015,19909.76031854608,22969.863222045424,17248.04878470455
DALYs (Disability-Adjusted Life Years),Nauru,Both,Age-standardized,All causes,Rate,2015,61301.279449604175,71901.1852796067,52576.355979744505
DALYs (Disability-Adjusted Life Years),Chad,Both,Age-standardized,All causes,Rate,2019,66513.48237387488,78173.42239082957,56978.1624090328
DALYs (Disability-Adjusted Life Years),Myanmar,Both,Age-standardized,All causes,Rate,2019,40381.38830281636,46631.789624408,34937.31228840729
DALYs (Disability-Adjusted Life Years),Armenia,Both,Age-standardized,All causes,Rate,2017,25964.650587127424,28800.318726072328,23533.810771602144
DALYs (Disability-Adjusted Life Years),Switzerland,Both,Age-standardized,All causes,Rate,2014,18685.810757989828,21869.58207362675,15897.147667667505
DALYs (Disability-Adjusted Life Years),Colombia,Both,Age-standardized,All causes,Rate,2018,24481.444992538374,27596.21618850788,21904.13420970103
DALYs (Disability-Adjusted Life Years),Eswatini,Both,Age-standardized,All causes,Rate,2017,81963.48645324708,95501.24550354497,69420.14027753883
DALYs (Disability-Adjusted Life Years),Rwanda,Both,Age-standardized,All causes,Rate,2014,47135.3912477667,53646.802163652785,41633.30256725177
DALYs (Disability-Adjusted Life Years),Angola,Both,Age-standardized,All causes,Rate,2018,53858.029733948235,63007.365940592485,45574.62013202833
DALYs (Disability-Adjusted Life Years),Brazil,Both,Age-standardized,All causes,Rate,2019,29004.72900525716,32616.672795814604,26033.75769535905
DALYs (Disability-Adjusted Life Years),Malaysia,Both,Age-standardized,All causes,Rate,2017,28342.141894973673,31411.37515522341,25759.53360697204
DALYs (Disability-Adjusted Life Years),Cook Islands,Both,Age-standardized,All causes,Rate,2018,26432.545600713347,30611.976348906595,23134.539101816226
DALYs (Disability-Adjusted Life Years),San Marino,Both,Age-standardized,All causes,Rate,2018,18064.51413629338,21493.27972554563,15053.03945201355
DALYs (Disability-Adjusted Life Years),Tokelau,Both,Age-standardized,All causes,Rate,2012,34036.8701125115,39934.63032555792,28886.278527055852
DALYs (Disability-Adjusted Life Years),Burkina Faso,Both,Age-standardized,All causes,Rate,2013,68543.177288826,75159.91600779664,61515.07929000579
DALYs (Disability-Adjusted Life Years),Greece,Both,Age-standardized,All causes,Rate,2014,20789.338849751664,24000.60426804919,18061.1141510454
DALYs (Disability-Adjusted Life Years),Kyrgyzstan,Both,Age-standardized,All causes,Rate,2019,29860.335105000075,32835.452368105995,26865.089308851144
DALYs (Disability-Adjusted Life Years),Zimbabwe,Both,Age-standardized,All causes,Rate,2014,73414.51025991752,81255.17261537877,66281.02189567359
DALYs (Disability-Adjusted Life Years),Myanmar,Both,Age-standardized,All causes,Rate,2017,42682.770386416,48325.02422349853,37387.09988951887
DALYs (Disability-Adjusted Life Years),Singapore,Both,Age-standardized,All causes,Rate,2018,15223.997130849293,17954.662565397288,12997.93319165149
DALYs (Disability-Adjusted Life Years),Somalia,Both,Age-standardized,All causes,Rate,2020,83977.38646157496,98241.33627444663,71812.2739583673
DALYs (Disability-Adjusted Life Years),Niue,Both,Age-standardized,All causes,Rate,2013,37628.903503926456,43903.53295031482,32237.84929501361
DALYs (Disability-Adjusted Life Years),Chile,Both,Age-standardized,All causes,Rate,2014,23220.342050732947,26372.080698024514,20405.8710505082
DALYs (Disability-Adjusted Life Years),Micronesia (Federated States of),Both,Age-standardized,All causes,Rate,2017,44904.80152050637,53080.43447684512,38349.41802697072
DALYs (Disability-Adjusted Life Years),Türkiye,Both,Age-standardized,All causes,Rate,2014,27112.253074022934,30500.248776946482,24009.504035949147
DALYs (Disability-Adjusted Life Years),North Macedonia,Both,Age-standardized,All causes,Rate,2017,29027.403030959715,32201.37828322843,26474.573499930935
DALYs (Disability-Adjusted Life Years),Greece,Both,Age-standardized,All causes,Rate,2019,20528.894183363558,23766.947800947746,17841.842989802954
DALYs (Disability-Adjusted Life Years),Micronesia (Federated States of),Both,Age-standardized,All causes,Rate,2019,44386.2859135235,52680.45739036178,37714.70679536342
DALYs (Disability-Adjusted Life Years),Austria,Both,Age-standardized,All causes,Rate,2017,19520.870442885906,22632.32725653617,16877.584073217487
DALYs (Disability-Adjusted Life Years),Libya,Both,Age-standardized,All causes,Rate,2017,36347.879872779806,41550.06579633407,31541.257267002722
DALYs (Disability-Adjusted Life Years),North Macedonia,Both,Age-standardized,All causes,Rate,2019,28034.569327660265,31142.914234138785,25613.670853192238
DALYs (Disability-Adjusted Life Years),Austria,Both,Age-standardized,All causes,Rate,2019,19292.389772752256,22321.110020734563,16611.375938016612
DALYs (Disability-Adjusted Life Years),Iran (Islamic Republic of),Both,Age-standardized,All causes,Rate,2019,25510.553197606612,28905.93647199272,22607.34090492034
DALYs (Disability-Adjusted Life Years),Bahamas,Both,Age-standardized,All causes,Rate,2019,36698.25893205431,41742.13824600673,32405.507327017196
DALYs (Disability-Adjusted Life Years),Switzerland,Both,Age-standardized,All causes,Rate,2019,17569.448045425852,20786.84290587941,14872.712478609985
DALYs (Disability-Adjusted Life Years),Taiwan (Province of China),Both,Age-standardized,All causes,Rate,2019,19708.39082952947,22512.17356714237,17395.784625572956
DALYs (Disability-Adjusted Life Years),South Sudan,Both,Age-standardized,All causes,Rate,2015,73732.65499645783,86959.55472730739,61724.51950333482
DALYs (Disability-Adjusted Life Years),Niger,Both,Age-standardized,All causes,Rate,2012,63264.56493110183,72421.26185021541,55162.1298818732
DALYs (Disability-Adjusted Life Years),Saudi Arabia,Both,Age-standardized,All causes,Rate,2011,34109.14383983812,37926.236797984406,31022.682978738336
DALYs (Disability-Adjusted Life Years),Tokelau,Both,Age-standardized,All causes,Rate,2011,34321.98415797173,40584.798815714705,29030.64633005506
DALYs (Disability-Adjusted Life Years),Trinidad and Tobago,Both,Age-standardized,All causes,Rate,2016,31751.805228912883,35398.43402154003,28995.101953384263
DALYs (Disability-Adjusted Life Years),Tunisia,Both,Age-standardized,All causes,Rate,2017,26027.76063069354,31364.542026267238,22028.717622837
DALYs (Disability-Adjusted Life Years),Barbados,Both,Age-standardized,All causes,Rate,2016,26824.523429372937,30652.98486319262,23627.528047753032
DALYs (Disability-Adjusted Life Years),Comoros,Both,Age-standardized,All causes,Rate,2016,44192.46885715634,50227.05799747831,38825.17097969033
DALYs (Disability-Adjusted Life Years),Republic of Moldova,Both,Age-standardized,All causes,Rate,2019,29212.382859965073,32399.08565940423,26371.75034236261
DALYs (Disability-Adjusted Life Years),United Republic of Tanzania,Both,Age-standardized,All causes,Rate,2016,51068.022850703266,57130.12443699412,45478.98128779988
DALYs (Disability-Adjusted Life Years),Tunisia,Both,Age-standardized,All causes,Rate,2019,25286.414452460453,30189.6599864395,21214.577309359687
DALYs (Disability-Adjusted Life Years),Montenegro,Both,Age-standardized,All causes,Rate,2014,26486.969845819247,29510.455310773792,23777.963174836674
DALYs (Disability-Adjusted Life Years),Ukraine,Both,Age-standardized,All causes,Rate,2017,32656.495663371745,36179.43363426214,29647.344073173277
DALYs (Disability-Adjusted Life Years),Mali,Both,Age-standardized,All causes,Rate,2017,62728.881902773894,69961.88704199676,56142.15812811017
DALYs (Disability-Adjusted Life Years),Suriname,Both,Age-standardized,All causes,Rate,2017,34924.7417874451,38811.066185290125,31805.194185869466
DALYs (Disability-Adjusted Life Years),Uruguay,Both,Age-standardized,All causes,Rate,2021,27866.270172342713,31272.970074399298,25175.348136980825
DALYs (Disability-Adjusted Life Years),Brazil,Both,Age-standardized,All causes,Rate,2021,33056.092636466565,36969.14885027029,30040.187111165895
DALYs (Disability-Adjusted Life Years),Thailand,Both,Age-standardized,All causes,Rate,2014,26503.054759511946,29642.19678411993,23367.90799980434
DALYs (Disability-Adjusted Life Years),Kenya,Both,Age-standardized,All causes,Rate,2013,54896.60299025413,58914.55766337923,50951.57466987468
DALYs (Disability-Adjusted Life Years),Kazakhstan,Both,Age-standardized,All causes,Rate,2014,35562.62324472042,38771.04255965879,32650.65343699821
DALYs (Disability-Adjusted Life Years),Tunisia,Both,Age-standardized,All causes,Rate,2014,26638.90599690539,31926.891058376827,22355.12371088032
DALYs (Disability-Adjusted Life Years),Vanuatu,Both,Age-standardized,All causes,Rate,2014,44851.80026406795,50059.20583718792,40447.06268736256
DALYs (Disability-Adjusted Life Years),Slovakia,Both,Age-standardized,All causes,Rate,2014,25003.0117009575,28004.038494182616,22414.585617759876
DALYs (Disability-Adjusted Life Years),Mozambique,Both,Age-standardized,All causes,Rate,2020,70109.78010141688,79855.85604952856,60797.754262269365
DALYs (Disability-Adjusted Life Years),Iceland,Both,Age-standardized,All causes,Rate,2014,18667.71544673278,21839.8554718169,16069.33322469895
DALYs (Disability-Adjusted Life Years),Bahamas,Both,Age-standardized,All causes,Rate,2021,38162.44735242213,43690.73419170631,33423.329176188505
DALYs (Disability-Adjusted Life Years),Eswatini,Both,Age-standardized,All causes,Rate,2020,83204.71212340528,97329.96214782292,70890.26477680365
DALYs (Disability-Adjusted Life Years),Marshall Islands,Both,Age-standardized,All causes,Rate,2014,52861.534731345375,60184.5875028582,46205.037168304276
DALYs (Disability-Adjusted Life Years),Algeria,Both,Age-standardized,All causes,Rate,2017,27657.69760118028,30958.723683117594,24809.7326626892
DALYs (Disability-Adjusted Life Years),Indonesia,Both,Age-standardized,All causes,Rate,2016,35896.46916434034,40193.35753660882,31981.603820514647
DALYs (Disability-Adjusted Life Years),Eritrea,Both,Age-standardized,All causes,Rate,2017,56964.41150219506,67353.77488850987,47893.48890140427
DALYs (Disability-Adjusted Life Years),Zambia,Both,Age-standardized,All causes,Rate,2019,57189.04222087153,67143.78669435816,48364.79512722286
DALYs (Disability-Adjusted Life Years),Zambia,Both,Age-standardized,All causes,Rate,2017,59509.81286439496,69162.70866854736,51550.522077833215
DALYs (Disability-Adjusted Life Years),Kiribati,Both,Age-standardized,All causes,Rate,2013,56314.45026303024,64342.17824659592,48650.76526695835
DALYs (Disability-Adjusted Life Years),Cabo Verde,Both,Age-standardized,All causes,Rate,2019,30835.38908786324,35493.20824873289,26551.56942464617
DALYs (Disability-Adjusted Life Years),El Salvador,Both,Age-standardized,All causes,Rate,2017,31159.835355895622,34408.56983229856,28381.295182197504
DALYs (Disability-Adjusted Life Years),Bangladesh,Both,Age-standardized,All causes,Rate,2019,32678.461296626032,37458.53561839484,28285.24262963957
DALYs (Disability-Adjusted Life Years),Ireland,Both,Age-standardized,All causes,Rate,2014,20377.02696238812,23702.35400932739,17596.577429784327
DALYs (Disability-Adjusted Life Years),Sao Tome and Principe,Both,Age-standardized,All causes,Rate,2019,34533.23091321428,39847.59598478977,29991.22175973189
DALYs (Disability-Adjusted Life Years),Bangladesh,Both,Age-standardized,All causes,Rate,2021,34955.01013455047,40034.40258725146,30130.03899949765
DALYs (Disability-Adjusted Life Years),Hungary,Both,Age-standardized,All causes,Rate,2014,26224.544317130843,29311.823231845625,23550.660223008264
DALYs (Disability-Adjusted Life Years),Belgium,Both,Age-standardized,All causes,Rate,2019,20067.684236737005,23316.09419524317,17317.314154715266
DALYs (Disability-Adjusted Life Years),Georgia,Both,Age-standardized,All causes,Rate,2013,31375.279853244392,34438.0469691129,28769.090436322746
DALYs (Disability-Adjusted Life Years),Belarus,Both,Age-standardized,All causes,Rate,2017,28432.758602293394,31560.208912632632,25683.342474952948
DALYs (Disability-Adjusted Life Years),Trinidad and Tobago,Both,Age-standardized,All causes,Rate,2014,30931.93987635974,34790.61102971251,27344.260703653745
DALYs (Disability-Adjusted Life Years),Panama,Both,Age-standardized,All causes,Rate,2014,25431.60059438447,28645.45638073623,22852.518099831053
DALYs (Disability-Adjusted Life Years),Morocco,Both,Age-standardized,All causes,Rate,2017,31992.62385757969,37003.9905123224,27587.706395720692
DALYs (Disability-Adjusted Life Years),Lao People's Democratic Republic,Both,Age-standardized,All causes,Rate,2016,43018.25617175749,49772.963682718975,36784.35923820107
DALYs (Disability-Adjusted Life Years),Afghanistan,Both,Age-standardized,All causes,Rate,2017,62287.596933085944,70960.78087564888,54575.43329198362
DALYs (Disability-Adjusted Life Years),Marshall Islands,Both,Age-standardized,All causes,Rate,2016,51896.625388555825,60358.430868348514,44976.397870452915
DALYs (Disability-Adjusted Life Years),Kazakhstan,Both,Age-standardized,All causes,Rate,2016,33640.87653863429,37045.817651458594,30846.359903752953
DALYs (Disability-Adjusted Life Years),Hungary,Both,Age-standardized,All causes,Rate,2016,25648.01118533932,28745.175695688442,23096.408977727573
DALYs (Disability-Adjusted Life Years),Kiribati,Both,Age-standardized,All causes,Rate,2016,54866.20956230858,62894.59481074877,47428.73818417133
DALYs (Disability-Adjusted Life Years),Lithuania,Both,Age-standardized,All causes,Rate,2016,28665.13110198551,31865.757431484766,26090.492354536844
DALYs (Disability-Adjusted Life Years),Georgia,Both,Age-standardized,All causes,Rate,2016,30807.606344450513,33848.31248685854,28124.215280435805
DALYs (Disability-Adjusted Life Years),Montenegro,Both,Age-standardized,All causes,Rate,2015,26462.566544452206,29616.120460452432,23885.490055531332
DALYs (Disability-Adjusted Life Years),Malta,Both,Age-standardized,All causes,Rate,2019,18751.836087890526,21872.612703980445,16133.010566931072
DALYs (Disability-Adjusted Life Years),Chad,Both,Age-standardized,All causes,Rate,2020,72076.26244234951,84297.84722169608,62176.29249120389
DALYs (Disability-Adjusted Life Years),Russian Federation,Both,Age-standardized,All causes,Rate,2015,34886.500834805716,38174.17706821364,32174.43453461324
DALYs (Disability-Adjusted Life Years),Czechia,Both,Age-standardized,All causes,Rate,2016,22027.526891449394,25087.388161853793,19363.850894864838
DALYs (Disability-Adjusted Life Years),Belgium,Both,Age-standardized,All causes,Rate,2015,20759.842957005854,24188.103990990585,18004.722237264363
DALYs (Disability-Adjusted Life Years),Malta,Both,Age-standardized,All causes,Rate,2015,19270.150198882384,22399.684154136834,16701.41397996619
DALYs (Disability-Adjusted Life Years),Latvia,Both,Age-standardized,All causes,Rate,2016,27608.331251556017,30692.827381828207,25067.61297239669
DALYs (Disability-Adjusted Life Years),Australia,Both,Age-standardized,All causes,Rate,2016,19917.850706048983,23217.309120331975,17115.29660694098
DALYs (Disability-Adjusted Life Years),Sri Lanka,Both,Age-standardized,All causes,Rate,2019,24852.46939077442,29666.021261740196,20741.81751566789
DALYs (Disability-Adjusted Life Years),Iceland,Both,Age-standardized,All causes,Rate,2016,18541.062680748037,21771.303054496995,16024.825250918657
DALYs (Disability-Adjusted Life Years),Tonga,Both,Age-standardized,All causes,Rate,2019,31420.676951729933,36952.33573103974,26690.560228024846
DALYs (Disability-Adjusted Life Years),United Kingdom,Both,Age-standardized,All causes,Rate,2016,20903.13300374042,24226.01642506745,18106.450435588587
DALYs (Disability-Adjusted Life Years),Uzbekistan,Both,Age-standardized,All causes,Rate,2019,31318.642436074435,34480.37481323557,28489.075570119883
DALYs (Disability-Adjusted Life Years),Japan,Both,Age-standardized,All causes,Rate,2019,16110.600448457895,18846.59955451548,13753.735359974326
DALYs (Disability-Adjusted Life Years),Bahrain,Both,Age-standardized,All causes,Rate,2016,27165.83977538566,30487.582909313725,24293.460976756956
DALYs (Disability-Adjusted Life Years),Lebanon,Both,Age-standardized,All causes,Rate,2014,25078.38540029206,28687.221940565894,21984.650205277212
DALYs (Disability-Adjusted Life Years),Australia,Both,Age-standardized,All causes,Rate,2014,20199.789772020515,23489.043295476793,17377.546863430838
DALYs (Disability-Adjusted Life Years),Malawi,Both,Age-standardized,All causes,Rate,2014,62488.154921023146,68829.68141087053,56759.166841972954
DALYs (Disability-Adjusted Life Years),United Kingdom,Both,Age-standardized,All causes,Rate,2014,20853.517364440257,24200.46085584086,18076.44804619282
DALYs (Disability-Adjusted Life Years),Cyprus,Both,Age-standardized,All causes,Rate,2016,20185.842560394885,23380.11890955382,17489.83768320088
DALYs (Disability-Adjusted Life Years),Nicaragua,Both,Age-standardized,All causes,Rate,2014,27492.14897677884,30773.66580978273,24682.581614127434
DALYs (Disability-Adjusted Life Years),Kuwait,Both,Age-standardized,All causes,Rate,2014,20815.70530207479,24119.148952767915,18106.834798552958
DALYs (Disability-Adjusted Life Years),Netherlands,Both,Age-standardized,All causes,Rate,2016,19398.153553787295,22456.204853759315,16797.58508968908
DALYs (Disability-Adjusted Life Years),Cabo Verde,Both,Age-standardized,All causes,Rate,2017,29904.64494222595,34079.06214339684,25892.85866377656
DALYs (Disability-Adjusted Life Years),Guyana,Both,Age-standardized,All causes,Rate,2016,45435.912348094935,51641.80569554562,39756.7912032156
DALYs (Disability-Adjusted Life Years),Liberia,Both,Age-standardized,All causes,Rate,2014,70718.0874050158,79524.57558551224,62438.386136040936
DALYs (Disability-Adjusted Life Years),United Arab Emirates,Both,Age-standardized,All causes,Rate,2016,34499.60534393711,39238.76284894237,30337.126690617457
DALYs (Disability-Adjusted Life Years),Nepal,Both,Age-standardized,All causes,Rate,2016,38527.49095022905,44565.29661564441,33560.231583670444
DALYs (Disability-Adjusted Life Years),Morocco,Both,Age-standardized,All causes,Rate,2015,32798.3577012842,37963.20231977306,28293.404223183017
DALYs (Disability-Adjusted Life Years),Nicaragua,Both,Age-standardized,All causes,Rate,2016,26872.322120228666,30227.06723208397,24141.58617264287
DALYs (Disability-Adjusted Life Years),Mozambique,Both,Age-standardized,All causes,Rate,2015,77980.74930290176,86162.75374025958,68958.43714385128
DALYs (Disability-Adjusted Life Years),Saudi Arabia,Both,Age-standardized,All causes,Rate,2016,32031.482393855553,35991.66181579661,28352.9109778024
DALYs (Disability-Adjusted Life Years),Indonesia,Both,Age-standardized,All causes,Rate,2014,36971.03202787823,40913.27310766704,33240.79919746914
DALYs (Disability-Adjusted Life Years),Czechia,Both,Age-standardized,All causes,Rate,2014,22321.689579851853,25450.59797028168,19669.540350757004
DALYs (Disability-Adjusted Life Years),Cambodia,Both,Age-standardized,All causes,Rate,2019,39578.47952687243,45838.360301749046,33789.6545504886
DALYs (Disability-Adjusted Life Years),Netherlands,Both,Age-standardized,All causes,Rate,2019,19073.741206629595,22118.17568382737,16479.70277008787
DALYs (Disability-Adjusted Life Years),Cuba,Both,Age-standardized,All causes,Rate,2014,23010.159797957556,26114.618578494876,20463.943024064472
DALYs (Disability-Adjusted Life Years),Timor-Leste,Both,Age-standardized,All causes,Rate,2020,37891.248961300626,43574.09817101825,32973.68440932193
DALYs (Disability-Adjusted Life Years),Colombia,Both,Age-standardized,All causes,Rate,2019,24220.64158443998,27427.395859227294,21574.005625084676
DALYs (Disability-Adjusted Life Years),Saudi Arabia,Both,Age-standardized,All causes,Rate,2014,32570.272276098724,36358.60966393038,29223.545687278605
DALYs (Disability-Adjusted Life Years),Singapore,Both,Age-standardized,All causes,Rate,2020,14807.71413419304,17544.034289543615,12548.403128621167
DALYs (Disability-Adjusted Life Years),Belgium,Both,Age-standardized,All causes,Rate,2020,21278.628416697407,24603.38580949069,18369.267772021914
DALYs (Disability-Adjusted Life Years),Serbia,Both,Age-standardized,All causes,Rate,2019,25384.865487218318,28425.906759119578,22844.901050478045
DALYs (Disability-Adjusted Life Years),Armenia,Both,Age-standardized,All causes,Rate,2020,39216.95755956588,42416.68088759046,36477.674677295145
DALYs (Disability-Adjusted Life Years),China,Both,Age-standardized,All causes,Rate,2016,23854.337889109036,26981.604125152957,21137.33533953133
DALYs (Disability-Adjusted Life Years),Northern Mariana Islands,Both,Age-standardized,All causes,Rate,2019,29927.8871298506,35134.8863346177,25672.93771385588
DALYs (Disability-Adjusted Life Years),Guyana,Both,Age-standardized,All causes,Rate,2019,43971.64144639419,51347.092981862064,37596.02152207998
DALYs (Disability-Adjusted Life Years),Lebanon,Both,Age-standardized,All causes,Rate,2019,22926.502788954444,26623.743937974952,19604.091478912822
DALYs (Disability-Adjusted Life Years),Ghana,Both,Age-standardized,All causes,Rate,2019,47558.05082560842,54451.13237925012,41482.391303250224
DALYs (Disability-Adjusted Life Years),Afghanistan,Both,Age-standardized,All causes,Rate,2015,63852.04320650175,72832.6152929554,55911.63796538583
DALYs (Disability-Adjusted Life Years),American Samoa,Both,Age-standardized,All causes,Rate,2019,35875.809280156325,40887.000526188574,31960.34898732649
DALYs (Disability-Adjusted Life Years),Niger,Both,Age-standardized,All causes,Rate,2013,62098.965594316454,71505.78860239363,54164.06399105387
DALYs (Disability-Adjusted Life Years),Malta,Both,Age-standardized,All causes,Rate,2018,18847.141679281693,21987.674491063575,16193.432155381483
DALYs (Disability-Adjusted Life Years),Nepal,Both,Age-standardized,All causes,Rate,2014,39592.169793748275,45329.646111292546,34820.14291121341
DALYs (Disability-Adjusted Life Years),Democratic People's Republic of Korea,Both,Age-standardized,All causes,Rate,2020,30005.79979066926,35490.33663246089,25308.556623228596
DALYs (Disability-Adjusted Life Years),Sudan,Both,Age-standardized,All causes,Rate,2015,42213.050867311715,49175.14894839904,36135.28747401752
DALYs (Disability-Adjusted Life Years),Cyprus,Both,Age-standardized,All causes,Rate,2019,20220.344499958155,23454.438535353966,17415.93190084538
DALYs (Disability-Adjusted Life Years),Namibia,Both,Age-standardized,All causes,Rate,2019,51707.11169229084,61039.30843649026,43559.82454717686
DALYs (Disability-Adjusted Life Years),Albania,Both,Age-standardized,All causes,Rate,2020,25198.955829922597,28409.76001070463,22017.407197196328
DALYs (Disability-Adjusted Life Years),Lebanon,Both,Age-standardized,All causes,Rate,2016,24084.395623234726,27736.309463558297,20877.704519317664
DALYs (Disability-Adjusted Life Years),Slovenia,Both,Age-standardized,All causes,Rate,2020,20079.416005305622,23176.371409501793,17505.8991431358
DALYs (Disability-Adjusted Life Years),Kenya,Both,Age-standardized,All causes,Rate,2016,49569.74545662223,54326.02586853126,45308.232890484454
DALYs (Disability-Adjusted Life Years),Niger,Both,Age-standardized,All causes,Rate,2016,59062.57100420911,68769.4070648314,51219.913752778404
DALYs (Disability-Adjusted Life Years),Nauru,Both,Age-standardized,All causes,Rate,2016,60209.45387315902,70916.48733284586,51291.515815246115
DALYs (Disability-Adjusted Life Years),Malta,Both,Age-standardized,All causes,Rate,2020,18960.529899677524,22212.63947377957,16438.94644721804
DALYs (Disability-Adjusted Life Years),Grenada,Both,Age-standardized,All causes,Rate,2020,31553.27002127476,35642.18548184287,28149.656382527
DALYs (Disability-Adjusted Life Years),El Salvador,Both,Age-standardized,All causes,Rate,2016,31945.27516505435,35301.12231797973,29249.81793908682
DALYs (Disability-Adjusted Life Years),Paraguay,Both,Age-standardized,All causes,Rate,2020,29458.72985255212,34062.18969550711,25680.706643857153
DALYs (Disability-Adjusted Life Years),Angola,Both,Age-standardized,All causes,Rate,2016,55108.82603677785,63665.37813928192,47543.1315466488
DALYs (Disability-Adjusted Life Years),Morocco,Both,Age-standardized,All causes,Rate,2020,35041.37455998995,39739.53983824324,30530.843283891252
DALYs (Disability-Adjusted Life Years),Afghanistan,Both,Age-standardized,All causes,Rate,2020,69582.04120253868,78886.17257318964,61120.42898740953
DALYs (Disability-Adjusted Life Years),Equatorial Guinea,Both,Age-standardized,All causes,Rate,2020,60028.10298095139,73352.43142416734,49068.46149451644
DALYs (Disability-Adjusted Life Years),South Sudan,Both,Age-standardized,All causes,Rate,2013,73505.14906796058,86247.30044287092,61693.51386192059
DALYs (Disability-Adjusted Life Years),Antigua and Barbuda,Both,Age-standardized,All causes,Rate,2018,27439.788869642663,31168.74063831816,24617.31440000582
DALYs (Disability-Adjusted Life Years),Madagascar,Both,Age-standardized,All causes,Rate,2014,56544.264008128855,64249.18787375724,49179.599244221
DALYs (Disability-Adjusted Life Years),Philippines,Both,Age-standardized,All causes,Rate,2015,35728.030325441534,39011.39664799839,32732.774978680056
DALYs (Disability-Adjusted Life Years),Egypt,Both,Age-standardized,All causes,Rate,2018,37345.0819236305,40613.291094358625,34540.40491226754
DALYs (Disability-Adjusted Life Years),United Republic of Tanzania,Both,Age-standardized,All causes,Rate,2015,52109.3935816666,57877.978258539486,46850.831350930945
DALYs (Disability-Adjusted Life Years),Syrian Arab Republic,Both,Age-standardized,All causes,Rate,2018,46484.08093315194,52638.28597901991,41567.721091251384
DALYs (Disability-Adjusted Life Years),Afghanistan,Both,Age-standardized,All causes,Rate,2018,63415.410900287075,71968.630148142,55572.63958298737
DALYs (Disability-Adjusted Life Years),Burkina Faso,Both,Age-standardized,All causes,Rate,2016,63822.64639035877,71181.74539293195,57070.164168302086
DALYs (Disability-Adjusted Life Years),Bermuda,Both,Age-standardized,All causes,Rate,2016,19869.623597866157,23061.96434916902,17159.026877659693
DALYs (Disability-Adjusted Life Years),Djibouti,Both,Age-standardized,All causes,Rate,2018,46449.22815527862,56100.10481010144,38848.17349263859
DALYs (Disability-Adjusted Life Years),South Sudan,Both,Age-standardized,All causes,Rate,2016,74949.21226881916,88419.20409404986,62635.90238792456
DALYs (Disability-Adjusted Life Years),Mozambique,Both,Age-standardized,All causes,Rate,2018,70455.01208814624,78991.17035431894,61859.8338180382
DALYs (Disability-Adjusted Life Years),Puerto Rico,Both,Age-standardized,All causes,Rate,2017,25429.67913385409,33677.79313189188,21362.143019269643
DALYs (Disability-Adjusted Life Years),Malaysia,Both,Age-standardized,All causes,Rate,2018,28008.511007918,31057.698379519315,25509.976880506656
DALYs (Disability-Adjusted Life Years),Antigua and Barbuda,Both,Age-standardized,All causes,Rate,2020,26274.869806924235,30256.651507797684,23285.32638807228
DALYs (Disability-Adjusted Life Years),Haiti,Both,Age-standardized,All causes,Rate,2012,61857.11982091168,70843.17334929918,54217.65384718491
DALYs (Disability-Adjusted Life Years),Guinea-Bissau,Both,Age-standardized,All causes,Rate,2020,74135.45792470255,83194.9246477639,65619.07549720995
DALYs (Disability-Adjusted Life Years),Costa Rica,Both,Age-standardized,All causes,Rate,2012,22837.974051092988,26156.93818990667,20085.876304465764
DALYs (Disability-Adjusted Life Years),Guam,Both,Age-standardized,All causes,Rate,2020,26748.190745885815,29981.828797938033,24200.245486036343
DALYs (Disability-Adjusted Life Years),Tuvalu,Both,Age-standardized,All causes,Rate,2020,41505.63748710333,47593.161130564156,35998.41059403479
DALYs (Disability-Adjusted Life Years),Algeria,Both,Age-standardized,All causes,Rate,2016,28077.240514568075,31394.496810144403,25179.926485456606
DALYs (Disability-Adjusted Life Years),Namibia,Both,Age-standardized,All causes,Rate,2016,55463.55190739767,63723.07360989536,47103.937982436255
DALYs (Disability-Adjusted Life Years),Ukraine,Both,Age-standardized,All causes,Rate,2018,32737.53484379236,36820.602951558554,29151.304440918906
DALYs (Disability-Adjusted Life Years),Nauru,Both,Age-standardized,All causes,Rate,2013,64204.80691390402,74278.25579839756,55852.26400686296
DALYs (Disability-Adjusted Life Years),Myanmar,Both,Age-standardized,All causes,Rate,2018,40992.27140299511,47148.683422125956,35480.22293057905
DALYs (Disability-Adjusted Life Years),Nauru,Both,Age-standardized,All causes,Rate,2014,62583.0759153744,73187.19800832283,53820.087862577704
DALYs (Disability-Adjusted Life Years),Belize,Both,Age-standardized,All causes,Rate,2019,30606.209219361004,34164.89604187437,27732.54357738103
DALYs (Disability-Adjusted Life Years),South Sudan,Both,Age-standardized,All causes,Rate,2014,73701.35613565837,86551.7168417153,62171.32182946199
DALYs (Disability-Adjusted Life Years),Algeria,Both,Age-standardized,All causes,Rate,2019,27138.877889424068,30810.918698037847,24221.97360694537
DALYs (Disability-Adjusted Life Years),Suriname,Both,Age-standardized,All causes,Rate,2015,34909.79672295791,38691.49046493797,31873.65117714498
DALYs (Disability-Adjusted Life Years),Slovenia,Both,Age-standardized,All causes,Rate,2018,19404.04615601361,22353.912463722343,16928.942293399512
DALYs (Disability-Adjusted Life Years),Tunisia,Both,Age-standardized,All causes,Rate,2015,26459.54293664195,31581.75046591102,22373.21701058424
DALYs (Disability-Adjusted Life Years),Eritrea,Both,Age-standardized,All causes,Rate,2015,58885.04364675375,69241.43277638764,49543.466936961086
DALYs (Disability-Adjusted Life Years),Congo,Both,Age-standardized,All causes,Rate,2019,54462.871052360795,62836.004901729495,47361.894250842066
DALYs (Disability-Adjusted Life Years),Lebanon,Both,Age-standardized,All causes,Rate,2015,24646.41834578091,28301.232684263578,21438.279663799683
DALYs (Disability-Adjusted Life Years),Mali,Both,Age-standardized,All causes,Rate,2018,61616.97302479541,69199.15482160247,54704.00199941071
DALYs (Disability-Adjusted Life Years),Tajikistan,Both,Age-standardized,All causes,Rate,2018,32737.422550000738,36827.50101727919,28940.666358066203
DALYs (Disability-Adjusted Life Years),Uruguay,Both,Age-standardized,All causes,Rate,2017,25632.213108498785,28705.63368798295,22956.13701115203
DALYs (Disability-Adjusted Life Years),Micronesia (Federated States of),Both,Age-standardized,All causes,Rate,2018,44646.52584480523,52942.504558639805,37931.77681326869
DALYs (Disability-Adjusted Life Years),North Macedonia,Both,Age-standardized,All causes,Rate,2018,28292.566875010943,31093.4834473074,25725.72402827638
DALYs (Disability-Adjusted Life Years),Greece,Both,Age-standardized,All causes,Rate,2018,20517.804227163884,23784.339132076755,17757.46315708623
DALYs (Disability-Adjusted Life Years),Honduras,Both,Age-standardized,All causes,Rate,2020,39030.33085047432,44993.53811686507,34761.605540609664
DALYs (Disability-Adjusted Life Years),Mauritania,Both,Age-standardized,All causes,Rate,2018,37769.77679428114,43468.71324173799,32200.26933633383
DALYs (Disability-Adjusted Life Years),India,Both,Age-standardized,All causes,Rate,2019,38800.40707630654,42816.2790117752,35347.54582075077
DALYs (Disability-Adjusted Life Years),Slovenia,Both,Age-standardized,All causes,Rate,2021,20262.79988374656,23396.38437479996,17585.088220860205
DALYs (Disability-Adjusted Life Years),Singapore,Both,Age-standardized,All causes,Rate,2021,14980.88205268508,17791.507055950995,12700.583537830673
DALYs (Disability-Adjusted Life Years),Germany,Both,Age-standardized,All causes,Rate,2021,21019.54412410214,24531.39922399632,18147.68420410889
DALYs (Disability-Adjusted Life Years),Nigeria,Both,Age-standardized,All causes,Rate,2018,56264.43570243475,61977.12401771999,50399.40661298068
DALYs (Disability-Adjusted Life Years),Sweden,Both,Age-standardized,All causes,Rate,2021,17996.746910753674,21064.518844358478,15328.160941826201
DALYs (Disability-Adjusted Life Years),Greece,Both,Age-standardized,All causes,Rate,2015,21016.10784712154,24262.050586884692,18279.4485544349
DALYs (Disability-Adjusted Life Years),Saint Vincent and the Grenadines,Both,Age-standardized,All causes,Rate,2021,34262.175248216954,39025.268046845806,30462.63185566776
DALYs (Disability-Adjusted Life Years),Latvia,Both,Age-standardized,All causes,Rate,2012,29310.98621161564,32299.17339051694,26683.582677657338
DALYs (Disability-Adjusted Life Years),Saudi Arabia,Both,Age-standardized,All causes,Rate,2012,33458.113411675455,37389.65125746565,30295.242362764042
DALYs (Disability-Adjusted Life Years),Bahrain,Both,Age-standardized,All causes,Rate,2012,30011.973452018166,33374.28983342183,27018.012306514334
DALYs (Disability-Adjusted Life Years),Gambia,Both,Age-standardized,All causes,Rate,2015,52998.60898376942,59525.66303238653,46287.32277584003
DALYs (Disability-Adjusted Life Years),Latvia,Both,Age-standardized,All causes,Rate,2015,27912.8810290996,30952.892241256286,25384.11460724937
DALYs (Disability-Adjusted Life Years),Malawi,Both,Age-standardized,All causes,Rate,2018,57254.729968319494,65124.32352872522,50796.30508499609
DALYs (Disability-Adjusted Life Years),Albania,Both,Age-standardized,All causes,Rate,2018,23826.40377907139,27017.983983193666,21100.595321617282
DALYs (Disability-Adjusted Life Years),Grenada,Both,Age-standardized,All causes,Rate,2016,32104.190922929865,35900.38432561782,29080.66594976709
DALYs (Disability-Adjusted Life Years),Namibia,Both,Age-standardized,All causes,Rate,2018,53318.67603028584,62206.871851228396,45066.39782328458
DALYs (Disability-Adjusted Life Years),Malaysia,Both,Age-standardized,All causes,Rate,2020,25948.614464026326,28977.050811932226,23465.057725881732
DALYs (Disability-Adjusted Life Years),Somalia,Both,Age-standardized,All causes,Rate,2021,90159.20486397267,105249.50435594545,76863.60635104266
DALYs (Disability-Adjusted Life Years),Niue,Both,Age-standardized,All causes,Rate,2014,37464.070734292756,43513.849769044406,32047.589439514966
DALYs (Disability-Adjusted Life Years),Niue,Both,Age-standardized,All causes,Rate,2016,37273.04201087783,43753.86870129155,31768.44883187324
DALYs (Disability-Adjusted Life Years),Belgium,Both,Age-standardized,All causes,Rate,2016,20540.52876073953,23923.83290239391,17800.744322639563
DALYs (Disability-Adjusted Life Years),Republic of Moldova,Both,Age-standardized,All causes,Rate,2020,30862.06248597809,33856.851291743595,28247.35821078842
DALYs (Disability-Adjusted Life Years),Lithuania,Both,Age-standardized,All causes,Rate,2017,27137.58944594502,30192.226834096036,24547.94938640985
DALYs (Disability-Adjusted Life Years),Austria,Both,Age-standardized,All causes,Rate,2020,19929.448130254495,23121.509859672868,17195.94449067251
DALYs (Disability-Adjusted Life Years),Timor-Leste,Both,Age-standardized,All causes,Rate,2018,38327.66434134696,43618.83688280721,33642.81682828257
DALYs (Disability-Adjusted Life Years),Armenia,Both,Age-standardized,All causes,Rate,2018,25576.352009421156,28509.207722336007,23107.452373887132
DALYs (Disability-Adjusted Life Years),Luxembourg,Both,Age-standardized,All causes,Rate,2020,19191.664841740887,22509.319144754125,16522.49598994984
DALYs (Disability-Adjusted Life Years),Albania,Both,Age-standardized,All causes,Rate,2016,24188.42033917216,27583.662770757437,21333.12297851387
DALYs (Disability-Adjusted Life Years),Myanmar,Both,Age-standardized,All causes,Rate,2020,40691.54934076133,46931.19136324391,35281.23078828195
DALYs (Disability-Adjusted Life Years),Tuvalu,Both,Age-standardized,All causes,Rate,2018,42517.88199928139,48466.78855838316,36863.065258988936
DALYs (Disability-Adjusted Life Years),Cook Islands,Both,Age-standardized,All causes,Rate,2019,26224.722699262093,30380.538994711907,22885.565610776077
DALYs (Disability-Adjusted Life Years),Micronesia (Federated States of),Both,Age-standardized,All causes,Rate,2020,44191.80905717233,52260.24814541226,37326.41569021012
DALYs (Disability-Adjusted Life Years),Sri Lanka,Both,Age-standardized,All causes,Rate,2017,25446.730904346547,29724.924002437525,21730.381458883207
DALYs (Disability-Adjusted Life Years),Kyrgyzstan,Both,Age-standardized,All causes,Rate,2020,33673.66176807636,37388.788095851865,30410.183566185904
DALYs (Disability-Adjusted Life Years),Uzbekistan,Both,Age-standardized,All causes,Rate,2017,33686.860892741985,36963.05276243314,30775.75080434672
DALYs (Disability-Adjusted Life Years),Belize,Both,Age-standardized,All causes,Rate,2021,32473.801920312777,36489.79647193995,28995.40313079693
DALYs (Disability-Adjusted Life Years),Tonga,Both,Age-standardized,All causes,Rate,2017,31846.478242540248,37317.27222244707,27614.346014844337
DALYs (Disability-Adjusted Life Years),Somalia,Both,Age-standardized,All causes,Rate,2018,75930.38620897826,89554.81816159419,64517.815714545024
DALYs (Disability-Adjusted Life Years),Romania,Both,Age-standardized,All causes,Rate,2015,27524.826268345503,30506.686508092927,24977.036465615016
DALYs (Disability-Adjusted Life Years),Serbia,Both,Age-standardized,All causes,Rate,2017,25955.731709362008,28957.701237722387,23381.229856208298
DALYs (Disability-Adjusted Life Years),Nepal,Both,Age-standardized,All causes,Rate,2012,40833.89067767458,46569.207256011905,36458.164554108465
DALYs (Disability-Adjusted Life Years),Guyana,Both,Age-standardized,All causes,Rate,2017,45061.057090386355,51617.08042678762,38816.730652990846
DALYs (Disability-Adjusted Life Years),Iran (Islamic Republic of),Both,Age-standardized,All causes,Rate,2020,26204.31197085632,29841.981131258675,23277.192289212373
DALYs (Disability-Adjusted Life Years),Austria,Both,Age-standardized,All causes,Rate,2018,19463.889055126932,22536.009616805874,16807.974811516033
DALYs (Disability-Adjusted Life Years),Slovenia,Both,Age-standardized,All causes,Rate,2016,19994.680963074996,23012.948840051187,17293.563988375266
DALYs (Disability-Adjusted Life Years),Tuvalu,Both,Age-standardized,All causes,Rate,2017,43053.56004934085,48816.05891515387,37117.928156823924
DALYs (Disability-Adjusted Life Years),Switzerland,Both,Age-standardized,All causes,Rate,2018,17972.951019705437,21189.198550666537,15262.758187946376
DALYs (Disability-Adjusted Life Years),Lebanon,Both,Age-standardized,All causes,Rate,2017,23777.44563048825,27474.157133427307,20559.971581669743
DALYs (Disability-Adjusted Life Years),Suriname,Both,Age-standardized,All causes,Rate,2018,35117.06170167492,39147.078108903625,31928.680148107404
DALYs (Disability-Adjusted Life Years),Malawi,Both,Age-standardized,All causes,Rate,2019,56399.02018848987,64431.08516306224,49629.44855213134
DALYs (Disability-Adjusted Life Years),Sao Tome and Principe,Both,Age-standardized,All causes,Rate,2015,37286.953021590605,42191.02433059537,32369.307899512696
DALYs (Disability-Adjusted Life Years),Libya,Both,Age-standardized,All causes,Rate,2018,35019.67900266833,40456.85405244778,30121.05211746312
DALYs (Disability-Adjusted Life Years),North Macedonia,Both,Age-standardized,All causes,Rate,2020,31527.192981070046,34621.66961620621,28747.271965624743
DALYs (Disability-Adjusted Life Years),Democratic People's Republic of Korea,Both,Age-standardized,All causes,Rate,2021,29613.56580549521,35274.80198647242,24632.575353295004
DALYs (Disability-Adjusted Life Years),Suriname,Both,Age-standardized,All causes,Rate,2020,35122.68581208817,39862.52528622872,31331.662450959953
DALYs (Disability-Adjusted Life Years),Cyprus,Both,Age-standardized,All causes,Rate,2017,20219.02659039076,23441.995327205932,17412.536884797493
DALYs (Disability-Adjusted Life Years),Timor-Leste,Both,Age-standardized,All causes,Rate,2021,41367.53385411843,47859.979242364265,35429.67980928923
DALYs (Disability-Adjusted Life Years),Tunisia,Both,Age-standardized,All causes,Rate,2020,26666.994935807437,32003.658160418192,22397.607180851493
DALYs (Disability-Adjusted Life Years),Albania,Both,Age-standardized,All causes,Rate,2021,26709.78678007177,30295.011550452007,23297.024911658693
DALYs (Disability-Adjusted Life Years),Czechia,Both,Age-standardized,All causes,Rate,2017,21858.152156786076,24961.185312104193,19266.374328316782
DALYs (Disability-Adjusted Life Years),Malta,Both,Age-standardized,All causes,Rate,2016,19028.4321181799,22163.737191371223,16412.162921743045
DALYs (Disability-Adjusted Life Years),United Republic of Tanzania,Both,Age-standardized,All causes,Rate,2012,57527.862007331976,62978.94936957386,52885.62785796913
DALYs (Disability-Adjusted Life Years),Mozambique,Both,Age-standardized,All causes,Rate,2016,75267.40403685297,83454.0878014335,66557.89414067384
DALYs (Disability-Adjusted Life Years),Australia,Both,Age-standardized,All causes,Rate,2017,19764.781662087462,23093.64472261124,16925.691384652586
DALYs (Disability-Adjusted Life Years),Eritrea,Both,Age-standardized,All causes,Rate,2020,55195.82991043401,66206.57415276759,46308.08266572341
DALYs (Disability-Adjusted Life Years),Zambia,Both,Age-standardized,All causes,Rate,2020,61745.93095225241,72548.34510147605,52899.67281078782
DALYs (Disability-Adjusted Life Years),Germany,Both,Age-standardized,All causes,Rate,2018,20667.24391011551,23997.214164396577,17890.245489051715
DALYs (Disability-Adjusted Life Years),Saint Vincent and the Grenadines,Both,Age-standardized,All causes,Rate,2018,32440.895917367583,36359.33016810583,29418.905099832693
DALYs (Disability-Adjusted Life Years),Somalia,Both,Age-standardized,All causes,Rate,2019,74316.52142742519,87512.11580095542,62640.368174896976
DALYs (Disability-Adjusted Life Years),Guyana,Both,Age-standardized,All causes,Rate,2021,52417.55619167372,65093.899509435425,42452.32436210351
DALYs (Disability-Adjusted Life Years),Australia,Both,Age-standardized,All causes,Rate,2015,20140.423683585166,23422.045915114388,17317.18751502314
DALYs (Disability-Adjusted Life Years),Zambia,Both,Age-standardized,All causes,Rate,2015,62634.87292466282,71648.46819969997,54977.994384327234
DALYs (Disability-Adjusted Life Years),Armenia,Both,Age-standardized,All causes,Rate,2021,27883.202434511855,31108.77728534669,25043.588465967503
DALYs (Disability-Adjusted Life Years),Cabo Verde,Both,Age-standardized,All causes,Rate,2015,30450.278558013506,34429.99711669046,26689.93747452467
DALYs (Disability-Adjusted Life Years),Bulgaria,Both,Age-standardized,All causes,Rate,2019,30159.32678939264,33070.787195129866,27493.69058326816
DALYs (Disability-Adjusted Life Years),Nauru,Both,Age-standardized,All causes,Rate,2012,65745.34644062516,75460.92126371147,57298.48113462588
DALYs (Disability-Adjusted Life Years),Belarus,Both,Age-standardized,All causes,Rate,2019,28597.927752776635,31729.149441020454,26028.280084394974
DALYs (Disability-Adjusted Life Years),Indonesia,Both,Age-standardized,All causes,Rate,2017,35462.481401351055,39636.70110243057,31574.271337852682
DALYs (Disability-Adjusted Life Years),Singapore,Both,Age-standardized,All causes,Rate,2019,14913.573864691993,17633.334919340377,12697.713866619275
DALYs (Disability-Adjusted Life Years),Dominican Republic,Both,Age-standardized,All causes,Rate,2018,32416.78585755783,36044.55756066424,29108.202763205256
DALYs (Disability-Adjusted Life Years),Kiribati,Both,Age-standardized,All causes,Rate,2017,54445.92958237323,62630.33614186166,47507.543461107685
DALYs (Disability-Adjusted Life Years),Switzerland,Both,Age-standardized,All causes,Rate,2016,18317.5728619059,21525.415651089654,15543.845532979867
DALYs (Disability-Adjusted Life Years),China,Both,Age-standardized,All causes,Rate,2017,23515.67523430453,26501.150546231776,20686.675971844787
DALYs (Disability-Adjusted Life Years),Georgia,Both,Age-standardized,All causes,Rate,2017,29718.161695181432,32803.607917830865,27097.724581957806
DALYs (Disability-Adjusted Life Years),Suriname,Both,Age-standardized,All causes,Rate,2019,35206.476331048456,39330.09560980807,31890.163887883093
DALYs (Disability-Adjusted Life Years),Bangladesh,Both,Age-standardized,All causes,Rate,2020,34951.63401305586,40079.41653990255,30224.922229528605
DALYs (Disability-Adjusted Life Years),India,Both,Age-standardized,All causes,Rate,2017,40366.90441524697,44109.754240129376,37168.83767821075
DALYs (Disability-Adjusted Life Years),Netherlands,Both,Age-standardized,All causes,Rate,2017,19256.303337617755,22293.993625224623,16709.533672242833
DALYs (Disability-Adjusted Life Years),Taiwan (Province of China),Both,Age-standardized,All causes,Rate,2020,19227.4590853415,21982.38633365822,16916.466759894633
DALYs (Disability-Adjusted Life Years),Dominican Republic,Both,Age-standardized,All causes,Rate,2020,32583.153460980608,36713.77716557333,29048.933994448722
DALYs (Disability-Adjusted Life Years),Congo,Both,Age-standardized,All causes,Rate,2017,55698.88462866649,64168.60970645021,48002.2288810457
DALYs (Disability-Adjusted Life Years),South Africa,Both,Age-standardized,All causes,Rate,2018,52244.55068034735,56151.06242044877,48742.04492508911
DALYs (Disability-Adjusted Life Years),San Marino,Both,Age-standardized,All causes,Rate,2019,17976.14556875198,21525.301169879596,14924.329725309355
DALYs (Disability-Adjusted Life Years),Malawi,Both,Age-standardized,All causes,Rate,2017,58846.63534131729,65966.99390321519,52448.299292780706
DALYs (Disability-Adjusted Life Years),Namibia,Both,Age-standardized,All causes,Rate,2017,54575.65072883931,63032.600190849,46178.674137358874
DALYs (Disability-Adjusted Life Years),Cabo Verde,Both,Age-standardized,All causes,Rate,2020,31649.28771110776,36601.01554159742,27313.793567345
DALYs (Disability-Adjusted Life Years),Honduras,Both,Age-standardized,All causes,Rate,2021,41660.7699281927,47966.775894563645,37038.02522889258
DALYs (Disability-Adjusted Life Years),Syrian Arab Republic,Both,Age-standardized,All causes,Rate,2021,34692.71018345137,40730.81626057258,29602.266393844246
DALYs (Disability-Adjusted Life Years),Sao Tome and Principe,Both,Age-standardized,All causes,Rate,2020,36303.12399036364,41799.0356320515,31802.13308574451
DALYs (Disability-Adjusted Life Years),Pakistan,Both,Age-standardized,All causes,Rate,2021,51687.05871250039,57513.613196722414,45935.941938824595
DALYs (Disability-Adjusted Life Years),Greece,Both,Age-standardized,All causes,Rate,2016,20818.58256650008,24052.258254654957,18093.78168934804
DALYs (Disability-Adjusted Life Years),Djibouti,Both,Age-standardized,All causes,Rate,2021,51618.878387143784,60663.48498019722,43953.66017501496
DALYs (Disability-Adjusted Life Years),Iceland,Both,Age-standardized,All causes,Rate,2017,18422.49667031167,21617.5854956496,15827.246431505513
DALYs (Disability-Adjusted Life Years),Mali,Both,Age-standardized,All causes,Rate,2021,68253.64161919922,76485.14008614398,60748.26182654229
DALYs (Disability-Adjusted Life Years),United Kingdom,Both,Age-standardized,All causes,Rate,2017,20779.31987689199,24077.579829767405,17958.83611290065
DALYs (Disability-Adjusted Life Years),Barbados,Both,Age-standardized,All causes,Rate,2017,26814.569703615736,30970.345247018027,23428.41350526367
DALYs (Disability-Adjusted Life Years),Mauritius,Both,Age-standardized,All causes,Rate,2018,29874.04823877973,33221.55451508288,27139.99874699044
DALYs (Disability-Adjusted Life Years),Côte d'Ivoire,Both,Age-standardized,All causes,Rate,2018,55449.14801298673,62766.797200883804,48598.90503179644
DALYs (Disability-Adjusted Life Years),Maldives,Both,Age-standardized,All causes,Rate,2019,20776.84796889257,23889.68764065383,18078.508669734012
DALYs (Disability-Adjusted Life Years),Sierra Leone,Both,Age-standardized,All causes,Rate,2018,62641.898676310346,73087.93853451361,53184.446635542845
DALYs (Disability-Adjusted Life Years),Iceland,Both,Age-standardized,All causes,Rate,2015,18578.22770187602,21786.37029755849,16078.663358626332
DALYs (Disability-Adjusted Life Years),Uganda,Both,Age-standardized,All causes,Rate,2021,61279.81339202175,69157.28571184445,53527.778453949024
DALYs (Disability-Adjusted Life Years),San Marino,Both,Age-standardized,All causes,Rate,2017,18154.25706007473,21542.20677033223,15176.07842505234
DALYs (Disability-Adjusted Life Years),Mongolia,Both,Age-standardized,All causes,Rate,2019,36518.91237380802,40808.65309372356,32676.92282962953
DALYs (Disability-Adjusted Life Years),Grenada,Both,Age-standardized,All causes,Rate,2019,31595.838127371517,35451.153279634505,28446.396328610263
DALYs (Disability-Adjusted Life Years),Uruguay,Both,Age-standardized,All causes,Rate,2020,24796.868739658683,27985.64155112744,22120.402413280168
DALYs (Disability-Adjusted Life Years),Honduras,Both,Age-standardized,All causes,Rate,2019,34701.04396586735,40281.78312742142,30265.638370091696
DALYs (Disability-Adjusted Life Years),Democratic Republic of the Congo,Both,Age-standardized,All causes,Rate,2020,58458.637812272595,66910.5684670302,50663.573495296354
DALYs (Disability-Adjusted Life Years),Egypt,Both,Age-standardized,All causes,Rate,2019,36789.56470868445,40144.7036567734,34068.71731619117
DALYs (Disability-Adjusted Life Years),Somalia,Both,Age-standardized,All causes,Rate,2017,77313.06727102329,91100.92222176642,65600.32535371804
DALYs (Disability-Adjusted Life Years),Syrian Arab Republic,Both,Age-standardized,All causes,Rate,2019,38746.706591935814,44666.422481086374,33897.28525785966
DALYs (Disability-Adjusted Life Years),Suriname,Both,Age-standardized,All causes,Rate,2016,34841.90539600841,38497.14364019852,31762.15957861379
DALYs (Disability-Adjusted Life Years),Ghana,Both,Age-standardized,All causes,Rate,2016,51680.43833381822,58726.2817128622,45801.35907287002
DALYs (Disability-Adjusted Life Years),Sierra Leone,Both,Age-standardized,All causes,Rate,2017,65425.0232115174,76248.46426695216,56012.99630203134
DALYs (Disability-Adjusted Life Years),Gabon,Both,Age-standardized,All causes,Rate,2018,49578.36942638513,58642.410380420995,41929.96238996399
DALYs (Disability-Adjusted Life Years),Saint Vincent and the Grenadines,Both,Age-standardized,All causes,Rate,2017,32570.773229954575,36285.76826592374,29722.475038945086
DALYs (Disability-Adjusted Life Years),Ghana,Both,Age-standardized,All causes,Rate,2017,50669.48846947843,57787.46615387973,44477.84939649635
DALYs (Disability-Adjusted Life Years),Georgia,Both,Age-standardized,All causes,Rate,2015,30834.908420661184,34070.07616126878,28079.925617987177
DALYs (Disability-Adjusted Life Years),Gabon,Both,Age-standardized,All causes,Rate,2019,48809.006998464145,58114.31862498899,40814.530391702334
DALYs (Disability-Adjusted Life Years),Mauritius,Both,Age-standardized,All causes,Rate,2019,30367.28657236708,33631.99266295226,27721.944873819277
DALYs (Disability-Adjusted Life Years),American Samoa,Both,Age-standardized,All causes,Rate,2020,37433.88835812205,42119.3177167256,33266.802189954884
DALYs (Disability-Adjusted Life Years),Egypt,Both,Age-standardized,All causes,Rate,2021,42611.73261085554,48496.26914563768,37566.27173400526
DALYs (Disability-Adjusted Life Years),Northern Mariana Islands,Both,Age-standardized,All causes,Rate,2020,29159.16916875445,34222.577011005116,24970.436045556566
DALYs (Disability-Adjusted Life Years),Guinea-Bissau,Both,Age-standardized,All causes,Rate,2021,71653.07401152348,81516.87531274804,62169.22538226319
DALYs (Disability-Adjusted Life Years),United States of America,Both,Age-standardized,All causes,Rate,2019,25799.745759296737,29383.025788486317,22681.404466456308
DALYs (Disability-Adjusted Life Years),Latvia,Both,Age-standardized,All causes,Rate,2017,27568.441814871443,30634.61050092041,24964.610634104
DALYs (Disability-Adjusted Life Years),Papua New Guinea,Both,Age-standardized,All causes,Rate,2019,47431.36504268836,54655.27446732774,41764.93593584869
DALYs (Disability-Adjusted Life Years),Trinidad and Tobago,Both,Age-standardized,All causes,Rate,2015,30842.658388686257,34373.74153809951,28019.994699214905
DALYs (Disability-Adjusted Life Years),Samoa,Both,Age-standardized,All causes,Rate,2016,36846.14266092812,42216.71559771684,32509.037305695958
DALYs (Disability-Adjusted Life Years),Antigua and Barbuda,Both,Age-standardized,All causes,Rate,2019,27426.346130884405,31296.492898002838,24412.485037523442
DALYs (Disability-Adjusted Life Years),Pakistan,Both,Age-standardized,All causes,Rate,2019,46428.03376456017,51656.282274973106,41422.20540011523
DALYs (Disability-Adjusted Life Years),Poland,Both,Age-standardized,All causes,Rate,2016,23838.607264087103,26898.7131702558,21243.40036105723
DALYs (Disability-Adjusted Life Years),Djibouti,Both,Age-standardized,All causes,Rate,2019,45650.78483539942,54952.66028119594,38025.26450636685
DALYs (Disability-Adjusted Life Years),Monaco,Both,Age-standardized,All causes,Rate,2017,21241.040772069064,25078.89184648434,18356.831318064942
DALYs (Disability-Adjusted Life Years),Bulgaria,Both,Age-standardized,All causes,Rate,2017,30658.17450376773,33909.02904016321,28093.23291639266
DALYs (Disability-Adjusted Life Years),United Kingdom,Both,Age-standardized,All causes,Rate,2015,20899.022246736182,24233.64947142327,18110.622191860708
DALYs (Disability-Adjusted Life Years),Sudan,Both,Age-standardized,All causes,Rate,2016,41274.04448414385,48428.65007441679,35429.70641586656
DALYs (Disability-Adjusted Life Years),Solomon Islands,Both,Age-standardized,All causes,Rate,2015,48356.052267234496,58050.41656340138,41165.359188712544
DALYs (Disability-Adjusted Life Years),Cuba,Both,Age-standardized,All causes,Rate,2016,23190.6496426394,26246.18088661942,20623.778776926105
DALYs (Disability-Adjusted Life Years),Bolivia (Plurinational State of),Both,Age-standardized,All causes,Rate,2016,35105.04193034353,41060.55694572405,30310.28941322928
DALYs (Disability-Adjusted Life Years),Nepal,Both,Age-standardized,All causes,Rate,2015,40870.23762857972,46943.95122836198,35904.88509163622
DALYs (Disability-Adjusted Life Years),Guam,Both,Age-standardized,All causes,Rate,2021,27141.596895981223,30658.190945934948,24142.884168892404
DALYs (Disability-Adjusted Life Years),Palau,Both,Age-standardized,All causes,Rate,2021,40710.88570791575,47077.278298489386,34838.8244191831
DALYs (Disability-Adjusted Life Years),Uganda,Both,Age-standardized,All causes,Rate,2020,53255.61950370527,60284.90545013605,46390.036943648214
DALYs (Disability-Adjusted Life Years),Germany,Both,Age-standardized,All causes,Rate,2019,20402.553123122958,23758.020563565642,17571.381550921324
DALYs (Disability-Adjusted Life Years),Kuwait,Both,Age-standardized,All causes,Rate,2017,20130.171159308014,23420.837037746565,17353.78052165153
DALYs (Disability-Adjusted Life Years),Côte d'Ivoire,Both,Age-standardized,All causes,Rate,2021,56653.988553817566,64388.250821862835,49938.1046401454
DALYs (Disability-Adjusted Life Years),Uganda,Both,Age-standardized,All causes,Rate,2019,49976.66494139636,56767.17427531342,43644.636581375285
DALYs (Disability-Adjusted Life Years),Sri Lanka,Both,Age-standardized,All causes,Rate,2015,25822.371270159834,29319.207367423605,22764.501042941054
DALYs (Disability-Adjusted Life Years),Mali,Both,Age-standardized,All causes,Rate,2019,59999.291638274946,67498.36011175631,53115.899868387714
DALYs (Disability-Adjusted Life Years),Lesotho,Both,Age-standardized,All causes,Rate,2016,101957.46268613433,115807.44519792483,89407.94442207002
DALYs (Disability-Adjusted Life Years),Trinidad and Tobago,Both,Age-standardized,All causes,Rate,2017,31473.357467420243,34990.45733608383,28554.14205708493
DALYs (Disability-Adjusted Life Years),Palau,Both,Age-standardized,All causes,Rate,2019,40882.30629349127,47403.501470881536,35309.65431792816
DALYs (Disability-Adjusted Life Years),Lao People's Democratic Republic,Both,Age-standardized,All causes,Rate,2018,41537.66456408857,48532.38640138482,34928.305232400766
DALYs (Disability-Adjusted Life Years),Netherlands,Both,Age-standardized,All causes,Rate,2018,19166.756788699895,22211.471610687568,16610.692925292075
DALYs (Disability-Adjusted Life Years),Sri Lanka,Both,Age-standardized,All causes,Rate,2020,23505.18483133961,29785.181878491563,17781.300183920794
DALYs (Disability-Adjusted Life Years),Azerbaijan,Both,Age-standardized,All causes,Rate,2018,32620.09408752238,35606.52682055958,29871.424491099664
DALYs (Disability-Adjusted Life Years),Croatia,Both,Age-standardized,All causes,Rate,2018,22442.727285619705,25532.3662570705,19852.129306086073
DALYs (Disability-Adjusted Life Years),Dominican Republic,Both,Age-standardized,All causes,Rate,2021,32631.59046390377,36963.93336483019,28395.148911218283
DALYs (Disability-Adjusted Life Years),Guyana,Both,Age-standardized,All causes,Rate,2018,44971.49501427967,52175.7279832147,38321.11453434366
DALYs (Disability-Adjusted Life Years),Sweden,Both,Age-standardized,All causes,Rate,2019,18041.236813384032,21122.279381933924,15445.81660007742
DALYs (Disability-Adjusted Life Years),Serbia,Both,Age-standardized,All causes,Rate,2020,27706.761992904612,30670.253572444868,25187.001725047747
DALYs (Disability-Adjusted Life Years),Sweden,Both,Age-standardized,All causes,Rate,2017,18462.173156494457,21552.17957652369,15818.629054851051
DALYs (Disability-Adjusted Life Years),South Africa,Both,Age-standardized,All causes,Rate,2021,62840.040424652456,67121.16120833627,59008.69237259173
DALYs (Disability-Adjusted Life Years),Estonia,Both,Age-standardized,All causes,Rate,2018,23216.306512564057,26226.90753195246,20504.58167798891
DALYs (Disability-Adjusted Life Years),Mozambique,Both,Age-standardized,All causes,Rate,2017,72724.91533649543,81098.54156389151,63971.64632606247
DALYs (Disability-Adjusted Life Years),Tonga,Both,Age-standardized,All causes,Rate,2020,31292.021014999376,37034.56670611078,26379.82821613084
DALYs (Disability-Adjusted Life Years),Nicaragua,Both,Age-standardized,All causes,Rate,2015,26579.273275036026,29861.42768017867,23826.101498561697
DALYs (Disability-Adjusted Life Years),Cyprus,Both,Age-standardized,All causes,Rate,2020,19670.197869586973,23127.178911829553,16836.404182002723
DALYs (Disability-Adjusted Life Years),Israel,Both,Age-standardized,All causes,Rate,2013,18628.84914460735,21672.972432328374,16042.043731827322
DALYs (Disability-Adjusted Life Years),Puerto Rico,Both,Age-standardized,All causes,Rate,2018,22354.89106102452,25545.01079202102,19694.22973935087
DALYs (Disability-Adjusted Life Years),Germany,Both,Age-standardized,All causes,Rate,2017,20718.300393586516,24071.248878841085,17955.4837341
DALYs (Disability-Adjusted Life Years),Congo,Both,Age-standardized,All causes,Rate,2015,58080.858388397995,65887.86632039826,50543.58971127747
DALYs (Disability-Adjusted Life Years),Central African Republic,Both,Age-standardized,All causes,Rate,2017,97761.1325296337,114120.22047712034,83956.47616476745
DALYs (Disability-Adjusted Life Years),Sierra Leone,Both,Age-standardized,All causes,Rate,2016,66269.26706975931,77040.93291714162,57094.60022509113
DALYs (Disability-Adjusted Life Years),Uzbekistan,Both,Age-standardized,All causes,Rate,2020,33307.429259064054,37107.98924383533,29908.88282034234
DALYs (Disability-Adjusted Life Years),San Marino,Both,Age-standardized,All causes,Rate,2015,18142.796816190552,21296.308417597586,15325.52209439582
DALYs (Disability-Adjusted Life Years),Ghana,Both,Age-standardized,All causes,Rate,2015,52741.96002196032,59298.37597224578,46967.046525300495
DALYs (Disability-Adjusted Life Years),Malawi,Both,Age-standardized,All causes,Rate,2015,61171.93588304862,67854.82497063988,55349.81210660337
DALYs (Disability-Adjusted Life Years),Fiji,Both,Age-standardized,All causes,Rate,2018,41650.33679254248,48024.16855271821,35465.52687810098
DALYs (Disability-Adjusted Life Years),Tunisia,Both,Age-standardized,All causes,Rate,2016,26287.945005829875,31429.463486502296,22265.246373433274
DALYs (Disability-Adjusted Life Years),Eritrea,Both,Age-standardized,All causes,Rate,2016,57830.68810508923,68194.05614191531,48414.70844260529
DALYs (Disability-Adjusted Life Years),Nicaragua,Both,Age-standardized,All causes,Rate,2013,27768.278247597427,31042.47356186165,25016.62193061448
DALYs (Disability-Adjusted Life Years),Cambodia,Both,Age-standardized,All causes,Rate,2020,39217.176945456944,45680.0666631479,33340.11972026512
DALYs (Disability-Adjusted Life Years),Zambia,Both,Age-standardized,All causes,Rate,2016,60815.69804654584,69859.55268171283,52659.1864753567
DALYs (Disability-Adjusted Life Years),Netherlands,Both,Age-standardized,All causes,Rate,2020,19915.399491378503,23119.682473697634,17235.84323737188
DALYs (Disability-Adjusted Life Years),Nepal,Both,Age-standardized,All causes,Rate,2013,40200.17015077941,45774.79840031107,35469.16991941018
DALYs (Disability-Adjusted Life Years),Cabo Verde,Both,Age-standardized,All causes,Rate,2016,30111.00002703315,34388.5018623244,26265.210715931342
DALYs (Disability-Adjusted Life Years),Guyana,Both,Age-standardized,All causes,Rate,2020,46799.27396999895,54713.61772925611,39433.906567106606
DALYs (Disability-Adjusted Life Years),Japan,Both,Age-standardized,All causes,Rate,2020,16036.042549144744,18832.409270623706,13656.904934477116
DALYs (Disability-Adjusted Life Years),Luxembourg,Both,Age-standardized,All causes,Rate,2017,18826.237101570972,21887.381460649227,16232.681136165484
DALYs (Disability-Adjusted Life Years),Viet Nam,Both,Age-standardized,All causes,Rate,2019,27983.65643757494,31853.91134395502,24008.25853418938
DALYs (Disability-Adjusted Life Years),Luxembourg,Both,Age-standardized,All causes,Rate,2019,18432.06548500719,21577.33862411253,15819.41887232876
DALYs (Disability-Adjusted Life Years),Malaysia,Both,Age-standardized,All causes,Rate,2021,30958.40232431533,34028.2585179041,27949.03199556437
DALYs (Disability-Adjusted Life Years),Cuba,Both,Age-standardized,All causes,Rate,2015,23343.368696626734,26409.28380866344,20710.094529146605
DALYs (Disability-Adjusted Life Years),Kyrgyzstan,Both,Age-standardized,All causes,Rate,2021,32961.76131513211,36932.38716958448,29475.898036416682
DALYs (Disability-Adjusted Life Years),Saudi Arabia,Both,Age-standardized,All causes,Rate,2015,32612.71377176173,36674.06110665415,29035.61264030321
DALYs (Disability-Adjusted Life Years),Cyprus,Both,Age-standardized,All causes,Rate,2018,20094.488111802537,23340.37241399179,17241.794240236854
DALYs (Disability-Adjusted Life Years),Madagascar,Both,Age-standardized,All causes,Rate,2015,55698.3923380898,63526.054031451466,48322.63927233865
DALYs (Disability-Adjusted Life Years),North Macedonia,Both,Age-standardized,All causes,Rate,2021,35282.03431558711,39695.36782985578,31608.75746616086
DALYs (Disability-Adjusted Life Years),Republic of Moldova,Both,Age-standardized,All causes,Rate,2021,32865.08364474535,36545.85160966868,29530.457118203358
DALYs (Disability-Adjusted Life Years),Andorra,Both,Age-standardized,All causes,Rate,2020,19054.46459140989,22630.119895916727,15775.777091520893
DALYs (Disability-Adjusted Life Years),Austria,Both,Age-standardized,All causes,Rate,2021,19792.22973552611,23034.099095381516,17030.83672174981
DALYs (Disability-Adjusted Life Years),Germany,Both,Age-standardized,All causes,Rate,2020,20662.13914378729,24113.46112914972,17883.401953842866
DALYs (Disability-Adjusted Life Years),Madagascar,Both,Age-standardized,All causes,Rate,2016,55052.06505683873,63259.58454415195,47833.74284982
DALYs (Disability-Adjusted Life Years),Netherlands,Both,Age-standardized,All causes,Rate,2015,19373.546334716026,22412.02939758403,16713.43733913367
DALYs (Disability-Adjusted Life Years),Yemen,Both,Age-standardized,All causes,Rate,2017,46169.731844791204,54120.21209806954,39780.997816820614
DALYs (Disability-Adjusted Life Years),Belarus,Both,Age-standardized,All causes,Rate,2021,35135.34865410942,39721.56162905711,30885.918134294156
DALYs (Disability-Adjusted Life Years),Lebanon,Both,Age-standardized,All causes,Rate,2018,23050.526291983086,26707.127975790685,19825.622232252786
DALYs (Disability-Adjusted Life Years),Myanmar,Both,Age-standardized,All causes,Rate,2021,43311.51615303548,50523.06543240594,37157.92041420423
DALYs (Disability-Adjusted Life Years),Tajikistan,Both,Age-standardized,All causes,Rate,2019,32504.6769871011,36418.446492135045,28924.30126809405
DALYs (Disability-Adjusted Life Years),Andorra,Both,Age-standardized,All causes,Rate,2021,18923.726580018265,22713.386932983125,15422.722251137788
DALYs (Disability-Adjusted Life Years),Poland,Both,Age-standardized,All causes,Rate,2019,23668.679165290756,26832.090818239318,21016.121639625264
DALYs (Disability-Adjusted Life Years),Niger,Both,Age-standardized,All causes,Rate,2017,57418.81352114089,67147.91745677819,49391.23071294105
DALYs (Disability-Adjusted Life Years),Nauru,Both,Age-standardized,All causes,Rate,2017,59341.264211339636,70015.69461158288,50751.25351391625
DALYs (Disability-Adjusted Life Years),Belize,Both,Age-standardized,All causes,Rate,2020,31585.725297999736,35319.50546103819,28794.367156184286
DALYs (Disability-Adjusted Life Years),Algeria,Both,Age-standardized,All causes,Rate,2020,30748.12314349195,34638.7510196132,27644.118093306075
DALYs (Disability-Adjusted Life Years),France,Both,Age-standardized,All causes,Rate,2019,19348.058901821783,22759.660937402947,16554.293880052213
DALYs (Disability-Adjusted Life Years),Ukraine,Both,Age-standardized,All causes,Rate,2019,32681.984862278234,37222.9044771956,28812.407206133772
DALYs (Disability-Adjusted Life Years),South Sudan,Both,Age-standardized,All causes,Rate,2017,76958.7833915499,91463.09696930666,64180.26983260383
DALYs (Disability-Adjusted Life Years),Qatar,Both,Age-standardized,All causes,Rate,2020,24418.11168939115,28362.56470974286,20865.247952585436
DALYs (Disability-Adjusted Life Years),Libya,Both,Age-standardized,All causes,Rate,2019,35023.94711301763,40578.45981968642,30094.823730523178
DALYs (Disability-Adjusted Life Years),Latvia,Both,Age-standardized,All causes,Rate,2013,29290.83771940209,32427.464597723694,26735.69079353064
DALYs (Disability-Adjusted Life Years),Trinidad and Tobago,Both,Age-standardized,All causes,Rate,2013,30953.198808634686,34809.617485991424,27529.0756180158
DALYs (Disability-Adjusted Life Years),Saudi Arabia,Both,Age-standardized,All causes,Rate,2013,32978.92592582626,36891.86611042943,29721.388998992727
DALYs (Disability-Adjusted Life Years),Papua New Guinea,Both,Age-standardized,All causes,Rate,2020,47812.51855451919,55133.852279861094,41730.98044369047
DALYs (Disability-Adjusted Life Years),Mongolia,Both,Age-standardized,All causes,Rate,2020,35515.39902559901,39247.36346836082,32617.311323529342
DALYs (Disability-Adjusted Life Years),India,Both,Age-standardized,All causes,Rate,2020,40484.4300276517,44773.659798720764,37266.916674802706
DALYs (Disability-Adjusted Life Years),Togo,Both,Age-standardized,All causes,Rate,2015,59259.30511318344,68044.77177421191,51454.2569154792
DALYs (Disability-Adjusted Life Years),Cyprus,Both,Age-standardized,All causes,Rate,2015,20591.167922924426,23828.312267945304,17881.05825621449
DALYs (Disability-Adjusted Life Years),Bulgaria,Both,Age-standardized,All causes,Rate,2020,33031.426236917636,36312.80123576012,30432.276601673162
DALYs (Disability-Adjusted Life Years),Taiwan (Province of China),Both,Age-standardized,All causes,Rate,2021,19550.851467115328,22333.194745937148,17206.03238852483
DALYs (Disability-Adjusted Life Years),Argentina,Both,Age-standardized,All causes,Rate,2013,27344.066620184774,30516.624431019845,24657.46430677328
DALYs (Disability-Adjusted Life Years),Micronesia (Federated States of),Both,Age-standardized,All causes,Rate,2021,44027.91327157022,52390.46677890561,37373.20465822939
DALYs (Disability-Adjusted Life Years),Nicaragua,Both,Age-standardized,All causes,Rate,2017,26199.3068355297,29685.87408810836,23422.887821114153
DALYs (Disability-Adjusted Life Years),Belarus,Both,Age-standardized,All causes,Rate,2020,31965.256291069843,36104.66929346969,28774.326467337196
DALYs (Disability-Adjusted Life Years),Mali,Both,Age-standardized,All causes,Rate,2020,65827.45432576313,74154.26958193346,58340.409823572
DALYs (Disability-Adjusted Life Years),Luxembourg,Both,Age-standardized,All causes,Rate,2021,18908.24109573681,22165.218381320232,16256.361397287663
DALYs (Disability-Adjusted Life Years),Lesotho,Both,Age-standardized,All causes,Rate,2017,97138.5177505339,110157.78763724597,85068.55588913555
DALYs (Disability-Adjusted Life Years),Italy,Both,Age-standardized,All causes,Rate,2021,18913.28605312847,22284.3539296221,16149.065098632287
DALYs (Disability-Adjusted Life Years),Sierra Leone,Both,Age-standardized,All causes,Rate,2021,63192.84473196388,74499.99056595447,52994.91725075785
DALYs (Disability-Adjusted Life Years),Gambia,Both,Age-standardized,All causes,Rate,2017,51716.79591806199,58684.61774255522,44503.314229507974
DALYs (Disability-Adjusted Life Years),American Samoa,Both,Age-standardized,All causes,Rate,2021,35847.329732206315,41521.51370588382,31201.66930963537
DALYs (Disability-Adjusted Life Years),Bermuda,Both,Age-standardized,All causes,Rate,2017,19700.34287829286,23010.08688742142,16992.642605352044
DALYs (Disability-Adjusted Life Years),Samoa,Both,Age-standardized,All causes,Rate,2017,36733.10143675222,42401.26733386827,32413.37103891941
DALYs (Disability-Adjusted Life Years),Chile,Both,Age-standardized,All causes,Rate,2021,24000.174450568866,27409.33034821752,21171.505028646006
DALYs (Disability-Adjusted Life Years),Poland,Both,Age-standardized,All causes,Rate,2017,23844.22138925512,26868.924522130434,21256.678688862736
DALYs (Disability-Adjusted Life Years),Peru,Both,Age-standardized,All causes,Rate,2017,24164.991057290343,27559.439013910924,21023.16058446983
DALYs (Disability-Adjusted Life Years),Greenland,Both,Age-standardized,All causes,Rate,2015,32438.120009697945,36141.35537699335,29117.950746748895
DALYs (Disability-Adjusted Life Years),Ecuador,Both,Age-standardized,All causes,Rate,2021,30937.052731124277,34971.91231703757,27206.723651642238
DALYs (Disability-Adjusted Life Years),Colombia,Both,Age-standardized,All causes,Rate,2020,26271.82501495129,29696.00630425972,23626.823903193654
DALYs (Disability-Adjusted Life Years),El Salvador,Both,Age-standardized,All causes,Rate,2018,30435.87648583844,33640.48092315432,27750.736856088697
DALYs (Disability-Adjusted Life Years),Burundi,Both,Age-standardized,All causes,Rate,2020,55316.1568348435,62395.54029492218,48202.90353664995
DALYs (Disability-Adjusted Life Years),Algeria,Both,Age-standardized,All causes,Rate,2018,27475.325719687593,30912.9167093894,24573.929769245206
DALYs (Disability-Adjusted Life Years),Congo,Both,Age-standardized,All causes,Rate,2018,55079.33121819479,63201.21309348966,47704.4541456363
DALYs (Disability-Adjusted Life Years),Monaco,Both,Age-standardized,All causes,Rate,2018,21102.638611545615,24851.03076729505,18182.432019840024
DALYs (Disability-Adjusted Life Years),Sweden,Both,Age-standardized,All causes,Rate,2018,18313.93879918786,21404.31740104788,15714.446705311191
DALYs (Disability-Adjusted Life Years),Samoa,Both,Age-standardized,All causes,Rate,2019,38716.66566841245,44010.344503398024,34185.551129842264
DALYs (Disability-Adjusted Life Years),Kuwait,Both,Age-standardized,All causes,Rate,2015,21227.491552646094,24536.14913583277,18566.2416212787
DALYs (Disability-Adjusted Life Years),Benin,Both,Age-standardized,All causes,Rate,2020,53034.971720110654,60002.6126555285,46942.049456210385
DALYs (Disability-Adjusted Life Years),Iraq,Both,Age-standardized,All causes,Rate,2018,33798.22379898279,39570.67650044095,28961.093367156955
DALYs (Disability-Adjusted Life Years),Uruguay,Both,Age-standardized,All causes,Rate,2019,25763.16183260308,28852.01500383615,23251.285716421953
DALYs (Disability-Adjusted Life Years),Mauritania,Both,Age-standardized,All causes,Rate,2020,40672.1582892229,46951.72659888134,35233.48558219317
DALYs (Disability-Adjusted Life Years),Dominican Republic,Both,Age-standardized,All causes,Rate,2019,31792.900472732428,35973.96905706288,28312.05270788813
DALYs (Disability-Adjusted Life Years),Maldives,Both,Age-standardized,All causes,Rate,2020,20555.499017809972,23659.648755029644,17870.519310951648
DALYs (Disability-Adjusted Life Years),Serbia,Both,Age-standardized,All causes,Rate,2015,26602.54642673205,29620.182557476914,24056.78830707577
DALYs (Disability-Adjusted Life Years),Saint Vincent and the Grenadines,Both,Age-standardized,All causes,Rate,2020,32346.09596090361,36835.58238038654,28636.791141843863
DALYs (Disability-Adjusted Life Years),Egypt,Both,Age-standardized,All causes,Rate,2020,40400.22806102332,45178.162179370716,36535.41844001539
DALYs (Disability-Adjusted Life Years),Syrian Arab Republic,Both,Age-standardized,All causes,Rate,2020,34906.53938490042,40553.20236732122,30039.973309069203
DALYs (Disability-Adjusted Life Years),Nigeria,Both,Age-standardized,All causes,Rate,2020,56915.97755638371,63101.801866762195,50913.62823712572
DALYs (Disability-Adjusted Life Years),Pakistan,Both,Age-standardized,All causes,Rate,2020,51261.984153138495,57029.790372736476,46233.38842819817
DALYs (Disability-Adjusted Life Years),Djibouti,Both,Age-standardized,All causes,Rate,2020,50689.54219300433,59896.71498902757,42952.26149978882
DALYs (Disability-Adjusted Life Years),Palau,Both,Age-standardized,All causes,Rate,2020,40692.77025682262,47475.10785539681,34919.01370568874
DALYs (Disability-Adjusted Life Years),Sweden,Both,Age-standardized,All causes,Rate,2020,18524.230528624506,21730.353708570008,15782.62562494675
DALYs (Disability-Adjusted Life Years),India,Both,Age-standardized,All causes,Rate,2018,39618.77015033678,43382.54911855512,36496.63952111219
DALYs (Disability-Adjusted Life Years),Peru,Both,Age-standardized,All causes,Rate,2021,33991.959774165334,38357.21459765381,30457.966466094433
DALYs (Disability-Adjusted Life Years),Iran (Islamic Republic of),Both,Age-standardized,All causes,Rate,2021,30373.228735287837,33801.921614360544,27391.729839056323
DALYs (Disability-Adjusted Life Years),Libya,Both,Age-standardized,All causes,Rate,2021,37448.37730091178,42839.21793881742,32304.042805997724
DALYs (Disability-Adjusted Life Years),Democratic Republic of the Congo,Both,Age-standardized,All causes,Rate,2021,61019.58565091647,69238.67818518647,52970.38747541424
DALYs (Disability-Adjusted Life Years),Mauritius,Both,Age-standardized,All causes,Rate,2021,31638.666201864362,35061.712185772725,28360.57171215317
DALYs (Disability-Adjusted Life Years),Botswana,Both,Age-standardized,All causes,Rate,2020,51929.60538404734,58331.127673439776,46682.28058155267
DALYs (Disability-Adjusted Life Years),Tonga,Both,Age-standardized,All causes,Rate,2015,32281.25839748517,37492.18407441157,27891.804547188374
DALYs (Disability-Adjusted Life Years),Puerto Rico,Both,Age-standardized,All causes,Rate,2021,23132.6499122266,27122.075481970558,19937.387303847132
DALYs (Disability-Adjusted Life Years),Pakistan,Both,Age-standardized,All causes,Rate,2018,47209.19022090983,52471.03074183774,42125.2265541972
DALYs (Disability-Adjusted Life Years),Uganda,Both,Age-standardized,All causes,Rate,2018,51053.108464563236,57807.53005860284,44756.12044095705
DALYs (Disability-Adjusted Life Years),United States Virgin Islands,Both,Age-standardized,All causes,Rate,2014,29098.067701840202,33717.26558678736,25511.283585691497
DALYs (Disability-Adjusted Life Years),Uzbekistan,Both,Age-standardized,All causes,Rate,2015,34845.91255870701,38027.71092855958,32170.117278730293
DALYs (Disability-Adjusted Life Years),Mauritius,Both,Age-standardized,All causes,Rate,2017,28955.930890746622,32270.31533301297,26289.17737132354
DALYs (Disability-Adjusted Life Years),South Africa,Both,Age-standardized,All causes,Rate,2017,53724.28861295557,57950.156767974106,50384.145843340455
DALYs (Disability-Adjusted Life Years),Dominica,Both,Age-standardized,All causes,Rate,2020,33718.05949936265,38867.32275946943,29421.51826238414
DALYs (Disability-Adjusted Life Years),Saint Kitts and Nevis,Both,Age-standardized,All causes,Rate,2015,32630.783988555424,36125.87438152026,29355.538083924872
DALYs (Disability-Adjusted Life Years),Madagascar,Both,Age-standardized,All causes,Rate,2017,53954.79340278933,61838.0372153636,46743.60689051274
DALYs (Disability-Adjusted Life Years),South Africa,Both,Age-standardized,All causes,Rate,2019,51088.26628783848,55285.5715837993,47516.34774670268
DALYs (Disability-Adjusted Life Years),Côte d'Ivoire,Both,Age-standardized,All causes,Rate,2019,53770.86320100468,61028.70339071569,46873.13936633206
DALYs (Disability-Adjusted Life Years),Mauritania,Both,Age-standardized,All causes,Rate,2019,37163.66168622732,43070.38188288851,31614.889454320994
DALYs (Disability-Adjusted Life Years),Sierra Leone,Both,Age-standardized,All causes,Rate,2019,60659.960326310116,70734.00975068717,51294.92015695991
DALYs (Disability-Adjusted Life Years),South Sudan,Both,Age-standardized,All causes,Rate,2012,72090.32285398473,84481.45380858751,60523.95787147331
DALYs (Disability-Adjusted Life Years),Belarus,Both,Age-standardized,All causes,Rate,2018,28467.868947498122,31584.1298218423,25924.39955760948
DALYs (Disability-Adjusted Life Years),Nigeria,Both,Age-standardized,All causes,Rate,2019,54869.341883797504,60793.256853076295,48838.46823749482
DALYs (Disability-Adjusted Life Years),Maldives,Both,Age-standardized,All causes,Rate,2021,22079.784144484416,25811.078742950387,18996.992407956954
DALYs (Disability-Adjusted Life Years),Mongolia,Both,Age-standardized,All causes,Rate,2021,37496.90900486975,41765.5323961497,34242.28016025568
DALYs (Disability-Adjusted Life Years),Papua New Guinea,Both,Age-standardized,All causes,Rate,2021,54479.72408307302,64683.80179942856,45643.40995446397
DALYs (Disability-Adjusted Life Years),United Republic of Tanzania,Both,Age-standardized,All causes,Rate,2013,55057.22070667187,60746.20216489868,50528.93796412646
DALYs (Disability-Adjusted Life Years),Bulgaria,Both,Age-standardized,All causes,Rate,2021,37902.65485570988,41223.39411400343,35086.25044302297
DALYs (Disability-Adjusted Life Years),Benin,Both,Age-standardized,All causes,Rate,2019,51916.854216734035,58773.17915058817,46153.71212010744
DALYs (Disability-Adjusted Life Years),Türkiye,Both,Age-standardized,All causes,Rate,2021,28509.265903770563,32504.34794739052,24914.1422744823
DALYs (Disability-Adjusted Life Years),Cook Islands,Both,Age-standardized,All causes,Rate,2020,26657.825400824197,30833.34317218245,23280.99647258409
DALYs (Disability-Adjusted Life Years),Ethiopia,Both,Age-standardized,All causes,Rate,2021,51937.071095876185,57549.05817730964,47375.31859275274
DALYs (Disability-Adjusted Life Years),Monaco,Both,Age-standardized,All causes,Rate,2020,21746.68858278933,25815.747028053094,18519.3519343543
DALYs (Disability-Adjusted Life Years),Senegal,Both,Age-standardized,All causes,Rate,2021,48560.90500394783,55241.27869779385,42781.49161675111
DALYs (Disability-Adjusted Life Years),Côte d'Ivoire,Both,Age-standardized,All causes,Rate,2017,57343.45466498726,64501.10001285727,50435.42078910852
DALYs (Disability-Adjusted Life Years),Bulgaria,Both,Age-standardized,All causes,Rate,2018,30538.65185541427,33543.59025743944,27900.115665158
DALYs (Disability-Adjusted Life Years),Montenegro,Both,Age-standardized,All causes,Rate,2019,26829.156484246407,29968.420434672615,24142.69413705008
DALYs (Disability-Adjusted Life Years),Puerto Rico,Both,Age-standardized,All causes,Rate,2019,22639.637384549744,25942.104265522248,19949.15654431577
DALYs (Disability-Adjusted Life Years),Iraq,Both,Age-standardized,All causes,Rate,2019,33941.33533837531,39673.666459458815,29080.0266506854
DALYs (Disability-Adjusted Life Years),Türkiye,Both,Age-standardized,All causes,Rate,2019,25227.998181415263,28835.626151426062,21993.421671675318
DALYs (Disability-Adjusted Life Years),Thailand,Both,Age-standardized,All causes,Rate,2015,26319.979385537234,29755.29366038642,23267.50609139005
DALYs (Disability-Adjusted Life Years),Paraguay,Both,Age-standardized,All causes,Rate,2021,34423.43168669245,40077.62917462064,29786.87659082243
DALYs (Disability-Adjusted Life Years),Lesotho,Both,Age-standardized,All causes,Rate,2015,106046.78834285711,119882.46385247906,93185.28262117201
DALYs (Disability-Adjusted Life Years),Iraq,Both,Age-standardized,All causes,Rate,2021,38955.02024242035,44557.79701571982,33925.74648197474
DALYs (Disability-Adjusted Life Years),Finland,Both,Age-standardized,All causes,Rate,2021,19863.098710819566,23149.813812015298,17175.54389626495
DALYs (Disability-Adjusted Life Years),Equatorial Guinea,Both,Age-standardized,All causes,Rate,2021,60681.00696896547,74457.79844136263,49227.43576453432
DALYs (Disability-Adjusted Life Years),Philippines,Both,Age-standardized,All causes,Rate,2016,35693.1459502747,38951.839285058,32792.16562220187
DALYs (Disability-Adjusted Life Years),Portugal,Both,Age-standardized,All causes,Rate,2021,20692.042305358664,24111.785808380653,17878.14590557461
DALYs (Disability-Adjusted Life Years),Eswatini,Both,Age-standardized,All causes,Rate,2021,99056.25342652203,114315.28078574532,84622.61657916299
DALYs (Disability-Adjusted Life Years),Jamaica,Both,Age-standardized,All causes,Rate,2021,30363.077297586944,36117.77463179687,25878.92864335151
DALYs (Disability-Adjusted Life Years),Tuvalu,Both,Age-standardized,All causes,Rate,2021,41189.791242840125,47682.99371452904,35836.50409980299
DALYs (Disability-Adjusted Life Years),Latvia,Both,Age-standardized,All causes,Rate,2014,28505.150741761187,31702.97945227839,25968.035039920756
DALYs (Disability-Adjusted Life Years),Peru,Both,Age-standardized,All causes,Rate,2019,25155.057362479187,28795.47382020891,21815.151022537022
DALYs (Disability-Adjusted Life Years),Ethiopia,Both,Age-standardized,All causes,Rate,2019,43100.499575943904,48006.901828316484,39262.96465094292
DALYs (Disability-Adjusted Life Years),Israel,Both,Age-standardized,All causes,Rate,2014,19778.29765800985,22885.540669984923,17204.80013651196
DALYs (Disability-Adjusted Life Years),Tonga,Both,Age-standardized,All causes,Rate,2016,32072.682189464864,37285.187654701534,27759.635683766115
DALYs (Disability-Adjusted Life Years),Bolivia (Plurinational State of),Both,Age-standardized,All causes,Rate,2014,36270.60871931147,41767.68410531468,31551.5356469056
DALYs (Disability-Adjusted Life Years),Senegal,Both,Age-standardized,All causes,Rate,2019,42749.51690281329,48790.96560921588,37101.65681443481
DALYs (Disability-Adjusted Life Years),Serbia,Both,Age-standardized,All causes,Rate,2016,25996.403172424674,28950.931424497605,23417.627243988565
DALYs (Disability-Adjusted Life Years),Belgium,Both,Age-standardized,All causes,Rate,2021,20381.750950245692,23798.100224400605,17566.205012782208
DALYs (Disability-Adjusted Life Years),Fiji,Both,Age-standardized,All causes,Rate,2019,41327.22618520778,48419.234076936234,35208.144691582616
DALYs (Disability-Adjusted Life Years),Russian Federation,Both,Age-standardized,All causes,Rate,2021,37550.727926018066,40771.256959119484,34735.90373256839
DALYs (Disability-Adjusted Life Years),China,Both,Age-standardized,All causes,Rate,2018,23250.620711547952,26296.631983818308,20469.905024525793
DALYs (Disability-Adjusted Life Years),Saint Vincent and the Grenadines,Both,Age-standardized,All causes,Rate,2019,32379.205558787544,36521.575393186,29187.11390858205
DALYs (Disability-Adjusted Life Years),Solomon Islands,Both,Age-standardized,All causes,Rate,2018,47310.99990204267,56099.95115153138,39992.414126836615
DALYs (Disability-Adjusted Life Years),Malta,Both,Age-standardized,All causes,Rate,2021,19260.75587463086,22548.129560658905,16666.221527581987
DALYs (Disability-Adjusted Life Years),Sri Lanka,Both,Age-standardized,All causes,Rate,2016,25529.321247457676,29458.739671156618,21914.377748091236
DALYs (Disability-Adjusted Life Years),Jamaica,Both,Age-standardized,All causes,Rate,2016,27465.823831397283,31714.238846127395,24208.609098324538
DALYs (Disability-Adjusted Life Years),Kiribati,Both,Age-standardized,All causes,Rate,2014,55867.8331940074,63894.75169237968,48616.47417959718
DALYs (Disability-Adjusted Life Years),Italy,Both,Age-standardized,All causes,Rate,2020,19088.19121318539,22407.82954049882,16346.793796818365
DALYs (Disability-Adjusted Life Years),Azerbaijan,Both,Age-standardized,All causes,Rate,2019,32028.221275165524,35201.12399898613,29174.16492598134
DALYs (Disability-Adjusted Life Years),Solomon Islands,Both,Age-standardized,All causes,Rate,2016,47952.06312855683,57203.21862543649,40676.65872680254
DALYs (Disability-Adjusted Life Years),Croatia,Both,Age-standardized,All causes,Rate,2019,22033.813488801952,25013.2480484379,19469.68115015568
DALYs (Disability-Adjusted Life Years),Denmark,Both,Age-standardized,All causes,Rate,2016,20272.686323278576,23423.55331223827,17635.025324757004
DALYs (Disability-Adjusted Life Years),New Zealand,Both,Age-standardized,All causes,Rate,2019,20897.892385640167,24249.127757352464,17997.461728526654
DALYs (Disability-Adjusted Life Years),Poland,Both,Age-standardized,All causes,Rate,2018,23955.109999362718,27074.48692145169,21348.923322146096
DALYs (Disability-Adjusted Life Years),Luxembourg,Both,Age-standardized,All causes,Rate,2018,18897.218247219458,22036.93730921576,16275.911795143855
DALYs (Disability-Adjusted Life Years),Portugal,Both,Age-standardized,All causes,Rate,2019,19829.016028679802,23127.256582744998,17102.92975598995
DALYs (Disability-Adjusted Life Years),Jamaica,Both,Age-standardized,All causes,Rate,2019,27376.54181228251,32142.878923039243,23415.190307065874
DALYs (Disability-Adjusted Life Years),Argentina,Both,Age-standardized,All causes,Rate,2018,26275.22815729062,29395.950707157932,23524.205210213826
DALYs (Disability-Adjusted Life Years),El Salvador,Both,Age-standardized,All causes,Rate,2019,30087.864169986362,33289.72372691134,27460.886054450617
DALYs (Disability-Adjusted Life Years),Senegal,Both,Age-standardized,All causes,Rate,2020,46049.34264117159,52292.52053373371,40251.528690320825
DALYs (Disability-Adjusted Life Years),Turkmenistan,Both,Age-standardized,All causes,Rate,2018,37810.42788046012,42672.00878473949,33664.349602640534
DALYs (Disability-Adjusted Life Years),Rwanda,Both,Age-standardized,All causes,Rate,2019,43313.67778210306,50794.038210194594,37090.977289981005
DALYs (Disability-Adjusted Life Years),Israel,Both,Age-standardized,All causes,Rate,2018,17849.57816479022,20986.280122342538,15282.131456510151
DALYs (Disability-Adjusted Life Years),Cuba,Both,Age-standardized,All causes,Rate,2018,23383.719326727667,26441.871872400592,20799.091147114344
DALYs (Disability-Adjusted Life Years),Samoa,Both,Age-standardized,All causes,Rate,2020,36457.36246312224,42031.5715739335,31857.050008280436
DALYs (Disability-Adjusted Life Years),Uzbekistan,Both,Age-standardized,All causes,Rate,2016,34349.88714532401,37514.05992903548,31394.538382247163
DALYs (Disability-Adjusted Life Years),Tajikistan,Both,Age-standardized,All causes,Rate,2020,37518.47762990173,41648.72044027116,33357.61609811356
DALYs (Disability-Adjusted Life Years),Israel,Both,Age-standardized,All causes,Rate,2016,18171.55191449713,21273.77445153049,15594.057593196465
DALYs (Disability-Adjusted Life Years),Russian Federation,Both,Age-standardized,All causes,Rate,2020,34295.357192810916,37539.774115001244,31577.37201003112
DALYs (Disability-Adjusted Life Years),Ukraine,Both,Age-standardized,All causes,Rate,2020,32780.66320837822,37401.07973311405,27971.978016083187
DALYs (Disability-Adjusted Life Years),Japan,Both,Age-standardized,All causes,Rate,2016,16543.218250651727,19353.59135125583,14197.41439455709
DALYs (Disability-Adjusted Life Years),Finland,Both,Age-standardized,All causes,Rate,2016,19989.236498230504,23189.60619048951,17281.84160884619
DALYs (Disability-Adjusted Life Years),France,Both,Age-standardized,All causes,Rate,2020,20428.19905007992,23934.999560736796,17561.93606004421
DALYs (Disability-Adjusted Life Years),Montenegro,Both,Age-standardized,All causes,Rate,2020,29559.79874733565,32724.37339076858,26944.950696228843
DALYs (Disability-Adjusted Life Years),Argentina,Both,Age-standardized,All causes,Rate,2016,27078.38510783626,30204.247987249855,24399.406195234627
DALYs (Disability-Adjusted Life Years),Portugal,Both,Age-standardized,All causes,Rate,2016,20226.350873493502,23471.428932300358,17473.629730488417
DALYs (Disability-Adjusted Life Years),Iraq,Both,Age-standardized,All causes,Rate,2020,40539.3906094847,46214.66410996914,35511.74074162774
DALYs (Disability-Adjusted Life Years),Kuwait,Both,Age-standardized,All causes,Rate,2016,20289.30771467121,23576.89836661285,17530.804328766546
DALYs (Disability-Adjusted Life Years),Romania,Both,Age-standardized,All causes,Rate,2018,27095.08255702026,30088.179935507804,24571.8448545792
DALYs (Disability-Adjusted Life Years),Congo,Both,Age-standardized,All causes,Rate,2016,56594.77127817962,64274.65142658118,48823.81859356601
DALYs (Disability-Adjusted Life Years),Canada,Both,Age-standardized,All causes,Rate,2021,20704.107298493695,23989.78130140533,17917.754441175588
DALYs (Disability-Adjusted Life Years),Philippines,Both,Age-standardized,All causes,Rate,2018,34831.50833245953,38113.20130227482,31824.621830551292
DALYs (Disability-Adjusted Life Years),Türkiye,Both,Age-standardized,All causes,Rate,2020,27960.71532579923,31659.498813097063,24557.529685865735
DALYs (Disability-Adjusted Life Years),Ethiopia,Both,Age-standardized,All causes,Rate,2020,47147.44100155164,52393.354008347036,42884.474578439
DALYs (Disability-Adjusted Life Years),Chile,Both,Age-standardized,All causes,Rate,2020,23385.300319415197,26655.538990624656,20515.251212174237
DALYs (Disability-Adjusted Life Years),Guinea,Both,Age-standardized,All causes,Rate,2015,66700.12953259963,75592.66358802667,58656.584847061065
DALYs (Disability-Adjusted Life Years),Ecuador,Both,Age-standardized,All causes,Rate,2020,32096.309998137553,35819.065016823915,28613.503869740787
DALYs (Disability-Adjusted Life Years),Turkmenistan,Both,Age-standardized,All causes,Rate,2016,38428.9700220602,42382.67285544443,35221.18596839959
DALYs (Disability-Adjusted Life Years),Samoa,Both,Age-standardized,All causes,Rate,2018,36498.612591728444,42060.82434831219,32200.000183353637
DALYs (Disability-Adjusted Life Years),Montenegro,Both,Age-standardized,All causes,Rate,2021,32582.732577914958,36180.23965040171,29722.734796215176
DALYs (Disability-Adjusted Life Years),Brunei Darussalam,Both,Age-standardized,All causes,Rate,2016,27051.684055382586,29926.60216236296,24480.765095538136
DALYs (Disability-Adjusted Life Years),Mozambique,Both,Age-standardized,All causes,Rate,2021,78703.93468392386,88495.22081419987,69199.05427120146
DALYs (Disability-Adjusted Life Years),Lao People's Democratic Republic,Both,Age-standardized,All causes,Rate,2019,40833.56385407434,47935.45472341805,34030.39981375145
DALYs (Disability-Adjusted Life Years),Peru,Both,Age-standardized,All causes,Rate,2018,24828.795174634088,28481.341839680237,21731.52279312146
DALYs (Disability-Adjusted Life Years),Afghanistan,Both,Age-standardized,All causes,Rate,2021,73497.07594486032,82122.99198510282,65703.242450151
DALYs (Disability-Adjusted Life Years),Estonia,Both,Age-standardized,All causes,Rate,2019,22614.259489961467,25660.184621323064,19950.653926718358
DALYs (Disability-Adjusted Life Years),Palestine,Both,Age-standardized,All causes,Rate,2018,27845.86517151338,31204.500865960057,24662.548633716848
DALYs (Disability-Adjusted Life Years),United States of America,Both,Age-standardized,All causes,Rate,2018,25836.425387351595,29431.723515438818,22730.223723997162
DALYs (Disability-Adjusted Life Years),Yemen,Both,Age-standardized,All causes,Rate,2016,45965.770594823014,53928.32540859473,39672.94750725728
DALYs (Disability-Adjusted Life Years),Viet Nam,Both,Age-standardized,All causes,Rate,2020,27759.580524014975,31748.451151006175,23793.10082601804
DALYs (Disability-Adjusted Life Years),Qatar,Both,Age-standardized,All causes,Rate,2019,22515.87090499416,26214.207377173003,19129.313729845624
DALYs (Disability-Adjusted Life Years),Brunei Darussalam,Both,Age-standardized,All causes,Rate,2018,26130.359421797533,29230.007053540037,23514.74248260739
DALYs (Disability-Adjusted Life Years),Poland,Both,Age-standardized,All causes,Rate,2020,25405.009603000133,28525.64801398603,22698.544017280637
DALYs (Disability-Adjusted Life Years),Trinidad and Tobago,Both,Age-standardized,All causes,Rate,2018,31693.45797004499,35222.34040576704,28902.43461260109
DALYs (Disability-Adjusted Life Years),Morocco,Both,Age-standardized,All causes,Rate,2021,34266.4210335114,38920.23190772167,29627.85052053257
DALYs (Disability-Adjusted Life Years),Spain,Both,Age-standardized,All causes,Rate,2020,19247.331282582618,22467.208009190002,16443.021599539545
DALYs (Disability-Adjusted Life Years),Denmark,Both,Age-standardized,All causes,Rate,2018,20007.112007454474,23189.354356269385,17351.611297312258
DALYs (Disability-Adjusted Life Years),Libya,Both,Age-standardized,All causes,Rate,2020,37209.37795144682,42742.07354937314,32198.78032247415
DALYs (Disability-Adjusted Life Years),Mauritius,Both,Age-standardized,All causes,Rate,2020,30002.224327693693,33383.51214907899,27163.2827946854
DALYs (Disability-Adjusted Life Years),South Africa,Both,Age-standardized,All causes,Rate,2020,58622.8231800054,62583.821454402125,54675.930291844365
DALYs (Disability-Adjusted Life Years),Côte d'Ivoire,Both,Age-standardized,All causes,Rate,2020,57221.78495488628,64810.32121001249,50221.413244281524
DALYs (Disability-Adjusted Life Years),Sierra Leone,Both,Age-standardized,All causes,Rate,2020,65469.89676151351,77122.46307548431,54973.680089742295
DALYs (Disability-Adjusted Life Years),Zimbabwe,Both,Age-standardized,All causes,Rate,2021,86148.01590224425,96974.938467009,76183.07044471949
DALYs (Disability-Adjusted Life Years),Liberia,Both,Age-standardized,All causes,Rate,2021,58621.72194495265,69589.8239605831,49465.89154139183
DALYs (Disability-Adjusted Life Years),Benin,Both,Age-standardized,All causes,Rate,2018,53290.2485551352,60180.17949221219,47646.25302572137
DALYs (Disability-Adjusted Life Years),Uruguay,Both,Age-standardized,All causes,Rate,2018,25820.36317020788,28943.359464528847,23197.668821729527
DALYs (Disability-Adjusted Life Years),Central African Republic,Both,Age-standardized,All causes,Rate,2016,97665.98748123056,113329.7335871804,83608.20113428486
DALYs (Disability-Adjusted Life Years),Rwanda,Both,Age-standardized,All causes,Rate,2018,43963.881489459396,51210.37332239937,37784.150705363914
DALYs (Disability-Adjusted Life Years),United States of America,Both,Age-standardized,All causes,Rate,2016,25807.025363400782,29325.94166448681,22762.690138025944
DALYs (Disability-Adjusted Life Years),Romania,Both,Age-standardized,All causes,Rate,2016,27337.249437588405,30365.162839424338,24796.514744734905
DALYs (Disability-Adjusted Life Years),Finland,Both,Age-standardized,All causes,Rate,2019,19639.30305625574,22876.91837330733,16932.81418476803
DALYs (Disability-Adjusted Life Years),Zimbabwe,Both,Age-standardized,All causes,Rate,2018,68056.30711500498,77548.64316841909,59347.48220571664
DALYs (Disability-Adjusted Life Years),Nicaragua,Both,Age-standardized,All causes,Rate,2018,26297.3801508303,29627.729494823598,23552.452401103328
DALYs (Disability-Adjusted Life Years),Liberia,Both,Age-standardized,All causes,Rate,2018,56439.400052942445,66766.51343118386,48424.22302609115
DALYs (Disability-Adjusted Life Years),Kuwait,Both,Age-standardized,All causes,Rate,2018,19869.263427610575,23181.399711927304,17095.783312340347
DALYs (Disability-Adjusted Life Years),Venezuela (Bolivarian Republic of),Both,Age-standardized,All causes,Rate,2016,33073.303930498936,36312.076801336865,30371.036027875663
DALYs (Disability-Adjusted Life Years),Yemen,Both,Age-standardized,All causes,Rate,2018,48953.36307347856,56984.88655738893,42395.71579252026
DALYs (Disability-Adjusted Life Years),Central African Republic,Both,Age-standardized,All causes,Rate,2018,93944.70586239561,110651.36690207149,80700.50201603997
DALYs (Disability-Adjusted Life Years),Bahamas,Both,Age-standardized,All causes,Rate,2020,34450.65946074939,39993.34899308815,29486.87383901291
DALYs (Disability-Adjusted Life Years),Saint Lucia,Both,Age-standardized,All causes,Rate,2020,29279.472407867655,33943.260448678855,25471.031345186613
DALYs (Disability-Adjusted Life Years),Peru,Both,Age-standardized,All causes,Rate,2020,30963.432289490254,35321.008501966055,27245.824324117457
DALYs (Disability-Adjusted Life Years),Cambodia,Both,Age-standardized,All causes,Rate,2021,41850.55257455503,49010.565085643095,35169.53789251538
DALYs (Disability-Adjusted Life Years),Gabon,Both,Age-standardized,All causes,Rate,2020,53142.75971752863,62515.75710017838,45131.43292662387
DALYs (Disability-Adjusted Life Years),Venezuela (Bolivarian Republic of),Both,Age-standardized,All causes,Rate,2014,30378.727239252356,33531.231239324654,27740.73224961917
DALYs (Disability-Adjusted Life Years),Fiji,Both,Age-standardized,All causes,Rate,2021,47287.94855765718,57574.48265248341,38397.705723378094
DALYs (Disability-Adjusted Life Years),Puerto Rico,Both,Age-standardized,All causes,Rate,2020,23365.803423247387,26641.937816124984,20711.991903629318
DALYs (Disability-Adjusted Life Years),United States of America,Both,Age-standardized,All causes,Rate,2020,28316.915624548372,31996.910971138794,25099.371665038223
DALYs (Disability-Adjusted Life Years),Yemen,Both,Age-standardized,All causes,Rate,2014,43836.088708808544,51620.15923230186,37711.535791096394
DALYs (Disability-Adjusted Life Years),Croatia,Both,Age-standardized,All causes,Rate,2021,24312.239135478285,27283.11436338947,21676.86042524806
DALYs (Disability-Adjusted Life Years),Azerbaijan,Both,Age-standardized,All causes,Rate,2021,37180.83316973489,41059.56919543131,33738.813521149204
DALYs (Disability-Adjusted Life Years),Estonia,Both,Age-standardized,All causes,Rate,2021,25488.995359550216,28726.944547273586,22731.79423279883
DALYs (Disability-Adjusted Life Years),Gambia,Both,Age-standardized,All causes,Rate,2016,52371.91803087937,59246.37722619306,45481.18797533819
DALYs (Disability-Adjusted Life Years),Japan,Both,Age-standardized,All causes,Rate,2021,16186.72019950152,18997.21118977573,13729.307733979957
DALYs (Disability-Adjusted Life Years),Togo,Both,Age-standardized,All causes,Rate,2016,57713.92326648943,66550.01702619743,49615.84352649987
DALYs (Disability-Adjusted Life Years),El Salvador,Both,Age-standardized,All causes,Rate,2021,33566.37007083278,38408.22174853649,29335.18833669091
DALYs (Disability-Adjusted Life Years),Saint Lucia,Both,Age-standardized,All causes,Rate,2021,33435.64930428094,39963.11946378523,28229.694615338496
DALYs (Disability-Adjusted Life Years),Greenland,Both,Age-standardized,All causes,Rate,2016,32037.12250926914,35746.76165148151,28794.506616589322
DALYs (Disability-Adjusted Life Years),Saint Kitts and Nevis,Both,Age-standardized,All causes,Rate,2016,32401.600579983253,35879.81976732209,29114.585956368177
DALYs (Disability-Adjusted Life Years),Sudan,Both,Age-standardized,All causes,Rate,2017,40211.8410067275,47288.69871907432,34312.446622792384
DALYs (Disability-Adjusted Life Years),Madagascar,Both,Age-standardized,All causes,Rate,2018,52978.33024368578,61129.909676357296,45538.57408460338
DALYs (Disability-Adjusted Life Years),Qatar,Both,Age-standardized,All causes,Rate,2021,24637.730096746356,28526.697934767166,21003.98823995367
DALYs (Disability-Adjusted Life Years),Lesotho,Both,Age-standardized,All causes,Rate,2018,94681.0008423776,107551.52395896988,82651.87692402276
DALYs (Disability-Adjusted Life Years),India,Both,Age-standardized,All causes,Rate,2021,42225.2411377037,46479.24378074823,38328.93392074917
DALYs (Disability-Adjusted Life Years),Burundi,Both,Age-standardized,All causes,Rate,2021,58181.137648828364,65860.15106554977,51065.64982508477
DALYs (Disability-Adjusted Life Years),Gambia,Both,Age-standardized,All causes,Rate,2018,50972.91806389626,57936.44044365123,43757.63931370277
DALYs (Disability-Adjusted Life Years),Malawi,Both,Age-standardized,All causes,Rate,2016,60294.84781842729,67439.688014855,54145.657930131216
DALYs (Disability-Adjusted Life Years),Togo,Both,Age-standardized,All causes,Rate,2018,54291.2033602255,64257.98274646485,46344.79511501154
DALYs (Disability-Adjusted Life Years),Bermuda,Both,Age-standardized,All causes,Rate,2018,19516.220323159243,22983.482654606025,16774.874450810035
DALYs (Disability-Adjusted Life Years),Saint Kitts and Nevis,Both,Age-standardized,All causes,Rate,2018,31833.77678223813,35756.23347572595,28343.21494244676
DALYs (Disability-Adjusted Life Years),Spain,Both,Age-standardized,All causes,Rate,2019,18148.05929051086,21307.63126671198,15477.776128437043
DALYs (Disability-Adjusted Life Years),Ukraine,Both,Age-standardized,All causes,Rate,2021,36128.04686904321,41722.897220757746,30317.92533589501
DALYs (Disability-Adjusted Life Years),Jordan,Both,Age-standardized,All causes,Rate,2019,22624.128867777905,26062.903414369677,19392.094792834796
DALYs (Disability-Adjusted Life Years),Tajikistan,Both,Age-standardized,All causes,Rate,2021,39103.49599080613,43318.90766547813,34771.05474925447
DALYs (Disability-Adjusted Life Years),Angola,Both,Age-standardized,All causes,Rate,2019,53191.86182681623,62260.58770524832,45104.350709506405
DALYs (Disability-Adjusted Life Years),Poland,Both,Age-standardized,All causes,Rate,2021,26825.101496666604,29958.228206815,24113.902645297996
DALYs (Disability-Adjusted Life Years),Burundi,Both,Age-standardized,All causes,Rate,2019,52739.607897003225,59731.49206021157,45848.95953463349
DALYs (Disability-Adjusted Life Years),France,Both,Age-standardized,All causes,Rate,2021,19935.7494483039,23441.483248488355,17066.00951392617
DALYs (Disability-Adjusted Life Years),Algeria,Both,Age-standardized,All causes,Rate,2021,32233.03915910185,36322.18353619239,28574.786451454216
DALYs (Disability-Adjusted Life Years),Spain,Both,Age-standardized,All causes,Rate,2021,18810.224705851742,22157.6922177635,16085.2121018809
DALYs (Disability-Adjusted Life Years),Palestine,Both,Age-standardized,All causes,Rate,2021,31774.776700095626,35766.169238937495,28086.871316148194
DALYs (Disability-Adjusted Life Years),Benin,Both,Age-standardized,All causes,Rate,2021,56512.61661062929,64033.600577780555,50113.40133868495
DALYs (Disability-Adjusted Life Years),Gabon,Both,Age-standardized,All causes,Rate,2021,54377.24063956806,64177.562209585594,46532.68756062764
DALYs (Disability-Adjusted Life Years),Mauritania,Both,Age-standardized,All causes,Rate,2021,40013.83603361331,46395.2641155967,34597.38975437739
DALYs (Disability-Adjusted Life Years),Rwanda,Both,Age-standardized,All causes,Rate,2021,50628.784488377445,57971.915724469494,44532.16876014966
DALYs (Disability-Adjusted Life Years),Côte d'Ivoire,Both,Age-standardized,All causes,Rate,2016,59425.535473075244,66811.42627280948,52880.58645676611
DALYs (Disability-Adjusted Life Years),San Marino,Both,Age-standardized,All causes,Rate,2016,18156.280995518508,21337.536822182767,15253.19256099823
DALYs (Disability-Adjusted Life Years),Bosnia and Herzegovina,Both,Age-standardized,All causes,Rate,2019,24428.112289245164,27606.768066373916,21726.491899472945
DALYs (Disability-Adjusted Life Years),Azerbaijan,Both,Age-standardized,All causes,Rate,2017,33707.45763848055,36793.576345126065,30914.36718190937
DALYs (Disability-Adjusted Life Years),Republic of Korea,Both,Age-standardized,All causes,Rate,2019,17331.194005648766,20243.097751290283,14922.22456077122
DALYs (Disability-Adjusted Life Years),Croatia,Both,Age-standardized,All causes,Rate,2017,22580.83282878858,25523.683927381924,20004.84161467382
DALYs (Disability-Adjusted Life Years),Japan,Both,Age-standardized,All causes,Rate,2017,16328.513289516402,19125.571271183922,13959.351552511283
DALYs (Disability-Adjusted Life Years),Palestine,Both,Age-standardized,All causes,Rate,2019,27555.051872252436,31104.23114934129,24326.60072948505
DALYs (Disability-Adjusted Life Years),Botswana,Both,Age-standardized,All causes,Rate,2021,66909.89631075399,74189.69419779442,59792.45706102734
DALYs (Disability-Adjusted Life Years),Jamaica,Both,Age-standardized,All causes,Rate,2017,27261.149999699497,31656.086928866946,23743.39359933223
DALYs (Disability-Adjusted Life Years),Nigeria,Both,Age-standardized,All causes,Rate,2021,57660.912949848964,63595.03146927843,52641.4725965171
DALYs (Disability-Adjusted Life Years),Argentina,Both,Age-standardized,All causes,Rate,2014,27037.0209571799,30197.83477352717,24331.294432078106
DALYs (Disability-Adjusted Life Years),Saint Kitts and Nevis,Both,Age-standardized,All causes,Rate,2014,32587.660971574976,36082.64070297448,29329.342338043087
DALYs (Disability-Adjusted Life Years),Romania,Both,Age-standardized,All causes,Rate,2017,27190.008731099842,30202.594963276908,24663.75634185186
DALYs (Disability-Adjusted Life Years),Monaco,Both,Age-standardized,All causes,Rate,2019,20960.44495398697,24867.81883381667,17956.254643879984
DALYs (Disability-Adjusted Life Years),Viet Nam,Both,Age-standardized,All causes,Rate,2021,28579.570205863343,32846.83450254988,24596.3285054217
DALYs (Disability-Adjusted Life Years),Cook Islands,Both,Age-standardized,All causes,Rate,2021,26698.266923545765,31084.93769168417,23217.97966773615
DALYs (Disability-Adjusted Life Years),Monaco,Both,Age-standardized,All causes,Rate,2021,23251.983339235172,27294.210044569074,20070.50729211906
DALYs (Disability-Adjusted Life Years),Samoa,Both,Age-standardized,All causes,Rate,2021,35900.166052934626,41302.70319052779,31360.268347520483
DALYs (Disability-Adjusted Life Years),Central African Republic,Both,Age-standardized,All causes,Rate,2014,106688.92293345374,122562.18276506916,92943.56770797427
DALYs (Disability-Adjusted Life Years),Georgia,Both,Age-standardized,All causes,Rate,2014,30981.66438209956,34017.74061134746,28397.98791360857
DALYs (Disability-Adjusted Life Years),Fiji,Both,Age-standardized,All causes,Rate,2017,41885.202661463474,48196.73503820954,36331.86553275215
DALYs (Disability-Adjusted Life Years),Guatemala,Both,Age-standardized,All causes,Rate,2021,40917.78963042259,46001.26063009717,36730.47213069635
DALYs (Disability-Adjusted Life Years),Finland,Both,Age-standardized,All causes,Rate,2017,19884.850582189803,23046.670614824798,17179.699134105344
DALYs (Disability-Adjusted Life Years),Qatar,Both,Age-standardized,All causes,Rate,2017,22986.82840627661,26601.37358977348,19775.431335580994
DALYs (Disability-Adjusted Life Years),Northern Mariana Islands,Both,Age-standardized,All causes,Rate,2021,32592.538268043103,36335.796298941204,28069.21392361597
DALYs (Disability-Adjusted Life Years),Zimbabwe,Both,Age-standardized,All causes,Rate,2019,66870.49068956809,76635.8549752395,58012.989714793985
DALYs (Disability-Adjusted Life Years),Brunei Darussalam,Both,Age-standardized,All causes,Rate,2017,26783.154104807854,29813.962135647274,24170.496341363694
DALYs (Disability-Adjusted Life Years),Botswana,Both,Age-standardized,All causes,Rate,2019,50822.195968493514,57442.019911030875,45623.88463943724
DALYs (Disability-Adjusted Life Years),Mexico,Both,Age-standardized,All causes,Rate,2021,36448.27863840039,39975.98408376596,33671.266935064006
DALYs (Disability-Adjusted Life Years),United States Virgin Islands,Both,Age-standardized,All causes,Rate,2021,28189.940632179063,33370.93046018876,23910.78466180797
DALYs (Disability-Adjusted Life Years),Liberia,Both,Age-standardized,All causes,Rate,2019,54856.16039453814,65057.50159740269,46405.43350555543
DALYs (Disability-Adjusted Life Years),Venezuela (Bolivarian Republic of),Both,Age-standardized,All causes,Rate,2019,32643.3915385057,38316.54940053832,27836.871242197238
DALYs (Disability-Adjusted Life Years),Costa Rica,Both,Age-standardized,All causes,Rate,2019,23243.062264545995,26435.59980203929,20673.491252697444
DALYs (Disability-Adjusted Life Years),Costa Rica,Both,Age-standardized,All causes,Rate,2016,23416.359477066297,26692.398506109683,20796.571378376717
DALYs (Disability-Adjusted Life Years),Bolivia (Plurinational State of),Both,Age-standardized,All causes,Rate,2017,34659.217973808365,40613.167469812775,29879.617153373623
DALYs (Disability-Adjusted Life Years),Haiti,Both,Age-standardized,All causes,Rate,2016,59640.65291702588,69317.52543434041,52184.629285307914
DALYs (Disability-Adjusted Life Years),Portugal,Both,Age-standardized,All causes,Rate,2017,20078.83413738372,23297.091499902668,17356.719889242067
DALYs (Disability-Adjusted Life Years),Cabo Verde,Both,Age-standardized,All causes,Rate,2021,31702.456992917898,36949.38051141171,27184.220665691933
DALYs (Disability-Adjusted Life Years),Benin,Both,Age-standardized,All causes,Rate,2017,54716.320557132945,61616.144085777334,49346.84417711066
DALYs (Disability-Adjusted Life Years),Sao Tome and Principe,Both,Age-standardized,All causes,Rate,2021,36735.17993528913,42179.3107563749,32387.342620759195
DALYs (Disability-Adjusted Life Years),Republic of Korea,Both,Age-standardized,All causes,Rate,2020,17235.894386478463,20131.768153888195,14778.71859669852
DALYs (Disability-Adjusted Life Years),Greece,Both,Age-standardized,All causes,Rate,2020,21060.809623074507,24356.21989267602,18307.36855235322
DALYs (Disability-Adjusted Life Years),Liberia,Both,Age-standardized,All causes,Rate,2020,59463.92259508159,70516.94339373778,49862.802140410065
DALYs (Disability-Adjusted Life Years),China,Both,Age-standardized,All causes,Rate,2019,23009.470285890573,26495.582876730463,19661.214688815184
DALYs (Disability-Adjusted Life Years),United States Virgin Islands,Both,Age-standardized,All causes,Rate,2019,28991.048660643308,33966.26194551232,25049.19651251983
DALYs (Disability-Adjusted Life Years),Philippines,Both,Age-standardized,All causes,Rate,2019,34860.578338432984,38122.74718905185,32038.306426348347
DALYs (Disability-Adjusted Life Years),Solomon Islands,Both,Age-standardized,All causes,Rate,2019,47013.39008429396,55751.411634515665,39848.486178751904
DALYs (Disability-Adjusted Life Years),Bosnia and Herzegovina,Both,Age-standardized,All causes,Rate,2020,26169.097839330934,29445.79897880195,23465.24090029346
DALYs (Disability-Adjusted Life Years),Switzerland,Both,Age-standardized,All causes,Rate,2020,18247.378932347394,21671.01080845039,15565.238991748864
DALYs (Disability-Adjusted Life Years),Turkmenistan,Both,Age-standardized,All causes,Rate,2019,37477.993107046255,43056.360033165496,33030.99207107552
DALYs (Disability-Adjusted Life Years),Palestine,Both,Age-standardized,All causes,Rate,2020,28709.42764051535,32769.88725224643,25219.700555236013
DALYs (Disability-Adjusted Life Years),Rwanda,Both,Age-standardized,All causes,Rate,2020,43702.00853449751,51165.184608161304,37746.79873074823
DALYs (Disability-Adjusted Life Years),Zimbabwe,Both,Age-standardized,All causes,Rate,2020,71701.49640285838,82032.62016315089,62392.701299273635
DALYs (Disability-Adjusted Life Years),Suriname,Both,Age-standardized,All causes,Rate,2021,38368.78951763315,47662.46184698729,32572.12271291765
DALYs (Disability-Adjusted Life Years),Turkmenistan,Both,Age-standardized,All causes,Rate,2017,38441.87716626901,42827.53440364606,34841.0004466119
DALYs (Disability-Adjusted Life Years),Burundi,Both,Age-standardized,All causes,Rate,2017,55035.55021396389,62055.84666540586,48538.60808541531
DALYs (Disability-Adjusted Life Years),Mauritania,Both,Age-standardized,All causes,Rate,2017,38369.32620013968,44202.59593264846,32862.519712407004
DALYs (Disability-Adjusted Life Years),Solomon Islands,Both,Age-standardized,All causes,Rate,2017,47656.90710401088,56750.03976803391,40422.09384932585
DALYs (Disability-Adjusted Life Years),Cuba,Both,Age-standardized,All causes,Rate,2017,23403.073980585737,26562.280254052224,20756.183092296884
DALYs (Disability-Adjusted Life Years),Israel,Both,Age-standardized,All causes,Rate,2015,18353.5869448611,21451.748139461015,15828.664627539381
DALYs (Disability-Adjusted Life Years),Lithuania,Both,Age-standardized,All causes,Rate,2018,26740.459795083614,29778.656807122923,24098.827048753603
DALYs (Disability-Adjusted Life Years),United States Virgin Islands,Both,Age-standardized,All causes,Rate,2020,28956.0823590749,34037.21678950182,25158.136952356635
DALYs (Disability-Adjusted Life Years),Argentina,Both,Age-standardized,All causes,Rate,2017,26579.02908392103,29704.17075399766,23814.59602518773
DALYs (Disability-Adjusted Life Years),Hungary,Both,Age-standardized,All causes,Rate,2018,25411.048263729863,28519.598572105497,22748.720387778172
DALYs (Disability-Adjusted Life Years),Guatemala,Both,Age-standardized,All causes,Rate,2020,37883.34066132878,41670.52283414544,34960.24395940895
DALYs (Disability-Adjusted Life Years),Tunisia,Both,Age-standardized,All causes,Rate,2021,31707.44644146134,37276.10153836557,27454.275925955884
DALYs (Disability-Adjusted Life Years),Fiji,Both,Age-standardized,All causes,Rate,2020,41459.671989236085,49051.35090044196,34977.18920711988
DALYs (Disability-Adjusted Life Years),Republic of Korea,Both,Age-standardized,All causes,Rate,2021,17522.033993724966,20526.09252859544,15061.283715063877
DALYs (Disability-Adjusted Life Years),Azerbaijan,Both,Age-standardized,All causes,Rate,2020,38113.167407014495,41432.94425540934,35214.44149070406
DALYs (Disability-Adjusted Life Years),Greece,Both,Age-standardized,All causes,Rate,2021,22056.271042015436,25403.696615956273,19189.652321889174
DALYs (Disability-Adjusted Life Years),Switzerland,Both,Age-standardized,All causes,Rate,2021,17930.3033672102,21306.417538330774,15157.417304428755
DALYs (Disability-Adjusted Life Years),Bosnia and Herzegovina,Both,Age-standardized,All causes,Rate,2021,27306.410588996798,31309.33793952665,23707.620073263053
DALYs (Disability-Adjusted Life Years),Denmark,Both,Age-standardized,All causes,Rate,2019,19714.017180947598,22791.59430531491,17084.08180909784
DALYs (Disability-Adjusted Life Years),Eritrea,Both,Age-standardized,All causes,Rate,2021,60040.660489193564,70927.25897826189,51306.19414088916
DALYs (Disability-Adjusted Life Years),Zambia,Both,Age-standardized,All causes,Rate,2021,72861.86442143525,83069.95038869162,62408.89138815122
DALYs (Disability-Adjusted Life Years),Kazakhstan,Both,Age-standardized,All causes,Rate,2018,32270.84806470379,35472.90502172299,29389.255281389687
DALYs (Disability-Adjusted Life Years),Portugal,Both,Age-standardized,All causes,Rate,2018,20025.305765473106,23289.275611783032,17294.323364468324
DALYs (Disability-Adjusted Life Years),Israel,Both,Age-standardized,All causes,Rate,2017,17975.27360023657,21076.186414200067,15426.74478858268
DALYs (Disability-Adjusted Life Years),Jamaica,Both,Age-standardized,All causes,Rate,2018,27246.28176462025,31656.226226332994,23481.489329533848
DALYs (Disability-Adjusted Life Years),Denmark,Both,Age-standardized,All causes,Rate,2017,20046.813562192896,23228.04387006043,17382.376455390724
DALYs (Disability-Adjusted Life Years),Venezuela (Bolivarian Republic of),Both,Age-standardized,All causes,Rate,2017,32721.447580869306,35987.2728849374,30012.87141605564
DALYs (Disability-Adjusted Life Years),Croatia,Both,Age-standardized,All causes,Rate,2020,22918.976717999674,26075.258714344647,20379.976363322243
DALYs (Disability-Adjusted Life Years),Estonia,Both,Age-standardized,All causes,Rate,2020,23070.539489712322,26243.386745221298,20391.923783799328
DALYs (Disability-Adjusted Life Years),Portugal,Both,Age-standardized,All causes,Rate,2020,20573.10659276963,23995.445738676204,17794.508094141875
DALYs (Disability-Adjusted Life Years),Jamaica,Both,Age-standardized,All causes,Rate,2020,27297.480230636666,32579.7386747743,22905.121204285686
DALYs (Disability-Adjusted Life Years),New Zealand,Both,Age-standardized,All causes,Rate,2020,20246.99715369205,23567.09710559109,17377.64686618697
DALYs (Disability-Adjusted Life Years),Finland,Both,Age-standardized,All causes,Rate,2020,19818.013930469842,23131.652620177538,17083.912794268792
DALYs (Disability-Adjusted Life Years),Angola,Both,Age-standardized,All causes,Rate,2020,56658.2541354847,66151.35663716949,48022.72193939604
DALYs (Disability-Adjusted Life Years),Jordan,Both,Age-standardized,All causes,Rate,2020,25979.042283697912,29906.46642055296,22681.872583802837
DALYs (Disability-Adjusted Life Years),Lao People's Democratic Republic,Both,Age-standardized,All causes,Rate,2020,40203.85966742288,47950.0563480187,33396.69237842182
DALYs (Disability-Adjusted Life Years),Barbados,Both,Age-standardized,All causes,Rate,2019,27075.935169871118,31451.52606533936,23228.700640818213
DALYs (Disability-Adjusted Life Years),United States of America,Both,Age-standardized,All causes,Rate,2017,25918.268195378725,29467.385711116058,22850.87722896473
DALYs (Disability-Adjusted Life Years),Romania,Both,Age-standardized,All causes,Rate,2019,26737.075284904193,29774.525395142507,24238.20740259453
DALYs (Disability-Adjusted Life Years),Brunei Darussalam,Both,Age-standardized,All causes,Rate,2019,25711.11678063783,28883.178870357908,23145.038623829132
DALYs (Disability-Adjusted Life Years),Haiti,Both,Age-standardized,All causes,Rate,2019,56773.06565475869,65971.73720332672,49194.80507685771
DALYs (Disability-Adjusted Life Years),Cameroon,Both,Age-standardized,All causes,Rate,2019,55412.80921940095,64554.048975714715,47929.78285765864
DALYs (Disability-Adjusted Life Years),Seychelles,Both,Age-standardized,All causes,Rate,2016,30954.732995483042,34056.02526678561,28349.358954711268
DALYs (Disability-Adjusted Life Years),Philippines,Both,Age-standardized,All causes,Rate,2017,35241.078793854205,38628.31984560038,32294.04847335736
DALYs (Disability-Adjusted Life Years),El Salvador,Both,Age-standardized,All causes,Rate,2020,31959.19349191938,35845.170536577025,28670.122339608773
DALYs (Disability-Adjusted Life Years),United Arab Emirates,Both,Age-standardized,All causes,Rate,2020,27304.937143339346,31632.83479154052,23611.656335346277
DALYs (Disability-Adjusted Life Years),United States of America,Both,Age-standardized,All causes,Rate,2021,28630.616026561896,32326.047836194582,25330.36349801648
DALYs (Disability-Adjusted Life Years),Norway,Both,Age-standardized,All causes,Rate,2019,18252.96889968181,21455.31513523849,15503.877567214184
DALYs (Disability-Adjusted Life Years),Kenya,Both,Age-standardized,All causes,Rate,2020,50874.20184383661,55981.36366427737,46057.242997787595
DALYs (Disability-Adjusted Life Years),Kuwait,Both,Age-standardized,All causes,Rate,2019,20154.918826447996,23526.546050023888,17331.53616487878
DALYs (Disability-Adjusted Life Years),Cameroon,Both,Age-standardized,All causes,Rate,2020,58252.407050353424,67357.19201257674,50593.67706365543
DALYs (Disability-Adjusted Life Years),Central African Republic,Both,Age-standardized,All causes,Rate,2019,90594.94814047325,106714.06249962487,77365.72016918745
DALYs (Disability-Adjusted Life Years),Ireland,Both,Age-standardized,All causes,Rate,2021,19521.10236525513,22944.98975025613,16771.41956590578
DALYs (Disability-Adjusted Life Years),Marshall Islands,Both,Age-standardized,All causes,Rate,2018,50851.94512886459,59837.03626521302,43663.12245854047
DALYs (Disability-Adjusted Life Years),Finland,Both,Age-standardized,All causes,Rate,2018,19766.01146552387,22959.227354106875,17072.865099001076
DALYs (Disability-Adjusted Life Years),Yemen,Both,Age-standardized,All causes,Rate,2019,47471.4452134419,55342.53636963852,41000.215458483945
DALYs (Disability-Adjusted Life Years),Qatar,Both,Age-standardized,All causes,Rate,2018,22806.084018843183,26393.274013837443,19497.07360559919
DALYs (Disability-Adjusted Life Years),Niue,Both,Age-standardized,All causes,Rate,2018,36962.84180163182,43507.74824457786,31459.60096370774
DALYs (Disability-Adjusted Life Years),Burundi,Both,Age-standardized,All causes,Rate,2018,53833.36404091019,60766.54008869378,47204.433498264676
DALYs (Disability-Adjusted Life Years),Barbados,Both,Age-standardized,All causes,Rate,2021,27401.05255207565,32704.646605453934,23209.017742314365
DALYs (Disability-Adjusted Life Years),Namibia,Both,Age-standardized,All causes,Rate,2020,54042.97614944789,63610.544737677934,46097.85011799737
DALYs (Disability-Adjusted Life Years),Cuba,Both,Age-standardized,All causes,Rate,2021,29355.098532003976,32975.1178915462,26346.762267726997
DALYs (Disability-Adjusted Life Years),Colombia,Both,Age-standardized,All causes,Rate,2021,27783.554553433733,31832.100884034207,24324.853838700063
DALYs (Disability-Adjusted Life Years),Cameroon,Both,Age-standardized,All causes,Rate,2018,57200.4362569682,66267.85648764532,49515.279544471865
DALYs (Disability-Adjusted Life Years),Niue,Both,Age-standardized,All causes,Rate,2020,45177.86704403335,50640.80371086288,40871.73047546765
DALYs (Disability-Adjusted Life Years),Panama,Both,Age-standardized,All causes,Rate,2021,25769.530487098673,29860.05128841247,22122.50559068749
DALYs (Disability-Adjusted Life Years),Sudan,Both,Age-standardized,All causes,Rate,2018,39350.69399619137,46955.33760636086,33508.70226063637
DALYs (Disability-Adjusted Life Years),Madagascar,Both,Age-standardized,All causes,Rate,2019,51922.04361409898,59856.60590201791,44798.98572895386
DALYs (Disability-Adjusted Life Years),Central African Republic,Both,Age-standardized,All causes,Rate,2015,99904.2068573547,115421.92654015329,85464.8344986578
DALYs (Disability-Adjusted Life Years),Venezuela (Bolivarian Republic of),Both,Age-standardized,All causes,Rate,2015,30773.867335274546,33908.32612902984,28092.962346177723
DALYs (Disability-Adjusted Life Years),Bolivia (Plurinational State of),Both,Age-standardized,All causes,Rate,2015,35645.511288645735,41150.75965306811,30764.12430301255
DALYs (Disability-Adjusted Life Years),Oman,Both,Age-standardized,All causes,Rate,2017,29486.411474626446,33290.38641683767,26255.859051891723
DALYs (Disability-Adjusted Life Years),Comoros,Both,Age-standardized,All causes,Rate,2017,43895.28341010136,50295.77902915463,38581.691357388394
DALYs (Disability-Adjusted Life Years),Marshall Islands,Both,Age-standardized,All causes,Rate,2019,50313.560198132924,59487.84852889619,42985.60880288373
DALYs (Disability-Adjusted Life Years),Kazakhstan,Both,Age-standardized,All causes,Rate,2019,32046.63641214016,35306.48984741397,29053.49764354173
DALYs (Disability-Adjusted Life Years),Hungary,Both,Age-standardized,All causes,Rate,2019,24976.07118023917,27914.97138084841,22398.55564983299
DALYs (Disability-Adjusted Life Years),Lithuania,Both,Age-standardized,All causes,Rate,2019,26254.12787783161,29350.715290694763,23620.58282189209
DALYs (Disability-Adjusted Life Years),Panama,Both,Age-standardized,All causes,Rate,2019,24168.190651364723,27535.71770547903,21657.58087649802
DALYs (Disability-Adjusted Life Years),United Arab Emirates,Both,Age-standardized,All causes,Rate,2019,31045.9458396591,35358.09004695831,26860.611542056973
DALYs (Disability-Adjusted Life Years),Argentina,Both,Age-standardized,All causes,Rate,2015,26851.975363008212,30013.064992814252,24176.489968010304
DALYs (Disability-Adjusted Life Years),Turkmenistan,Both,Age-standardized,All causes,Rate,2015,38854.80540065909,42284.59244722849,36100.24057719296
DALYs (Disability-Adjusted Life Years),Lao People's Democratic Republic,Both,Age-standardized,All causes,Rate,2021,42470.2760919947,50046.63669115586,35072.186384183035
DALYs (Disability-Adjusted Life Years),Marshall Islands,Both,Age-standardized,All causes,Rate,2021,49427.76854664989,58645.52549789055,41700.59343773115
DALYs (Disability-Adjusted Life Years),Lesotho,Both,Age-standardized,All causes,Rate,2019,93739.20046867005,106287.44945150781,81716.5675053719
DALYs (Disability-Adjusted Life Years),Kazakhstan,Both,Age-standardized,All causes,Rate,2021,38408.097090288116,41932.05154959301,35263.32907550477
DALYs (Disability-Adjusted Life Years),Togo,Both,Age-standardized,All causes,Rate,2019,52644.89572631852,62743.250323546075,44678.126443081186
DALYs (Disability-Adjusted Life Years),Gambia,Both,Age-standardized,All causes,Rate,2019,50101.17859027897,57413.54982052297,42867.150577161585
DALYs (Disability-Adjusted Life Years),Hungary,Both,Age-standardized,All causes,Rate,2021,28445.745472374663,31469.842653841995,25727.75003356097
DALYs (Disability-Adjusted Life Years),Lithuania,Both,Age-standardized,All causes,Rate,2021,29981.153144970656,33156.40975965931,27226.285628814574
DALYs (Disability-Adjusted Life Years),Jordan,Both,Age-standardized,All causes,Rate,2021,28108.114806349156,32010.20529907077,24454.268187865408
DALYs (Disability-Adjusted Life Years),New Zealand,Both,Age-standardized,All causes,Rate,2021,20402.269918688482,23823.394584546197,17522.746844574234
DALYs (Disability-Adjusted Life Years),United Arab Emirates,Both,Age-standardized,All causes,Rate,2021,27669.179903442415,31593.47167016183,23938.115282764116
DALYs (Disability-Adjusted Life Years),Bermuda,Both,Age-standardized,All causes,Rate,2019,19471.08589071357,23103.29953890431,16705.189689629806
DALYs (Disability-Adjusted Life Years),Angola,Both,Age-standardized,All causes,Rate,2021,62523.228052184764,72224.31564268141,53642.5092845098
DALYs (Disability-Adjusted Life Years),Kenya,Both,Age-standardized,All causes,Rate,2021,53177.46349310677,58105.60936098168,48652.73860567031
DALYs (Disability-Adjusted Life Years),Cameroon,Both,Age-standardized,All causes,Rate,2021,62045.98683353202,71200.10246613438,54614.21435969575
DALYs (Disability-Adjusted Life Years),Yemen,Both,Age-standardized,All causes,Rate,2015,44477.428150641674,52235.65481038741,38387.832755205905
DALYs (Disability-Adjusted Life Years),Ireland,Both,Age-standardized,All causes,Rate,2019,19476.539876409755,22589.94806946114,16652.471106943656
DALYs (Disability-Adjusted Life Years),Saint Kitts and Nevis,Both,Age-standardized,All causes,Rate,2019,31649.95667775915,35988.32535947171,28103.615889509227
DALYs (Disability-Adjusted Life Years),Kenya,Both,Age-standardized,All causes,Rate,2019,45489.19553980996,50028.39480773371,41298.75873365522
DALYs (Disability-Adjusted Life Years),Bhutan,Both,Age-standardized,All causes,Rate,2017,33178.980372274906,38236.197939003505,28289.538349833078
DALYs (Disability-Adjusted Life Years),Niue,Both,Age-standardized,All causes,Rate,2019,36795.10011090807,43570.874835341136,31198.931053489076
DALYs (Disability-Adjusted Life Years),Guinea,Both,Age-standardized,All causes,Rate,2017,62692.307393864525,71962.96581529191,54650.83756674787
DALYs (Disability-Adjusted Life Years),Burkina Faso,Both,Age-standardized,All causes,Rate,2017,62284.17296286196,69851.12750080615,55215.18452689886
DALYs (Disability-Adjusted Life Years),Togo,Both,Age-standardized,All causes,Rate,2017,55988.41273433378,65183.94671598351,47968.43667974916
DALYs (Disability-Adjusted Life Years),Greenland,Both,Age-standardized,All causes,Rate,2017,31749.58664744563,35408.61712621351,28396.410451708933
DALYs (Disability-Adjusted Life Years),Saint Kitts and Nevis,Both,Age-standardized,All causes,Rate,2017,32064.22039498994,35722.525274643434,28628.17459684274
DALYs (Disability-Adjusted Life Years),Namibia,Both,Age-standardized,All causes,Rate,2021,65915.73101127717,75754.27000213363,57472.29608251192
DALYs (Disability-Adjusted Life Years),Niue,Both,Age-standardized,All causes,Rate,2021,45301.072184028126,50833.85847728996,41028.517068076166
DALYs (Disability-Adjusted Life Years),Kazakhstan,Both,Age-standardized,All causes,Rate,2020,35330.65752771104,38543.29811764582,32445.783900839164
DALYs (Disability-Adjusted Life Years),Hungary,Both,Age-standardized,All causes,Rate,2020,26091.964274828744,29118.416928071998,23471.98224089659
DALYs (Disability-Adjusted Life Years),Marshall Islands,Both,Age-standardized,All causes,Rate,2020,49827.41077751873,59076.38961553782,42052.38234256679
DALYs (Disability-Adjusted Life Years),Lithuania,Both,Age-standardized,All causes,Rate,2020,28179.515330453105,31384.33556474396,25464.801783311817
DALYs (Disability-Adjusted Life Years),Netherlands,Both,Age-standardized,All causes,Rate,2021,19774.997064073104,22925.976950674474,17074.358335454846
DALYs (Disability-Adjusted Life Years),Ireland,Both,Age-standardized,All causes,Rate,2020,19544.569922772112,22866.376203418942,16791.60867858956
DALYs (Disability-Adjusted Life Years),Lebanon,Both,Age-standardized,All causes,Rate,2020,25911.320661125847,29827.385991673433,22539.39615284483
DALYs (Disability-Adjusted Life Years),Panama,Both,Age-standardized,All causes,Rate,2020,26951.742792022626,30486.108262651833,24255.70558429871
DALYs (Disability-Adjusted Life Years),Congo,Both,Age-standardized,All causes,Rate,2020,58546.68350539577,66803.23978013803,51279.16686182727
DALYs (Disability-Adjusted Life Years),Malawi,Both,Age-standardized,All causes,Rate,2020,58757.58071796566,66908.91016598884,51803.96634372233
DALYs (Disability-Adjusted Life Years),Ghana,Both,Age-standardized,All causes,Rate,2020,49335.440942342626,56481.45861732051,43501.12827384208
DALYs (Disability-Adjusted Life Years),San Marino,Both,Age-standardized,All causes,Rate,2020,17952.194838177074,21512.81373995805,14803.872929160661
DALYs (Disability-Adjusted Life Years),Seychelles,Both,Age-standardized,All causes,Rate,2017,30831.218877148898,33929.022644911296,28078.782157578775
DALYs (Disability-Adjusted Life Years),Lebanon,Both,Age-standardized,All causes,Rate,2021,29648.686118243666,33705.71624190493,26141.679770004885
DALYs (Disability-Adjusted Life Years),Congo,Both,Age-standardized,All causes,Rate,2021,60064.67374629879,67864.32964248638,52479.44446737556
DALYs (Disability-Adjusted Life Years),Tonga,Both,Age-standardized,All causes,Rate,2021,31205.429874297213,37154.32182256452,26305.652635276165
DALYs (Disability-Adjusted Life Years),Sri Lanka,Both,Age-standardized,All causes,Rate,2021,26148.438873099294,31952.35207038143,20874.511542141256
DALYs (Disability-Adjusted Life Years),Uzbekistan,Both,Age-standardized,All causes,Rate,2021,32884.82167072249,37254.61326275461,29226.531290946845
DALYs (Disability-Adjusted Life Years),Malawi,Both,Age-standardized,All causes,Rate,2021,69859.1148321952,78690.09277948547,61968.18422211699
DALYs (Disability-Adjusted Life Years),Cyprus,Both,Age-standardized,All causes,Rate,2021,19917.502122375223,23395.56382584603,17018.744199543296
DALYs (Disability-Adjusted Life Years),Serbia,Both,Age-standardized,All causes,Rate,2021,28723.879617337716,31756.561844286836,26056.574271143985
DALYs (Disability-Adjusted Life Years),Ghana,Both,Age-standardized,All causes,Rate,2021,51315.272411486556,58074.42547972188,45163.5747062056
DALYs (Disability-Adjusted Life Years),San Marino,Both,Age-standardized,All causes,Rate,2021,17032.820908846723,20728.059309385855,13568.288755933097
DALYs (Disability-Adjusted Life Years),Tokelau,Both,Age-standardized,All causes,Rate,2015,33018.32945862051,39124.07796825868,28013.56043947039
DALYs (Disability-Adjusted Life Years),Thailand,Both,Age-standardized,All causes,Rate,2016,26411.810103538824,29719.059995415504,23569.26932346694
DALYs (Disability-Adjusted Life Years),Sudan,Both,Age-standardized,All causes,Rate,2019,38654.675851380394,46209.784655421834,32833.9405999873
DALYs (Disability-Adjusted Life Years),Czechia,Both,Age-standardized,All causes,Rate,2018,21771.11014688553,24802.73557686298,19183.98212729085
DALYs (Disability-Adjusted Life Years),Slovakia,Both,Age-standardized,All causes,Rate,2018,24375.508256766196,27428.489851278053,21737.47116452965
DALYs (Disability-Adjusted Life Years),Norway,Both,Age-standardized,All causes,Rate,2018,18393.62384814627,21553.596903550766,15691.683498160635
DALYs (Disability-Adjusted Life Years),Indonesia,Both,Age-standardized,All causes,Rate,2018,35113.46446936724,39131.80019894309,30890.292362544315
DALYs (Disability-Adjusted Life Years),Vanuatu,Both,Age-standardized,All causes,Rate,2018,43909.556898200004,49305.964153597095,39205.89087004569
DALYs (Disability-Adjusted Life Years),Haiti,Both,Age-standardized,All causes,Rate,2018,57221.833437506895,66561.45317085429,49922.0006852554
DALYs (Disability-Adjusted Life Years),Bolivia (Plurinational State of),Both,Age-standardized,All causes,Rate,2018,34070.95834726041,40168.08436387794,29401.45083148744
DALYs (Disability-Adjusted Life Years),China,Both,Age-standardized,All causes,Rate,2020,22950.122600763767,26391.486514844662,19880.758392328033
DALYs (Disability-Adjusted Life Years),Vanuatu,Both,Age-standardized,All causes,Rate,2020,43668.922537220475,49184.977815624894,38816.4485439064
DALYs (Disability-Adjusted Life Years),Barbados,Both,Age-standardized,All causes,Rate,2018,26798.831988339254,31068.195639408914,23199.855779112328
DALYs (Disability-Adjusted Life Years),Australia,Both,Age-standardized,All causes,Rate,2018,19572.995740978095,22880.81883024116,16748.037291610846
DALYs (Disability-Adjusted Life Years),Thailand,Both,Age-standardized,All causes,Rate,2018,26094.522111255763,29617.380400012695,23033.587334316515
DALYs (Disability-Adjusted Life Years),Turkmenistan,Both,Age-standardized,All causes,Rate,2020,41093.13642128347,46727.181694070256,36316.8365072576
DALYs (Disability-Adjusted Life Years),Romania,Both,Age-standardized,All causes,Rate,2020,28654.259264400476,31620.62342859198,26095.86637656028
DALYs (Disability-Adjusted Life Years),Thailand,Both,Age-standardized,All causes,Rate,2020,26086.638831438824,29761.02500769604,22895.601665586924
DALYs (Disability-Adjusted Life Years),Haiti,Both,Age-standardized,All causes,Rate,2020,61437.82112632582,71833.298016923,52180.02853655266
DALYs (Disability-Adjusted Life Years),Brunei Darussalam,Both,Age-standardized,All causes,Rate,2020,25240.619893564402,28428.823084873566,22329.502729622218
DALYs (Disability-Adjusted Life Years),Denmark,Both,Age-standardized,All causes,Rate,2020,19841.330518290775,22936.14615910419,17153.432326302784
DALYs (Disability-Adjusted Life Years),Iceland,Both,Age-standardized,All causes,Rate,2018,18241.519365515218,21399.781541946868,15667.710468417428
DALYs (Disability-Adjusted Life Years),Norway,Both,Age-standardized,All causes,Rate,2020,18183.337300706175,21348.678128190888,15467.821035339473
DALYs (Disability-Adjusted Life Years),Costa Rica,Both,Age-standardized,All causes,Rate,2020,23795.601796190855,27028.1070359524,21095.2475622195
DALYs (Disability-Adjusted Life Years),Oman,Both,Age-standardized,All causes,Rate,2020,29913.929364695497,33584.960971602115,26366.97304331143
DALYs (Disability-Adjusted Life Years),Bhutan,Both,Age-standardized,All causes,Rate,2020,32080.20708498141,37534.75590208435,27149.996257472452
DALYs (Disability-Adjusted Life Years),Venezuela (Bolivarian Republic of),Both,Age-standardized,All causes,Rate,2018,32518.768177834827,37167.75831270839,28919.20217677582
DALYs (Disability-Adjusted Life Years),Barbados,Both,Age-standardized,All causes,Rate,2020,26327.903731729286,31480.380657573813,22359.00751426334
DALYs (Disability-Adjusted Life Years),Comoros,Both,Age-standardized,All causes,Rate,2020,43705.95282619579,50473.076439228316,38130.9769939576
DALYs (Disability-Adjusted Life Years),Seychelles,Both,Age-standardized,All causes,Rate,2020,29117.211692133067,32378.341453477744,26310.978574433826
DALYs (Disability-Adjusted Life Years),Burkina Faso,Both,Age-standardized,All causes,Rate,2020,64256.25946273985,72728.69166745528,56691.68354933004
DALYs (Disability-Adjusted Life Years),Guinea,Both,Age-standardized,All causes,Rate,2020,64570.31482961113,74949.29580148289,56211.30510309357
DALYs (Disability-Adjusted Life Years),Slovakia,Both,Age-standardized,All causes,Rate,2017,24361.120355583647,27406.043935013957,21787.252310031963
DALYs (Disability-Adjusted Life Years),Oman,Both,Age-standardized,All causes,Rate,2018,28156.604582893495,31983.681481460357,24876.299442463864
DALYs (Disability-Adjusted Life Years),Bhutan,Both,Age-standardized,All causes,Rate,2018,32748.31292721424,37746.90237357953,27838.68088996575
DALYs (Disability-Adjusted Life Years),Seychelles,Both,Age-standardized,All causes,Rate,2018,30864.393073928102,34063.920947231294,28112.68136769849
DALYs (Disability-Adjusted Life Years),Burkina Faso,Both,Age-standardized,All causes,Rate,2018,60854.78990386332,68751.24654017272,53511.837396858966
DALYs (Disability-Adjusted Life Years),Guinea,Both,Age-standardized,All causes,Rate,2018,61106.62135961825,70612.62881315405,53198.11762610685
DALYs (Disability-Adjusted Life Years),Nicaragua,Both,Age-standardized,All causes,Rate,2019,25529.020191318374,28918.26490592425,22839.10436870937
DALYs (Disability-Adjusted Life Years),Bahrain,Both,Age-standardized,All causes,Rate,2020,29423.8676278065,33058.24794314891,26173.874531969977
DALYs (Disability-Adjusted Life Years),Greenland,Both,Age-standardized,All causes,Rate,2020,32071.513128114122,36174.49380872135,28553.800394919526
DALYs (Disability-Adjusted Life Years),Tokelau,Both,Age-standardized,All causes,Rate,2020,45179.24604279631,50624.35298985749,41030.08168672466
DALYs (Disability-Adjusted Life Years),Vanuatu,Both,Age-standardized,All causes,Rate,2016,44235.02943145974,49655.67216932559,39681.776146673124
DALYs (Disability-Adjusted Life Years),Slovakia,Both,Age-standardized,All causes,Rate,2016,24409.585099128246,27544.302492885912,21846.861038528208
DALYs (Disability-Adjusted Life Years),Norway,Both,Age-standardized,All causes,Rate,2016,18680.82178093319,21845.776637809595,16038.086493901754
DALYs (Disability-Adjusted Life Years),Oman,Both,Age-standardized,All causes,Rate,2016,30188.55077101611,34046.265638599834,27013.277888158267
DALYs (Disability-Adjusted Life Years),Bhutan,Both,Age-standardized,All causes,Rate,2016,33654.73624425354,38878.94691520229,28897.65167703896
DALYs (Disability-Adjusted Life Years),Guinea,Both,Age-standardized,All causes,Rate,2016,64554.32448434833,73527.0611452899,56535.34844054502
DALYs (Disability-Adjusted Life Years),Tokelau,Both,Age-standardized,All causes,Rate,2016,32695.324383947434,38929.087432488675,27779.226117780254
DALYs (Disability-Adjusted Life Years),Greenland,Both,Age-standardized,All causes,Rate,2018,31467.28171454801,35189.69323290068,28106.775566386903
DALYs (Disability-Adjusted Life Years),Tokelau,Both,Age-standardized,All causes,Rate,2018,32148.401933089954,38553.36234782757,27158.1152150303
DALYs (Disability-Adjusted Life Years),Bahrain,Both,Age-standardized,All causes,Rate,2019,26549.518990265053,29947.42099552095,23484.69446345588
DALYs (Disability-Adjusted Life Years),Bermuda,Both,Age-standardized,All causes,Rate,2020,19381.007820707022,22894.16741533745,16661.248034490178
DALYs (Disability-Adjusted Life Years),Costa Rica,Both,Age-standardized,All causes,Rate,2017,23348.99419575846,26570.339186029894,20565.376097452627
DALYs (Disability-Adjusted Life Years),Comoros,Both,Age-standardized,All causes,Rate,2018,42950.10290806665,49306.465640067545,37761.89091256688
DALYs (Disability-Adjusted Life Years),Haiti,Both,Age-standardized,All causes,Rate,2021,66152.1363512147,79301.56833830748,55148.077921260374
DALYs (Disability-Adjusted Life Years),Czechia,Both,Age-standardized,All causes,Rate,2019,21554.790038923038,24525.078986186872,18968.65655571843
DALYs (Disability-Adjusted Life Years),Bahrain,Both,Age-standardized,All causes,Rate,2017,27049.69192537362,30341.503602224573,24136.34644669617
DALYs (Disability-Adjusted Life Years),Vanuatu,Both,Age-standardized,All causes,Rate,2019,43731.65288028941,49287.394014579215,38871.337990405744
DALYs (Disability-Adjusted Life Years),Sudan,Both,Age-standardized,All causes,Rate,2020,43146.740756475025,50658.65047565439,37164.08050276781
DALYs (Disability-Adjusted Life Years),Thailand,Both,Age-standardized,All causes,Rate,2019,26218.422569103666,29708.202894767877,23329.493588470425
DALYs (Disability-Adjusted Life Years),Vanuatu,Both,Age-standardized,All causes,Rate,2017,44080.858790947634,49225.890073537535,39484.51154530335
DALYs (Disability-Adjusted Life Years),Indonesia,Both,Age-standardized,All causes,Rate,2019,34556.54357858576,38986.094538280406,30139.876775365814
DALYs (Disability-Adjusted Life Years),Iceland,Both,Age-standardized,All causes,Rate,2019,18033.240877054395,21194.501983699556,15443.175671073655
DALYs (Disability-Adjusted Life Years),Indonesia,Both,Age-standardized,All causes,Rate,2021,38208.09373852876,43527.55547669682,32835.787210506416
DALYs (Disability-Adjusted Life Years),Kiribati,Both,Age-standardized,All causes,Rate,2021,52225.327883213045,60538.65524992887,45171.301400612116
DALYs (Disability-Adjusted Life Years),Georgia,Both,Age-standardized,All causes,Rate,2021,33970.77364698134,37172.32468447283,30992.17419122981
DALYs (Disability-Adjusted Life Years),Latvia,Both,Age-standardized,All causes,Rate,2021,30935.702582395956,34281.016598285554,28197.635548651557
DALYs (Disability-Adjusted Life Years),Brunei Darussalam,Both,Age-standardized,All causes,Rate,2021,25369.40816817871,28543.55782777514,22380.062441270915
DALYs (Disability-Adjusted Life Years),Norway,Both,Age-standardized,All causes,Rate,2021,18239.942478382633,21369.97162467106,15567.270111262887
DALYs (Disability-Adjusted Life Years),Costa Rica,Both,Age-standardized,All causes,Rate,2021,26196.754267801425,29503.357478964193,23458.7119497413
DALYs (Disability-Adjusted Life Years),Oman,Both,Age-standardized,All causes,Rate,2021,32139.287446421684,35976.413963964915,28651.700905396465
DALYs (Disability-Adjusted Life Years),China,Both,Age-standardized,All causes,Rate,2021,22717.18972298236,25903.339027672588,19748.181764231264
DALYs (Disability-Adjusted Life Years),Czechia,Both,Age-standardized,All causes,Rate,2021,24095.000299816453,27348.086324141528,21347.682007690404
DALYs (Disability-Adjusted Life Years),Denmark,Both,Age-standardized,All causes,Rate,2021,19903.890151067066,23071.85677076913,17216.70480913057
DALYs (Disability-Adjusted Life Years),Bhutan,Both,Age-standardized,All causes,Rate,2021,32174.189592043243,37640.887066990894,26995.788928046193
DALYs (Disability-Adjusted Life Years),Australia,Both,Age-standardized,All causes,Rate,2019,19779.493719678518,23134.095705072654,16938.801693265865
DALYs (Disability-Adjusted Life Years),Comoros,Both,Age-standardized,All causes,Rate,2021,46742.74560864501,53766.2641754762,40836.03207266085
DALYs (Disability-Adjusted Life Years),United Kingdom,Both,Age-standardized,All causes,Rate,2019,20607.548153138945,23913.116871546965,17780.139714883597
DALYs (Disability-Adjusted Life Years),Slovakia,Both,Age-standardized,All causes,Rate,2019,23907.79244332702,26877.210774704687,21415.446620881095
DALYs (Disability-Adjusted Life Years),Comoros,Both,Age-standardized,All causes,Rate,2019,43201.87385875662,49829.202008845066,37961.790667614056
DALYs (Disability-Adjusted Life Years),Bahrain,Both,Age-standardized,All causes,Rate,2021,31694.77676339525,35463.956151002094,28281.79923180566
DALYs (Disability-Adjusted Life Years),Cuba,Both,Age-standardized,All causes,Rate,2019,23715.606021859727,26818.904486752894,21129.959554782614
DALYs (Disability-Adjusted Life Years),Trinidad and Tobago,Both,Age-standardized,All causes,Rate,2019,31598.703499571657,35705.910498100886,27879.820659238507
DALYs (Disability-Adjusted Life Years),Seychelles,Both,Age-standardized,All causes,Rate,2021,30671.618464000505,34197.14888566161,27698.45107404978
DALYs (Disability-Adjusted Life Years),Bhutan,Both,Age-standardized,All causes,Rate,2019,32347.566734074993,37585.566012481344,27309.946185110544
DALYs (Disability-Adjusted Life Years),Seychelles,Both,Age-standardized,All causes,Rate,2019,30792.91992520768,34041.06299440504,27920.87903555186
DALYs (Disability-Adjusted Life Years),Oman,Both,Age-standardized,All causes,Rate,2019,27569.067389920034,31231.785551809688,24183.280299349542
DALYs (Disability-Adjusted Life Years),Guinea,Both,Age-standardized,All causes,Rate,2019,59128.67964578086,68944.42781942358,50928.876919920105
DALYs (Disability-Adjusted Life Years),Niger,Both,Age-standardized,All causes,Rate,2021,59453.933962537376,69787.87043537613,50911.116270222075
DALYs (Disability-Adjusted Life Years),Saudi Arabia,Both,Age-standardized,All causes,Rate,2017,31607.403222482262,35691.30360363789,27665.318036560326
DALYs (Disability-Adjusted Life Years),Haiti,Both,Age-standardized,All causes,Rate,2017,57908.160215403426,67255.50893563774,50465.02744681387
DALYs (Disability-Adjusted Life Years),Burkina Faso,Both,Age-standardized,All causes,Rate,2021,64495.05220854651,72502.31177944511,57183.838007097365
DALYs (Disability-Adjusted Life Years),Nauru,Both,Age-standardized,All causes,Rate,2021,56585.285355088665,67323.71736093362,47605.071557646195
DALYs (Disability-Adjusted Life Years),Burkina Faso,Both,Age-standardized,All causes,Rate,2019,59934.92042659721,67587.92623738563,52866.10696412077
DALYs (Disability-Adjusted Life Years),Greenland,Both,Age-standardized,All causes,Rate,2019,31267.194518869474,35116.41350166248,27813.885919294196
DALYs (Disability-Adjusted Life Years),Tokelau,Both,Age-standardized,All causes,Rate,2019,31898.315276755813,38250.282188905185,26801.04550153971
DALYs (Disability-Adjusted Life Years),Bermuda,Both,Age-standardized,All causes,Rate,2021,22029.746007119204,25762.09258281198,19051.889117560266
DALYs (Disability-Adjusted Life Years),South Sudan,Both,Age-standardized,All causes,Rate,2021,82213.75955553445,98192.33983081781,69356.4371069337
DALYs (Disability-Adjusted Life Years),Thailand,Both,Age-standardized,All causes,Rate,2017,26040.304975231287,29397.31230716603,23101.899542257583
DALYs (Disability-Adjusted Life Years),Norway,Both,Age-standardized,All causes,Rate,2017,18460.13753220864,21610.1071002579,15807.121986259475
DALYs (Disability-Adjusted Life Years),Tokelau,Both,Age-standardized,All causes,Rate,2017,32423.474268496273,38528.683365729965,27441.831957349532
DALYs (Disability-Adjusted Life Years),United Kingdom,Both,Age-standardized,All causes,Rate,2018,20745.925407098435,24079.282501848127,17900.450119352867
DALYs (Disability-Adjusted Life Years),Latvia,Both,Age-standardized,All causes,Rate,2018,27406.27862542874,30428.285648657573,24886.489329359683
DALYs (Disability-Adjusted Life Years),Georgia,Both,Age-standardized,All causes,Rate,2020,30707.508560280938,33797.52056003595,27988.349341461748
DALYs (Disability-Adjusted Life Years),Slovakia,Both,Age-standardized,All causes,Rate,2020,24826.178243502753,27948.19920908789,22230.704109010396
DALYs (Disability-Adjusted Life Years),United Republic of Tanzania,Both,Age-standardized,All causes,Rate,2017,50116.65987429513,56412.956247294445,44285.07065940845
DALYs (Disability-Adjusted Life Years),Indonesia,Both,Age-standardized,All causes,Rate,2020,35775.96244605102,39991.55454127675,31204.66688122669
DALYs (Disability-Adjusted Life Years),Sudan,Both,Age-standardized,All causes,Rate,2021,43799.40760013658,51507.610646382374,37187.14732994949
DALYs (Disability-Adjusted Life Years),Nepal,Both,Age-standardized,All causes,Rate,2017,37922.120103470734,43905.79830064576,32994.81518392053
DALYs (Disability-Adjusted Life Years),Saudi Arabia,Both,Age-standardized,All causes,Rate,2020,32823.70851301501,37378.50039768813,28548.66379732976
DALYs (Disability-Adjusted Life Years),Nepal,Both,Age-standardized,All causes,Rate,2020,39754.455154669595,45545.24982158396,34721.736627859835
DALYs (Disability-Adjusted Life Years),United Kingdom,Both,Age-standardized,All causes,Rate,2020,21704.156910975453,25117.440944423935,18840.198675460037
DALYs (Disability-Adjusted Life Years),Madagascar,Both,Age-standardized,All causes,Rate,2020,57111.538679377874,64947.83987697181,49922.54985381425
DALYs (Disability-Adjusted Life Years),Kiribati,Both,Age-standardized,All causes,Rate,2020,52623.189935524126,61287.72864054266,45530.75793789717
DALYs (Disability-Adjusted Life Years),Nicaragua,Both,Age-standardized,All causes,Rate,2020,30002.476425309982,33527.58754659163,27229.201074749086
DALYs (Disability-Adjusted Life Years),Czechia,Both,Age-standardized,All causes,Rate,2020,22676.01232778066,25761.42668843468,20014.194218034532
DALYs (Disability-Adjusted Life Years),United Republic of Tanzania,Both,Age-standardized,All causes,Rate,2020,50722.92150738358,57463.150712671115,44411.631267661556
DALYs (Disability-Adjusted Life Years),Trinidad and Tobago,Both,Age-standardized,All causes,Rate,2020,32572.939332965318,37630.04895213269,28145.53759085864
DALYs (Disability-Adjusted Life Years),Australia,Both,Age-standardized,All causes,Rate,2020,19364.55755885761,22727.64704395844,16504.879263921244
DALYs (Disability-Adjusted Life Years),Gambia,Both,Age-standardized,All causes,Rate,2020,55842.61844323461,63425.46480955515,48390.60011094154
DALYs (Disability-Adjusted Life Years),Costa Rica,Both,Age-standardized,All causes,Rate,2018,23540.495723013213,26773.530166449855,20963.927774460088
DALYs (Disability-Adjusted Life Years),United Republic of Tanzania,Both,Age-standardized,All causes,Rate,2018,48885.59633344032,55029.59660488731,43014.2793109143
DALYs (Disability-Adjusted Life Years),Saudi Arabia,Both,Age-standardized,All causes,Rate,2018,31222.96398065537,35358.91155975836,27138.920395585796
DALYs (Disability-Adjusted Life Years),Bahrain,Both,Age-standardized,All causes,Rate,2018,26661.31178387035,30045.06579537598,23719.88014558345
DALYs (Disability-Adjusted Life Years),Niger,Both,Age-standardized,All causes,Rate,2018,56442.14198636117,66289.67944481154,48190.16659746707
DALYs (Disability-Adjusted Life Years),Cuba,Both,Age-standardized,All causes,Rate,2020,23663.899652955413,26724.266992715307,21071.52364261721
DALYs (Disability-Adjusted Life Years),Niger,Both,Age-standardized,All causes,Rate,2020,59213.28209944682,69764.82277036418,50729.197126863815
DALYs (Disability-Adjusted Life Years),Iceland,Both,Age-standardized,All causes,Rate,2020,18205.34984776707,21514.72671791106,15676.175487525643
DALYs (Disability-Adjusted Life Years),Trinidad and Tobago,Both,Age-standardized,All causes,Rate,2021,36653.69862197631,43934.62198847454,30484.6031457429
DALYs (Disability-Adjusted Life Years),Georgia,Both,Age-standardized,All causes,Rate,2018,29174.403011739512,32167.66915927986,26479.466110566875
DALYs (Disability-Adjusted Life Years),Nepal,Both,Age-standardized,All causes,Rate,2018,37314.07655266264,43337.84114195619,32404.397916990045
DALYs (Disability-Adjusted Life Years),Kuwait,Both,Age-standardized,All causes,Rate,2020,22799.517958351094,26144.852073024376,19990.61118296672
DALYs (Disability-Adjusted Life Years),Nauru,Both,Age-standardized,All causes,Rate,2020,57042.20526927031,68088.64713916476,48321.52078810344
DALYs (Disability-Adjusted Life Years),South Sudan,Both,Age-standardized,All causes,Rate,2020,81766.28530922827,98078.7087171545,69254.86653744701
DALYs (Disability-Adjusted Life Years),South Sudan,Both,Age-standardized,All causes,Rate,2018,77611.84206001047,93219.36785578747,64315.41448489029
DALYs (Disability-Adjusted Life Years),Nauru,Both,Age-standardized,All causes,Rate,2018,58467.5449709371,69317.67172808506,49936.63890914052
DALYs (Disability-Adjusted Life Years),Kiribati,Both,Age-standardized,All causes,Rate,2018,57489.27107656992,66117.69329418476,50448.4074963646
DALYs (Disability-Adjusted Life Years),Philippines,Both,Age-standardized,All causes,Rate,2021,41088.886518368556,45226.182826941316,37260.1304350237
DALYs (Disability-Adjusted Life Years),Solomon Islands,Both,Age-standardized,All causes,Rate,2021,46721.624076830034,55280.18102390206,39668.45238161959
DALYs (Disability-Adjusted Life Years),Turkmenistan,Both,Age-standardized,All causes,Rate,2021,42082.4825798212,48399.11374062605,37179.627413405295
DALYs (Disability-Adjusted Life Years),Australia,Both,Age-standardized,All causes,Rate,2021,19454.687567102887,22826.4653388925,16660.469656141457
DALYs (Disability-Adjusted Life Years),Nicaragua,Both,Age-standardized,All causes,Rate,2021,32141.489667045866,35816.934509656305,28956.979248113956
DALYs (Disability-Adjusted Life Years),United Kingdom,Both,Age-standardized,All causes,Rate,2021,22068.218883460304,25480.444697556464,19168.603310516755
DALYs (Disability-Adjusted Life Years),Saudi Arabia,Both,Age-standardized,All causes,Rate,2021,31951.13772447056,36473.644616895515,27839.348482778194
DALYs (Disability-Adjusted Life Years),Nepal,Both,Age-standardized,All causes,Rate,2021,42967.34924106851,48865.441995880254,38083.60282603439
DALYs (Disability-Adjusted Life Years),Madagascar,Both,Age-standardized,All causes,Rate,2021,58530.959901850554,66501.43221018376,51594.279119857434
DALYs (Disability-Adjusted Life Years),Israel,Both,Age-standardized,All causes,Rate,2019,17739.861907799946,20867.180896182985,15178.036697101954
DALYs (Disability-Adjusted Life Years),Bolivia (Plurinational State of),Both,Age-standardized,All causes,Rate,2019,33566.093612220204,39802.09542162573,28875.54454143023
DALYs (Disability-Adjusted Life Years),Argentina,Both,Age-standardized,All causes,Rate,2019,26033.506701489394,29167.429426837767,23367.042567334232
DALYs (Disability-Adjusted Life Years),Georgia,Both,Age-standardized,All causes,Rate,2019,28867.640118705538,32020.6280171629,26168.19544896185
DALYs (Disability-Adjusted Life Years),United Republic of Tanzania,Both,Age-standardized,All causes,Rate,2019,47733.9027975285,54399.70718802079,41637.93711016823
DALYs (Disability-Adjusted Life Years),Romania,Both,Age-standardized,All causes,Rate,2021,31042.926984227244,34067.13775423393,28422.998449045594
DALYs (Disability-Adjusted Life Years),Iceland,Both,Age-standardized,All causes,Rate,2021,18175.26697285653,21508.20450829401,15625.090933613408
DALYs (Disability-Adjusted Life Years),United Republic of Tanzania,Both,Age-standardized,All causes,Rate,2021,54679.33987546608,61660.562836022305,48309.28890519999
DALYs (Disability-Adjusted Life Years),Togo,Both,Age-standardized,All causes,Rate,2021,55671.40787224862,65861.1938121369,47288.94392914987
DALYs (Disability-Adjusted Life Years),Kuwait,Both,Age-standardized,All causes,Rate,2021,21885.01776940039,25756.86494131284,18629.202204850404
DALYs (Disability-Adjusted Life Years),Greenland,Both,Age-standardized,All causes,Rate,2021,31970.868463876322,35949.061354589554,28458.060253229327
DALYs (Disability-Adjusted Life Years),Kiribati,Both,Age-standardized,All causes,Rate,2019,53102.63001795068,61733.54018191868,46034.89112533021
DALYs (Disability-Adjusted Life Years),Saudi Arabia,Both,Age-standardized,All causes,Rate,2019,30869.479553645757,35072.06391850542,26767.815508191772
DALYs (Disability-Adjusted Life Years),Latvia,Both,Age-standardized,All causes,Rate,2019,26477.035181781237,29655.465701582707,23827.16219533749
DALYs (Disability-Adjusted Life Years),Nepal,Both,Age-standardized,All causes,Rate,2019,36750.383389988325,42465.43031525457,31852.248416693306
DALYs (Disability-Adjusted Life Years),Niger,Both,Age-standardized,All causes,Rate,2019,55541.531694752644,65928.43258467525,47275.72795294839
DALYs (Disability-Adjusted Life Years),South Sudan,Both,Age-standardized,All causes,Rate,2019,76071.15631839535,91487.68991516929,63272.095038156294
DALYs (Disability-Adjusted Life Years),Bolivia (Plurinational State of),Both,Age-standardized,All causes,Rate,2021,47797.542672888194,54408.86511122641,42446.892553171485
DALYs (Disability-Adjusted Life Years),Gambia,Both,Age-standardized,All causes,Rate,2021,55745.1178397864,63210.38660649927,47948.79427077889
DALYs (Disability-Adjusted Life Years),Saint Kitts and Nevis,Both,Age-standardized,All causes,Rate,2021,34427.55294842286,39538.16180454722,30398.91973530262
DALYs (Disability-Adjusted Life Years),Nauru,Both,Age-standardized,All causes,Rate,2019,57661.23708534707,68477.29390617758,49228.765270093725
DALYs (Disability-Adjusted Life Years),Argentina,Both,Age-standardized,All causes,Rate,2020,27090.648904859783,30321.565895419422,24396.848451777474
DALYs (Disability-Adjusted Life Years),Bolivia (Plurinational State of),Both,Age-standardized,All causes,Rate,2020,44444.8517688751,50861.988433067825,39444.25151175337
DALYs (Disability-Adjusted Life Years),Venezuela (Bolivarian Republic of),Both,Age-standardized,All causes,Rate,2020,37254.638174325635,43565.99416068301,32082.097612466387
DALYs (Disability-Adjusted Life Years),Latvia,Both,Age-standardized,All causes,Rate,2020,27014.43742638993,30045.182870520825,24335.087216993612
DALYs (Disability-Adjusted Life Years),Yemen,Both,Age-standardized,All causes,Rate,2020,49121.19775001883,56767.65947484126,42590.17313664651
DALYs (Disability-Adjusted Life Years),Israel,Both,Age-standardized,All causes,Rate,2020,17877.773374477198,21024.585486259828,15320.610583828955
DALYs (Disability-Adjusted Life Years),Philippines,Both,Age-standardized,All causes,Rate,2020,34088.508390711555,37382.644523222334,31280.359047389244
DALYs (Disability-Adjusted Life Years),Solomon Islands,Both,Age-standardized,All causes,Rate,2020,47214.86895479812,55831.526807588896,40015.62550087503
DALYs (Disability-Adjusted Life Years),Lesotho,Both,Age-standardized,All causes,Rate,2020,99559.36539075294,111899.75795305562,88205.47700591569
DALYs (Disability-Adjusted Life Years),Central African Republic,Both,Age-standardized,All causes,Rate,2020,99848.74086446289,117483.79303585757,85669.05724832197
DALYs (Disability-Adjusted Life Years),Vanuatu,Both,Age-standardized,All causes,Rate,2021,47256.91435491835,54092.53044374229,41314.880463232854
DALYs (Disability-Adjusted Life Years),Thailand,Both,Age-standardized,All causes,Rate,2021,27341.34131732614,32037.252793989024,23403.824530517493
DALYs (Disability-Adjusted Life Years),Argentina,Both,Age-standardized,All causes,Rate,2021,27299.19184882264,30622.501991522473,24636.27078034009
DALYs (Disability-Adjusted Life Years),Venezuela (Bolivarian Republic of),Both,Age-standardized,All causes,Rate,2021,38861.34960077261,45342.085901609025,33231.7099522535
DALYs (Disability-Adjusted Life Years),Togo,Both,Age-standardized,All causes,Rate,2020,53896.641963189984,63892.45251948803,45812.674669250315
DALYs (Disability-Adjusted Life Years),Slovakia,Both,Age-standardized,All causes,Rate,2021,28066.825394060972,31198.26873711007,25460.207799526357
DALYs (Disability-Adjusted Life Years),Saint Kitts and Nevis,Both,Age-standardized,All causes,Rate,2020,31707.753023620888,36448.067900858514,27977.805195883255
DALYs (Disability-Adjusted Life Years),Yemen,Both,Age-standardized,All causes,Rate,2021,51473.73785417683,59851.830024193776,44413.6905743574
DALYs (Disability-Adjusted Life Years),Israel,Both,Age-standardized,All causes,Rate,2021,18045.000977327687,21131.40109670428,15494.20468568716
DALYs (Disability-Adjusted Life Years),Guinea,Both,Age-standardized,All causes,Rate,2021,64783.152150397735,75303.93216199304,56300.86806690422
DALYs (Disability-Adjusted Life Years),Central African Republic,Both,Age-standardized,All causes,Rate,2021,97933.08183767211,115834.07790888354,83455.46936357378
DALYs (Disability-Adjusted Life Years),Tokelau,Both,Age-standardized,All causes,Rate,2021,45333.294838442824,50829.61519551481,41194.89498886902
DALYs (Disability-Adjusted Life Years),Lesotho,Both,Age-standardized,All causes,Rate,2021,117884.91247655811,131759.83834511624,104712.7173604046
